d,D,B,C,C0,Pu,Referenzdrehzahl,Grenzdrehzahl,Gewicht_kg,Kurzzeichen_Lager_mit_zylindrischer_Bohrung,Kurzzeichen_Lager_mit_kegeliger_Bohrung,d,d2,D1,r12,s1_max,s2_max,da_min,da_max,Da_min,Da_max,Ca_min,ra_max,k1,k2
30,55,45,134.0,180.0,21.2,-,3200,0.49,C 6006 V,-,30,38.5,47.3,1.0,7.9,4.9,34.6,43,-,50.4,-,1.0,0.102,0.096
30,62,20,69.5,62.0,7.2,11000,15000,0.28,C 2206 TN9,C 2206 KTN9,30,37.4,53.1,1.0,4.5,-,35.6,37.4,50.6,56.4,0.3,1.0,0.101,0.111
30,62,20,76.5,71.0,8.3,-,6000,0.29,C 2206 V,-,30,37.4,53.1,1.0,4.5,1.5,35.6,49,-,56.4,-,1.0,0.101,0.111
35,72,23,83.0,80.0,9.3,9500,13000,0.44,C 2207 TN9,C 2207 KTN9,35,44.8,60.7,1.1,5.7,-,42,44.8,58.5,65.0,0.1,1.0,0.094,0.121
35,72,23,95.0,96.0,11.2,-,5300,0.46,C 2207 V,-,35,44.8,60.7,1.1,5.7,2.7,42,57,-,65.0,-,1.0,0.094,0.121
40,62,22,76.5,100.0,11.8,-,4300,0.25,C 4908 V,-,40,46.1,55.3,0.6,4.7,1.7,43.2,52,-,58.8,-,0.6,0.099,0.114
40,80,23,90.0,86.5,10.2,8000,11000,0.51,C 2208 TN9,C 2208 KTN9,40,52.4,69.9,1.1,7.1,-,47,52.4,67.1,73.0,0.3,1.0,0.093,0.128
40,80,23,102.0,104.0,12.2,-,4500,0.53,C 2208 V,-,40,52.4,69.9,1.1,7.1,4.1,47,66,-,73.0,-,1.0,0.093,0.128
45,68,40,132.0,200.0,23.6,-,2600,0.53,C 6909 V,-,45,52.0,59.5,0.6,9.4,6.4,48.2,55,-,64.8,-,0.6,0.091,0.113
45,85,23,93.0,93.0,10.8,7500,11000,0.56,C 2209 TN9,C 2209 KTN9,45,55.6,73.1,1.1,7.1,-,52,55.6,70.4,78.0,0.3,1.0,0.095,0.128
45,85,23,106.0,110.0,12.9,-,4300,0.58,C 2209 V,-,45,55.6,73.1,1.1,7.1,4.1,52,69,-,78.0,-,1.0,0.095,0.128
50,72,22,86.5,125.0,14.6,-,3600,0.29,C 4910 V,-,50,56.9,66.1,0.6,4.7,1.7,53.2,62,-,68.8,-,0.6,0.103,0.114
50,72,40,140.0,224.0,26.0,-,2400,0.54,C 6910 V,-,50,57.5,65.0,0.6,9.4,6.4,53.2,61,-,68.8,-,0.6,0.093,0.113
50,80,30,116.0,140.0,16.3,5600,7500,0.55,C 4010 TN9,-,50,57.6,70.8,1.0,6,-,54.6,57.6,69.7,75.4,0.1,1.0,0.103,0.107
50,80,30,137.0,176.0,20.8,-,3000,0.58,C 4010 V,-,50,57.6,70.8,1.0,6,3,54.6,67,-,75.4,-,1.0,0.103,0.107
50,90,23,98.0,100.0,11.8,7000,9500,0.6,C 2210 TN9,C 2210 KTN9,50,61.9,79.4,1.1,7.1,-,57,61.9,76.7,83.0,-0.8,1.0,0.097,0.128
50,90,23,114.0,122.0,14.3,-,3800,0.63,C 2210 V,-,50,61.9,79.4,1.1,7.1,3.9,57,73,-,83.0,-,1.0,0.097,0.128
55,80,45,180.0,300.0,35.5,-,2200,0.78,C 6911 V,-,55,62.7,71.5,1.0,7.9,4.9,59.6,67,-,75.4,-,1.0,0.107,0.096
55,100,25,116.0,114.0,13.4,6300,9000,0.8,C 2211 TN9,C 2211 KTN9,55,65.8,86.7,1.5,8.6,-,64,65.8,83.1,91.0,0.3,1.5,0.094,0.133
55,100,25,132.0,134.0,15.6,-,3400,0.82,C 2211 V,C 2211 KV,55,65.8,86.7,1.5,8.6,5.4,64,80,-,91.0,-,1.5,0.094,0.133
60,85,45,190.0,335.0,39.0,-,-,0.83,C 6912-2NSV,-,60,68.7,77.5,1.0,-,0.5,64.6,68.7,-,80.4,-,1.0,0.108,0.096
60,85,45,190.0,335.0,39.0,-,1900,0.83,C 6912 V,-,60,68.7,77.5,1.0,7.9,4.7,64.6,72,-,80.4,-,1.0,0.108,0.096
60,110,28,143.0,156.0,18.3,5600,7500,1.1,C 2212 TN9,C 2212 KTN9,60,77.1,97.9,1.5,8.5,-,69,77.1,94.7,101.0,0.3,1.5,0.1,0.123
60,110,28,166.0,190.0,22.4,-,2800,1.15,C 2212 V,C 2212 KV,60,77.1,97.9,1.5,8.5,5.3,69,91,-,101.0,-,1.5,0.1,0.123
65,100,35,102.0,173.0,20.4,-,150,1.05,C 4013-2CS5V/GEM9,-,65,78.6,87.5,1.1,-,5.9,71,78.6,-,94.0,-,1.0,0.071,0.181
65,120,31,180.0,180.0,21.2,5300,7500,1.45,C 2213 TN9,C 2213 KTN9,65,79.0,106.0,1.5,9.6,-,74,79,102,111.0,0.2,1.5,0.097,0.127
65,120,31,204.0,216.0,25.5,-,2400,1.5,C 2213 V,C 2213 KV,65,79.0,106.0,1.5,9.6,5.3,74,97,-,111.0,-,1.5,0.097,0.127
70,125,31,186.0,196.0,22.8,5000,7000,1.5,C 2214 TN9,C 2214 KTN9,70,83.7,111.0,1.5,9.6,-,79,83.7,107,116.0,0.4,1.5,0.098,0.127
70,125,31,212.0,228.0,26.5,-,2400,1.55,C 2214 V,-,70,83.7,111.0,1.5,9.6,5.3,79,102,-,116.0,-,1.5,0.098,0.127
70,150,51,405.0,430.0,49.0,3800,5000,4.3,C 2314,C 2314 K,70,91.4,130.0,2.1,9.1,-,82,106,119,138.0,2.2,2.0,0.11,0.099
75,105,40,166.0,232.0,30.0,-,130,3.9,C 5915-2CS5V/GEM9,-,75,82.9,96.1,1.0,-,5,79.6,84.1,-,100.0,-,1.0,0.083,0.142
75,105,40,204.0,325.0,38.0,-,1900,1.1,C 5915 V,-,75,83.6,95.5,1.0,9.4,6.2,79.6,89,-,100.0,-,1.0,0.098,0.114
75,105,54,204.0,325.0,37.5,-,140,1.4,C 6915-2CS5V/GEM9,-,75,83.6,95.5,1.0,-,7.1,79.6,83,-,100.0,-,1.0,0.073,0.154
75,105,54,204.0,325.0,37.5,-,1900,1.4,C 6915 V/VE240,-,75,83.6,95.5,1.0,9.2,9.2,79.6,88,-,100.0,-,1.0,0.073,0.154
75,115,40,208.0,345.0,40.5,-,2000,1.6,C 4015 V,-,75,88.7,101.0,1.1,9.4,5.1,81,94,-,109.0,-,1.0,0.099,0.114
75,130,31,196.0,208.0,24.0,4800,6700,1.6,C 2215,C 2215 K,75,88.5,116.0,1.5,9.6,-,84,98.3,106,121.0,1.2,1.5,0.099,0.127
75,130,31,220.0,240.0,28.0,-,2200,1.65,C 2215 V,C 2215 KV,75,88.5,116.0,1.5,9.6,5.3,84,107,-,121.0,-,1.5,0.099,0.127
75,160,55,425.0,465.0,52.0,3600,4800,5.3,C 2315,C 2315 K,75,98.5,137.0,2.1,13.1,-,87,113,126,148.0,2.2,2.0,0.103,0.107
80,140,33,220.0,250.0,28.5,4300,6000,2.05,C 2216,C 2216 K,80,98.1,125.0,2.0,9.1,-,91,107,116,129.0,1.2,2.0,0.104,0.121
80,140,33,255.0,305.0,34.5,-,2000,2.15,C 2216 V,C 2216 KV,80,98.1,125.0,2.0,9.1,4.8,91,116,-,129.0,-,2.0,0.104,0.121
80,170,58,510.0,550.0,60.0,3400,4500,6.3,C 2316,C 2316 K,80,102.0,146.0,2.1,10.1,-,92,119,133,158.0,2.4,2.0,0.107,0.101
85,150,36,275.0,320.0,35.5,4000,5600,2.65,C 2217,C 2217 K,85,103.0,133.0,2.0,7.1,-,96,114,123,139.0,1.3,2.0,0.114,0.105
85,180,60,540.0,600.0,64.0,3200,4300,7.4,C 2317,C 2317 K,85,110.0,153.0,3.0,12.1,-,99,126,141,166.0,2.4,2.5,0.105,0.105
90,125,46,193.0,325.0,37.5,2600,4000,1.75,C 5918 MB,-,90,100.0,113.0,1.1,2.9,-,96,99,113,119.0,-0.9,1.0,0.0,0.131
90,125,46,224.0,400.0,44.0,-,110,1.75,C 5918-2CS5V/GEM9,-,90,102.0,113.0,1.1,-,4.5,96,101,-,119.0,-,1.0,0.089,0.131
90,125,46,224.0,400.0,45.5,-,1600,1.75,C 5918 V,-,90,102.0,113.0,1.1,15.4,11.1,96,106,-,119.0,-,1.0,0.089,0.131
90,160,40,325.0,380.0,41.5,3800,5300,3.3,C 2218,C 2218 K,90,111.0,144.0,2.0,9.5,-,101,124,133,149.0,1.4,2.0,0.104,0.117
90,190,64,610.0,695.0,73.5,2800,4000,8.65,C 2318,C 2318 K,90,119.0,166.0,3.0,9.6,-,104,138,154,176.0,2,2.5,0.108,0.101
95,200,67,610.0,695.0,73.5,2800,4000,10.0,C 2319,C 2319 K,95,119.0,166.0,3.0,12.6,-,109,138,154,186.0,2.1,2.5,0.103,0.106
100,150,50,355.0,530.0,58.5,-,1400,3.05,C 4020 V,-,100,113.0,135.0,1.5,14,9.7,107,126,-,143.0,-,1.5,0.098,0.118
100,150,67,510.0,865.0,95.0,-,1100,4.3,C 5020 V,-,100,114.0,136.0,1.5,9.3,5,107,127,-,143.0,-,1.5,0.112,0.094
100,165,52,475.0,655.0,71.0,-,1300,4.45,C 3120 V,-,100,119.0,150.0,2.0,10.1,4.7,111,136,-,154.0,-,2.0,0.112,0.1
100,165,65,475.0,655.0,69.5,-,90,5.2,C 4120-2CS5V/GEM9,-,100,120.0,148.0,2.0,-,7.3,111,119,-,154.0,-,2.0,0.09,0.125
100,165,65,475.0,655.0,71.0,-,1300,5.3,C 4120 V/VE240,-,100,120.0,148.0,2.0,17.7,17.7,111,135,-,154.0,-,2.0,0.09,0.125
100,180,46,415.0,465.0,49.0,3600,4800,4.95,C 2220,C 2220 K,100,118.0,157.0,2.1,10.1,-,112,134,146,168.0,0.9,2.0,0.108,0.11
100,215,73,800.0,880.0,90.0,2600,3600,12.5,C 2320,C 2320 K,100,126.0,185.0,3.0,11,-,114,150,168,201.0,3.2,2.5,0.113,0.096
110,170,60,415.0,585.0,63.0,-,85,4.6,C 4022-2CS5V/GEM9,-,110,128.0,155.0,2.0,-,7.9,119,127,-,161.0,-,2.0,0.142,0.083
110,170,60,430.0,655.0,69.5,2600,3400,5.3,C 4022 MB,-,110,126.0,150.0,2.0,4.8,-,120,125,146,160.0,1.3,2.0,0.0,0.103
110,170,60,500.0,800.0,85.0,-,1200,5.2,C 4022 V,-,110,126.0,150.0,2.0,12,6.6,120,136,-,160.0,-,2.0,0.107,0.103
110,180,69,500.0,710.0,75.0,-,80,6.6,C 4122-2CS5V/GEM9,-,110,130.0,161.0,2.0,-,8.2,121,130,-,169.0,-,2.0,0.086,0.133
110,180,69,670.0,1000.0,104.0,-,900,7.1,C 4122 V,-,110,132.0,163.0,2.0,11.4,4.6,121,149,-,169.0,-,2.0,0.111,0.097
110,200,53,530.0,620.0,64.0,3200,4300,7.0,C 2222,C 2222 K,110,132.0,176.0,2.1,11.1,-,122,150,161,188.0,1.9,2.0,0.113,0.103
120,180,46,430.0,640.0,65.5,-,1400,4.1,C 3024 V,-,120,138.0,166.0,2.0,10.6,3.8,130,154,-,170.0,-,2.0,0.111,0.109
120,180,60,430.0,640.0,67.0,-,80,5.1,C 4024-2CS5V/GEM9,-,120,140.0,164.0,2.0,-,7.5,129,139,-,171.0,-,2.0,0.085,0.142
120,180,60,430.0,640.0,65.5,-,1400,5.05,C 4024 V/VE240,C 4024 K30V/VE240,120,139.0,164.0,2.0,17.8,17.8,130,152,-,170.0,-,2.0,0.085,0.142
120,180,60,530.0,880.0,91.5,-,1100,5.55,C 4024 V,C 4024 K30V,120,140.0,164.0,2.0,12,5.2,130,152,-,170.0,-,2.0,0.109,0.103
120,200,80,780.0,1120.0,114.0,-,750,10.0,C 4124 V,-,120,140.0,176.0,2.0,18,11.2,131,160,-,189.0,-,2.0,0.104,0.103
120,215,76,750.0,980.0,98.0,2400,3200,12.0,C 3224,C 3224 K,120,149.0,190.0,2.1,17.1,-,132,162,179,203.0,2.4,2.0,0.103,0.108
130,200,69,550.0,830.0,85.0,-,70,7.5,C 4026-2CS5V/GEM9,-,130,152.0,182.0,2.0,-,8.2,139,151,-,191.0,-,2.0,0.089,0.133
130,200,69,620.0,930.0,93.0,2200,2800,7.85,C 4026,C 4026 K30,130,149.0,181.0,2.0,11.4,-,140,157,174,190.0,1.9,2.0,0.113,0.097
130,200,69,720.0,1120.0,112.0,-,850,8.15,C 4026 V,C 4026 K30V,130,149.0,181.0,2.0,11.4,4.6,140,167,-,190.0,-,2.0,0.113,0.097
130,210,80,750.0,1100.0,108.0,-,70,10.5,C 4126-2CS5V/GEM9,-,130,153.0,190.0,2.0,-,7.5,141,152,-,199.0,-,2.0,0.09,0.126
130,230,64,735.0,930.0,91.5,2800,3800,11.5,C 2226,C 2226 K,130,152.0,199.0,3.0,9.6,-,144,171,185,216.0,1.1,2.5,0.113,0.101
130,280,93,980.0,1220.0,114.0,2400,3200,27.0,C 2326 K/VE240,-,130,179.0,234.0,4.0,31.2,-,-,-,216,263.0,-7.5,3.0,0.093,0.122
140,210,69,750.0,1220.0,120.0,-,800,8.6,C 4028 V,C 4028 K30V,140,161.0,193.0,2.0,11.4,5.9,150,177,-,200.0,-,2.0,0.115,0.097
140,225,85,780.0,1200.0,116.0,-,63,12.5,C 4128-2CS5V/GEM9,-,140,167.0,204.0,2.1,-,8.9,152,166,-,213.0,-,2.0,0.086,0.134
140,225,85,780.0,1200.0,116.0,-,800,12.5,C 4128 V/VE240,-,140,166.0,204.0,2.1,9.7,9.7,152,189,-,213.0,-,2.0,0.086,0.134
140,250,68,830.0,1060.0,102.0,2400,3200,14.0,C 2228,C 2228 K,140,173.0,223.0,3.0,13.7,-,154,191,207,236.0,2.3,2.5,0.109,0.108
150,225,56,540.0,850.0,81.5,2400,3200,8.45,C 3030 MB,-,150,173.0,204.0,2.1,8.7,-,161,172,198,214.0,1.3,2.0,0.0,0.108
150,225,56,585.0,960.0,93.0,-,1000,8.0,C 3030 V,C 3030 KV,150,174.0,204.0,2.1,14.1,7.3,161,190,-,214.0,-,2.0,0.113,0.108
150,225,75,585.0,965.0,93.0,-,63,10.0,C 4030-2CS5V/GEM9,-,150,175.0,204.0,2.1,-,10.8,161,174,-,214.0,-,2.0,0.084,0.144
150,225,75,780.0,1320.0,127.0,-,750,10.5,C 4030 V,C 4030 K30V,150,173.0,204.0,2.1,17.4,10.6,161,189,-,214.0,-,2.0,0.107,0.106
150,250,80,880.0,1290.0,122.0,2000,2800,15.5,C 3130,C 3130 K,150,182.0,226.0,2.1,13.9,-,162,196,214,238.0,2.3,2.0,0.12,0.092
150,250,100,1220.0,1860.0,176.0,-,450,20.0,C 4130 V,-,150,179.0,222.0,2.1,20,10.1,162,204,-,238.0,-,2.0,0.105,0.103
150,270,73,980.0,1220.0,114.0,2400,3200,18.0,C 2230,C 2230 K,150,177.0,236.0,3.0,11.2,-,164,202,215,256.0,2.5,2.5,0.119,0.096
160,240,80,765.0,1160.0,110.0,1700,2400,12.5,C 4032,C 4032 K30,160,181.0,217.0,2.1,18.1,-,171,190,209,229.0,2.2,2.0,0.109,0.103
160,240,80,830.0,1290.0,122.0,-,60,12.5,C 4032-2CS5V/GEM9,-,160,180.0,218.0,2.1,-,7.7,171,180,-,229.0,-,2.0,0.093,0.126
160,240,80,915.0,1460.0,140.0,-,600,13.0,C 4032 V,C 4032 K30V,160,181.0,217.0,2.1,18.1,8.2,171,199,-,229.0,-,2.0,0.109,0.103
160,270,86,1000.0,1400.0,129.0,1900,2600,21.5,C 3132,C 3132 K,160,191.0,240.0,2.1,10.3,-,172,208,229,258.0,2.4,2.0,0.112,0.099
160,290,104,1370.0,1830.0,170.0,1800,2400,29.5,C 3232,C 3232 K,160,194.0,256.0,3.0,19.3,-,174,218,242,276.0,2.6,2.5,0.112,0.096
170,260,67,750.0,1080.0,100.0,2200,2800,12.5,C 3034 M,-,170,195.0,236.0,2.1,19,-,181,210,226,249.0,1.2,2.0,0.105,0.117
170,260,90,1140.0,1860.0,173.0,-,500,17.5,C 4034 V,C 4034 K30V,170,195.0,236.0,2.1,17.1,7.2,181,218,-,249.0,-,2.0,0.108,0.103
170,310,86,1270.0,1630.0,146.0,1900,2600,28.0,C 2234,C 2234 K,170,209.0,274.0,4.0,16.4,-,187,233,254,293.0,3,3.0,0.114,0.1
180,280,74,880.0,1340.0,122.0,2000,2600,17.0,C 3036,C 3036 K,180,209.0,251.0,2.1,15.1,-,191,223,239,269.0,2,2.0,0.112,0.105
180,280,100,1320.0,2120.0,196.0,-,430,23.5,C 4036 V,-,180,203.0,247.0,2.1,20.1,10.2,191,229,-,269.0,-,2.0,0.107,0.103
180,300,96,1250.0,1730.0,156.0,1700,2400,26.5,C 3136,C 3136 K,180,210.0,266.0,3.0,23.2,-,194,231,252,286.0,2.2,2.5,0.102,0.111
180,300,118,1760.0,2700.0,240.0,-,220,34.5,C 4136 V,-,180,211.0,265.0,3.0,20,10.1,194,223,-,286.0,-,2.5,0.1,0.108
180,320,112,1530.0,2200.0,193.0,1500,2000,38.0,C 3236,C 3236 K,180,228.0,289.0,4.0,27.3,-,197,249,271,303.0,3.2,3.0,0.107,0.104
190,290,75,930.0,1460.0,132.0,1800,2400,17.5,C 3038,C 3038 K,190,225.0,266.0,2.1,16.1,-,201,238,254,279.0,1.9,2.0,0.113,0.107
190,320,104,1700.0,2550.0,224.0,-,190,34.0,C 3138 V,C 3138 KV,190,228.0,289.0,3.0,19,9.1,204,267,-,306.0,-,2.5,0.115,0.096
190,340,92,1370.0,1730.0,153.0,1800,2400,34.5,C 2238,C 2238 K,190,224.0,296.0,4.0,22.5,-,207,254,275,323.0,1.6,3.0,0.108,0.108
200,310,82,1120.0,1730.0,153.0,1700,2400,22.5,C 3040,C 3040 K,200,235.0,285.0,2.1,15.2,-,211,250,272,299.0,2.9,2.0,0.123,0.095
200,310,109,1630.0,2650.0,236.0,-,260,30.5,C 4040 V,,200,228.0,280.0,2.1,21,11.1,211,263,-,299.0,-,2.0,0.11,0.101
200,340,112,1600.0,2320.0,200.0,1500,2000,41.0,C 3140,C 3140 K,200,244.0,305.0,3.0,27.3,-,214,264,288,326.0,-0.6,2.5,0.108,0.104
220,340,90,1320.0,2040.0,176.0,1600,2200,29.5,C 3044,C 3044 K,220,257.0,310.0,3.0,17.2,-,233,274,295,327.0,3.1,2.5,0.114,0.104
220,340,118,1930.0,3250.0,280.0,-,200,40.0,C 4044 V,C 4044 K30V,220,251.0,306.0,3.0,20,10.1,233,284,-,327.0,-,2.5,0.115,0.095
220,370,120,1900.0,2900.0,245.0,1400,1800,52.0,C 3144,C 3144 K,220,268.0,333.0,4.0,22.3,-,237,290,315,353.0,3.5,3.0,0.114,0.097
220,400,108,2000.0,2500.0,208.0,1500,2000,57.5,C 2244,C 2244 K,220,259.0,350.0,4.0,20.5,-,237,298,321,383.0,1.7,3.0,0.113,0.101
240,360,92,1340.0,2160.0,183.0,1500,2000,32.0,C 3048,C 3048 K,240,276.0,329.0,3.0,19.2,-,253,293,312,347.0,1.3,2.5,0.113,0.106
240,400,128,2320.0,3450.0,285.0,1300,1700,64.0,C 3148,C 3148 K,240,281.0,357.0,4.0,20.4,-,257,309,334,383.0,3.7,3.0,0.116,0.095
260,400,104,1760.0,2850.0,232.0,1300,1800,47.0,C 3052,C 3052 K,260,305.0,367.0,4.0,19.3,-,275,326,349,385.0,3.4,3.0,0.122,0.096
260,440,144,2650.0,4050.0,325.0,1100,1500,88.0,C 3152,C 3152 K,260,314.0,394.0,4.0,26.4,-,277,341,371,423.0,4.1,3.0,0.115,0.096
280,420,106,1860.0,3100.0,250.0,1200,1600,50.5,C 3056,C 3056 K,280,328.0,389.0,4.0,21.3,-,295,352,373,405.0,1.8,3.0,0.121,0.098
280,460,146,2850.0,4500.0,355.0,1100,1400,94.5,C 3156,C 3156 K,280,336.0,416.0,5.0,28.4,-,300,363,392,440.0,4.1,4.0,0.115,0.097
300,460,118,2160.0,3750.0,290.0,1100,1500,72.0,C 3060 M,C 3060 KM,300,351.0,417.0,4.0,20,-,315,376,402,445.0,1.7,3.0,0.123,0.095
300,460,160,2900.0,4900.0,390.0,900,1200,95.5,C 4060 M,C 4060 K30M,300,338.0,410.0,4.0,30.4,-,315,362,396,445.0,2.8,3.0,0.105,0.106
300,500,160,3250.0,5200.0,400.0,950,1300,125.0,C 3160,C 3160 K,300,362.0,448.0,5.0,30.5,-,320,392,422,480.0,4.9,4.0,0.106,0.106
320,480,121,2280.0,4000.0,305.0,1000,1400,78.0,C 3064 M,C 3064 KM,320,375.0,441.0,4.0,23.3,-,335,398,426,465.0,1.8,3.0,0.121,0.098
320,540,176,4150.0,6300.0,480.0,900,1300,164.0,C 3164 M,C 3164 KM,320,371.0,477.0,5.0,26.7,-,340,411,452,520.0,4.2,4.0,0.114,0.096
340,520,133,2900.0,5000.0,375.0,950,1300,100.0,C 3068 M,C 3068 KM,340,394.0,475.0,5.0,25,-,358,430,454,502.0,2.1,4.0,0.12,0.099
340,580,190,4900.0,7500.0,560.0,850,1100,205.0,C 3168 M,C 3168 KM,340,402.0,517.0,5.0,25.9,-,360,446,489,560.0,4.2,4.0,0.118,0.093
340,580,243,5600.0,9150.0,680.0,670,900,271.0,C 4168 K30MB,,340,403.0,514.0,5.0,20.2,-,-,-,487,560.0,10.7,4.0,0.0,0.096
360,480,90,1760.0,3250.0,245.0,1000,1400,45.0,C 3972 M,C 3972 KM,360,394.0,450.0,3.0,17.2,-,373,409,435,467.0,1.6,2.5,0.127,0.104
360,540,134,2900.0,5000.0,375.0,900,1300,106.0,C 3072 M,C 3072 KM,360,416.0,497.0,5.0,26.4,-,378,448,476,522.0,2,4.0,0.12,0.099
360,600,192,5000.0,8000.0,585.0,800,1100,220.0,C 3172 M,C 3172 KM,360,423.0,537.0,5.0,27.9,-,380,464,507,580.0,3.9,4.0,0.117,0.094
380,560,135,3000.0,5200.0,380.0,900,1200,110.0,C 3076 M,C 3076 KM,380,431.0,512.0,5.0,27,-,398,462,491,542.0,2,4.0,0.12,0.1
380,620,194,4400.0,7200.0,520.0,750,1000,243.0,C 3176 MB,C 3176 KMB,380,446.0,551.0,5.0,25.4,-,400,445,526,600.0,7.3,4.0,0.0,0.106
400,540,106,2120.0,4000.0,290.0,900,1300,66.5,C 3980 KM,-,400,439.0,501.0,4.0,21,-,-,-,487,525.0,1.8,3.0,0.13,0.098
400,600,148,3650.0,6200.0,450.0,800,1100,145.0,C 3080 M,C 3080 KM,400,457.0,554.0,5.0,30.6,-,418,486,523,582.0,2.1,4.0,0.121,0.099
400,650,200,4800.0,8300.0,585.0,700,950,258.0,C 3180 M,C 3180 KM,400,488.0,589.0,6.0,50.7,-,426,525,566,624.0,4,5.0,0.106,0.109
420,560,106,2160.0,4250.0,310.0,850,1200,72.0,C 3984 M,C 3984 KM,420,461.0,523.0,4.0,21.3,-,435,484,510,545.0,1.8,3.0,0.132,0.098
420,620,150,3800.0,6400.0,455.0,800,1100,150.0,C 3084 M,C 3084 KM,420,475.0,571.0,5.0,32.6,-,438,513,544,602.0,2.2,4.0,0.12,0.1
420,700,224,6000.0,10400.0,720.0,670,900,355.0,C 3184 M,C 3184 KM,420,507.0,618.0,6.0,34.8,-,446,544,592,674.0,3.8,5.0,0.113,0.098
440,650,157,3750.0,6400.0,450.0,750,1000,190.0,C 3088 MB,C 3088 KMB,440,490.0,587.0,6.0,24.6,-,463,489,563,627.0,1.7,5.0,0.0,0.105
440,720,226,6700.0,11400.0,780.0,630,850,385.0,C 3188 MB,C 3188 KMB,440,522.0,647.0,6.0,16,-,466,521,613,694.0,7.5,5.0,0.0,0.099
440,720,280,7500.0,12900.0,900.0,500,670,471.0,C 4188 MB,C 4188 K30MB,440,510.0,637.0,6.0,27.8,-,466,509,606,694.0,7.3,5.0,0.0,0.1
460,680,163,4000.0,7500.0,520.0,700,950,205.0,C 3092 M,C 3092 KM,460,539.0,624.0,6.0,33.5,-,483,570,604,657.0,2.3,5.0,0.114,0.108
460,760,240,6800.0,12000.0,815.0,600,800,435.0,C 3192 M,C 3192 KM,460,559.0,679.0,7.5,51,-,492,603,651,728.0,4.2,6.0,0.108,0.105
460,760,300,8650.0,15000.0,1020.0,480,630,571.0,C 4192 MB,C 4192 K30MB,460,537.0,671.0,7.5,23.3,-,477,536,638,728.0,12.6,6.0,0.0,0.097
460,830,296,9300.0,15000.0,1000.0,530,750,735.0,C 3292 MB,C 3292 KMB,460,555.0,720.0,7.5,32.4,-,492,554,676,798.0,11,6.0,0.0,0.106
480,650,128,3100.0,6100.0,425.0,750,1000,120.0,C 3996 M,-,480,528.0,604.0,5.0,20.4,-,498,552,585,632.0,2,4.0,0.133,0.095
480,700,165,4050.0,7800.0,530.0,670,900,215.0,C 3096 M,C 3096 KM,480,555.0,640.0,6.0,35.5,-,503,586,620,677.0,2.3,5.0,0.113,0.11
480,790,248,6950.0,12500.0,830.0,560,750,523.0,C 3196 MB,C 3196 KMB,480,578.0,701.0,7.5,35.1,-,512,577,673,758.0,8.7,6.0,0.0,0.109
500,670,128,3150.0,6300.0,430.0,700,950,125.0,C 39/500 M,C 39/500 KM,500,555.0,632.0,5.0,20.4,-,518,580,614,652.0,2,4.0,0.135,0.095
500,720,167,4250.0,8300.0,560.0,630,900,225.0,C 30/500 M,-,500,571.0,656.0,6.0,37.5,-,523,600,637,697.0,2.3,5.0,0.113,0.111
500,830,264,7500.0,12700.0,850.0,530,750,560.0,C 31/500 M,C 31/500 KM,500,605.0,738.0,7.5,75.3,-,532,654,706,798.0,-11.7,6.0,0.099,0.116
500,830,325,9800.0,17600.0,1160.0,430,560,710.0,C 41/500 M,C 41/500 K30M,500,600.0,740.0,7.5,46.3,-,532,637,721,798.0,5.9,6.0,0.115,0.093
530,780,185,5100.0,9500.0,630.0,600,800,300.0,C 30/530 M,C 30/530 KM,530,601.0,705.0,6.0,35.7,-,553,638,681,757.0,2.5,5.0,0.12,0.101
530,870,272,8800.0,15600.0,1020.0,500,670,636.0,C 31/530 M,C 31/530 KM,530,635.0,781.0,7.5,44.4,-,562,685,745,838.0,5.4,6.0,0.115,0.097
560,750,140,3600.0,7350.0,490.0,600,850,175.0,C 39/560 M,C 39/560 KM,560,621.0,701.0,5.0,32.4,-,578,648,682,732.0,2.3,4.0,0.128,0.104
560,820,195,5600.0,11000.0,720.0,530,750,350.0,C 30/560 M,C 30/560 KM,560,659.0,761.0,6.0,45.7,-,583,696,736,797.0,2.7,5.0,0.116,0.106
560,920,355,10400.0,19600.0,1270.0,380,500,989.0,C 41/560 K30MB,-,560,664.0,802.0,7.5,23,-,-,-,770,888.0,13.8,6.0,0.0,0.101
600,870,200,6300.0,12200.0,780.0,500,700,395.0,C 30/600 M,C 30/600 KM,600,692.0,805.0,6.0,35.9,-,623,728,776,847.0,2.7,5.0,0.125,0.098
600,980,300,10200.0,18000.0,1140.0,430,600,929.0,C 31/600 MB,C 31/600 KMB,600,705.0,871.0,7.5,26.1,-,632,704,827,948.0,5.1,6.0,0.0,0.107
600,980,375,12900.0,23200.0,1460.0,340,450,1150.0,C 41/600 MB,C 41/600 K30MB,600,697.0,869.0,7.5,24.6,-,632,696,823,948.0,5.5,6.0,0.0,0.097
630,850,165,4650.0,10000.0,640.0,530,700,275.0,C 39/630 M,C 39/630 KM,630,699.0,785.0,6.0,35.5,-,653,723,766,827.0,2.4,5.0,0.121,0.11
630,920,212,6800.0,12900.0,815.0,480,670,470.0,C 30/630 M,C 30/630 KM,630,716.0,840.0,7.5,48.1,-,658,759,807,892.0,2.9,6.0,0.118,0.104
630,1030,315,11800.0,20800.0,1290.0,400,560,1090.0,C 31/630 MB,C 31/630 KMB,630,741.0,916.0,7.5,23.8,-,662,740,868,998.0,5.7,6.0,0.0,0.102
670,980,230,8150.0,16300.0,1000.0,430,600,590.0,C 30/670 M,C 30/670 KM,670,775.0,905.0,7.5,41.1,-,698,820,874,952.0,2.9,6.0,0.121,0.101
670,1090,336,11800.0,21200.0,1290.0,380,500,1300.0,C 31/670 MB,C 31/670 KMB,670,792.0,964.0,7.5,41,-,702,791,922,1058.0,11.4,6.0,0.0,0.109
670,1090,412,16000.0,29000.0,1760.0,300,400,1570.0,C 41/670 MB,C 41/670 K30MB,670,779.0,967.0,7.5,37.2,-,702,778,920,1058.0,16.7,6.0,0.0,0.097
710,950,180,6000.0,12500.0,780.0,450,630,360.0,C 39/710 M,C 39/710 KM,710,772.0,877.0,6.0,30.7,-,733,797,847,927.0,2.7,5.0,0.131,0.098
710,1030,236,8800.0,17300.0,1060.0,400,560,655.0,C 30/710 M,C 30/710 KM,710,806.0,946.0,7.5,47.3,-,738,853,908,1002.0,3.2,6.0,0.119,0.104
710,1030,315,10600.0,21600.0,1320.0,320,430,865.0,C 40/710 M,C 40/710 K30M,710,803.0,935.0,7.5,51.2,-,738,843,911,1002.0,4.4,6.0,0.113,0.101
710,1150,345,13400.0,25500.0,1530.0,340,480,1470.0,C 31/710 MB,C 31/710 KMB,710,842.0,1013.0,9.5,47.8,-,750,841,973,1110.0,11.1,8.0,0.0,0.111
750,1000,185,6100.0,13400.0,815.0,430,560,410.0,C 39/750 M,C 39/750 KM,750,830.0,934.0,6.0,35.7,-,773,856,908,977.0,2.7,5.0,0.131,0.101
750,1090,250,9500.0,19300.0,1160.0,380,530,838.0,C 30/750 MB,C 30/750 KMB,750,854.0,993.0,7.5,28.6,-,778,852,961,1062.0,7.4,6.0,0.0,0.11
750,1220,365,16000.0,30500.0,1800.0,320,450,1800.0,C 31/750 MB,C 31/750 KMB,750,884.0,1077.0,9.5,33,-,790,883,1025,1180.0,9.3,8.0,0.0,0.094
800,1060,195,6400.0,14600.0,880.0,380,530,480.0,C 39/800 M,-,800,888.0,990.0,6.0,45.7,-,823,917,967,1037.0,2.9,5.0,0.126,0.106
800,1150,258,9300.0,19300.0,1140.0,360,480,941.0,C 30/800 MB,C 30/800 KMB,800,908.0,1048.0,7.5,45.9,-,828,905,1020,1122.0,7.2,6.0,0.0,0.114
850,1120,200,7350.0,16300.0,960.0,360,480,540.0,C 39/850 M,C 39/850 KM,850,940.0,1053.0,6.0,35.9,-,873,963,1025,1097.0,2.9,5.0,0.135,0.098
850,1220,272,11600.0,24500.0,1430.0,320,450,1110.0,C 30/850 MB,C 30/850 KMB,850,964.0,1113.0,7.5,24,-,878,963,1077,1192.0,7.7,6.0,0.0,0.097
900,1280,280,12700.0,26500.0,1530.0,300,400,1200.0,C 30/900 MB,C 30/900 KMB,900,1005.0,1173.0,7.5,24.8,-,928,1003,1126,1252.0,9,6.0,0.0,0.1
950,1360,300,13200.0,28500.0,1600.0,280,380,1480.0,C 30/950 MB,-,950,1075.0,1241.0,7.5,37.8,-,978,1073,1204,1332.0,8.7,6.0,0.0,0.107
1000,1420,308,13700.0,30500.0,1700.0,260,360,1680.0,C 30/1000 MB,-,1000,1130.0,1295.0,7.5,44.9,-,1028,1128,1260,1392.0,8.5,6.0,0.0,0.11
1000,1580,462,20400.0,45500.0,2500.0,220,300,3800.0,C 31/1000 MB,C 31/1000 KMB,1000,1191.0,1372.0,12.0,70.1,-,1048,1189,1338,1532.0,15,10.0,0.0,0.108
1060,1400,250,11000.0,26000.0,1430.0,260,360,1120.0,C 39/1060 MB,C 39/1060 KMB,1060,1168.0,1308.0,7.5,38.4,-,1088,1164,1282,1372.0,6,6.0,0.0,0.11
1120,1460,335,13200.0,31500.0,1700.0,200,260,1630.0,C 49/1120 MB1,-,1120,1225.0,1362.0,7.5,76.1,-,1148,1220,1344,1432.0,47.6,6.0,0.0,0.12
1180,1540,272,13400.0,33500.0,1800.0,220,300,1400.0,C 39/1180 MB,-,1180,1291.0,1439.0,7.5,19.6,-,1208,1289,1405,1512.0,6.2,6.0,0.0,0.097
1500,1950,335,19600.0,48000.0,2400.0,140,200,2710.0,C 39/1500 MB,-,1500,1636.0,1831.0,9.5,35,-,1534,1633,1788,1916.0,9.3,8.0,0.0,0.096
1700,2180,355,24000.0,62000.0,3000.0,110,150,3510.0,C 39/1700 MB,-,1700,1841.0,2053.0,9.5,40.6,-,1734,1837,2008,2146.0,8.4,8.0,0.0,0.103
