d,D,B,C,C0,Pu,Referenzdrehzahl,Grenzdrehzahl,Gewicht_g,Kurzzeichen,d,d1,d2,D1,D2,r12_min,da_min,da_max,Da_max,ra_max,kr,f0
1.0,3,1.0,0.052,0.012,0.001,240000,150000,0.03,W 618/1,1.0,1.5,-,2.5,-,0.05,1.4,-,2.6,0.05,0.02,5.6
1.5,4,1.2,0.062,0.016,0.001,220000,140000,0.1,W 618/1.5,1.5,2.1,-,3.1,-,0.05,2.0,-,3.6,0.05,0.02,6.4
1.5,4,2.0,0.062,0.016,0.001,220000,110000,0.1,W 638/1.5-2Z,1.5,2.1,-,-,3.5,0.05,1.9,2.1,3.6,0.05,0.02,6.4
2.0,5,1.5,0.094,0.025,0.001,200000,120000,0.1,W 618/2,2.0,2.7,-,3.9,-,0.08,2.5,-,4.4,0.08,0.02,6.5
2.0,5,2.3,0.094,0.025,0.001,200000,100000,0.2, W 638/2-2Z,2.0,2.7,-,-,4.4,0.08,2.5,2.6,4.5,0.08,0.02,6.5
2.0,6,3.0,0.19,0.051,0.002,180000,90000,0.31,W 639/2-2Z,2.0,3,-,-,5.4,0.15,2.9,2.9,5.4,0.15,0.025,6.0
2.5,6,2.6,0.117,0.036,0.002,170000,85000,0.31, W 638/2.5-2Z,2.5,3.7,-,-,5.4,0.08,3.1,3.6,5.5,0.08,0.02,7.1
3.0,6,3.0,0.117,0.036,0.002,170000,85000,0.31, W 637/3-2Z,3.0,-,3.7,-,5.4,0.1,3.6,3.6,5.5,0.1,0.02,7.1
3.0,7,2.0,0.178,0.057,0.002,160000,100000,0.3,W 618/3,3.0,4.2,-,5.8,-,0.1,3.8,-,6.2,0.1,0.02,7.1
3.0,7,3.0,0.178,0.057,0.002,160000,80000,0.41, W 638/3-2Z,3.0,-,3.8,-,6.4,0.1,3.7,3.8,6.5,0.1,0.02,7.1
3.0,8,3.0,0.225,0.072,0.003,150000,75000,0.61, W 619/3-2Z,3.0,5,-,-,7.4,0.1,3.8,4.9,7.5,0.1,0.025,7.2
3.0,8,4.0,0.319,0.09,0.004,150000,75000,0.82, W 639/3-2Z,3.0,4.3,-,-,7.3,0.15,3.9,4.3,7.3,0.15,0.025,6.1
3.0,10,4.0,0.358,0.11,0.005,-,40000,1.5,W 623-2RS1,3.0,-,4.3,-,8,0.15,3.9,4.3,8.8,0.15,0.03,6.3
3.0,10,4.0,0.358,0.11,0.005,140000,70000,1.6, W 623-2Z,3.0,-,4.3,-,8,0.15,3.9,4.3,8.8,0.15,0.03,6.3
4.0,7,2.5,0.143,0.053,0.002,150000,75000,0.31,W 627/4-2Z,4.0,4.8,-,-,6.5,0.1,4.6,4.7,6.5,0.1,0.015,7.6
4.0,9,2.5,0.364,0.114,0.005,140000,85000,0.6, W 618/4,4.0,5.2,-,7.5,-,0.1,4.8,-,8.2,0.1,0.02,6.5
4.0,9,4.0,0.364,0.114,0.005,140000,70000,0.93, W 638/4-2Z,4.0,5.2,-,-,8.1,0.1,4.8,5.1,8.2,0.1,0.02,6.5
4.0,11,4.0,0.54,0.176,0.008,130000,63000,1.65, W 619/4-2Z,4.0,-,5.6,-,9.9,0.15,5.2,5.5,10.0,0.15,0.025,6.4
4.0,12,4.0,0.54,0.176,0.008,-,36000,2.15,W 604-2RS1,4.0,-,5.6,-,9.9,0.2,5.3,5.5,10.4,0.2,0.03,6.4
4.0,12,4.0,0.54,0.176,0.008,130000,63000,2.15, W 604-2Z,4.0,-,5.6,-,9.9,0.2,5.3,5.5,10.4,0.2,0.03,6.4
4.0,12,4.0,0.54,0.176,0.008,130000,80000,2.0,W 604,4.0,-,5.6,-,9.9,0.2,5.3,-,10.4,0.2,0.03,6.4
4.0,13,5.0,0.741,0.25,0.011,-,32000,3.05, W 624-2RS1,4.0,-,6,-,11.4,0.2,5.6,5.9,11.5,0.2,0.03,6.4
4.0,13,5.0,0.741,0.25,0.011,110000,56000,2.95, W 624-2Z,4.0,-,6,-,11.4,0.2,5.6,5.9,11.5,0.2,0.03,6.4
4.0,16,5.0,0.761,0.265,0.011,-,30000,5.15,W 634-2RS1,4.0,-,6.7,-,13,0.3,6.0,6.6,14.0,0.3,0.035,6.8
4.0,16,5.0,0.761,0.265,0.011,100000,50000,5.15,W 634-2Z,4.0,-,6.7,-,13,0.3,6.0,6.6,14.0,0.3,0.035,6.8
5.0,8,2.5,0.121,0.045,0.002,140000,70000,0.41,W 627/5-2Z,5.0,5.8,-,-,7.5,0.1,5.6,5.7,7.5,0.1,0.015,7.8
5.0,11,3.0,0.403,0.143,0.006,120000,75000,1.2,W 618/5,5.0,6.8,-,9.2,-,0.15,6.2,-,9.8,0.15,0.02,7.1
5.0,11,4.0,0.403,0.143,0.006,120000,60000,1.55,W 628/5-2Z,5.0,6.8,-,-,9.9,0.15,6.2,6.7,10.0,0.15,0.02,7.1
5.0,11,5.0,0.403,0.143,0.006,120000,60000,1.85, W 638/5-2Z,5.0,-,6.2,-,9.9,0.15,5.9,6.1,10.0,0.15,0.02,7.1
5.0,13,4.0,0.761,0.335,0.014,-,32000,2.35,W 619/5-2RS1,5.0,-,6.6,-,11.2,0.2,6.3,6.5,11.4,0.2,0.025,11.0
5.0,13,4.0,0.761,0.335,0.014,110000,56000,2.35, W 619/5-2Z,5.0,-,6.6,-,11.2,0.2,6.3,6.5,11.4,0.2,0.025,11.0
5.0,13,4.0,0.761,0.335,0.014,110000,70000,2.1,W 619/5,5.0,-,6.6,-,11.2,0.2,6.3,-,11.4,0.2,0.025,11.0
5.0,14,5.0,0.761,0.26,0.011,-,30000,3.45,W 605-2RS1,5.0,-,6.9,-,12.2,0.2,6.6,6.8,12.4,0.2,0.03,6.6
5.0,14,5.0,0.761,0.26,0.011,110000,53000,3.35,W 605-2Z,5.0,-,6.9,-,12.2,0.2,6.6,6.8,12.4,0.2,0.03,6.6
5.0,16,5.0,1.43,0.63,0.027,-,28000,4.85, W 625-2RS1,5.0,-,7.5,-,13.4,0.3,7.0,7.4,14.0,0.3,0.03,12.0
5.0,16,5.0,1.43,0.63,0.027,100000,50000,4.85, W 625-2Z,5.0,-,7.5,-,13.4,0.3,7.0,7.4,14.0,0.3,0.03,12.0
5.0,16,5.0,1.43,0.63,0.027,100000,63000,4.4,W 625,5.0,-,7.5,-,13.4,0.3,7.0,-,14.0,0.3,0.03,12.0
6.0,10,3.0,0.286,0.112,0.005,120000,60000,0.72,W 627/6-2Z,6.0,7,-,-,9.4,0.1,6.8,6.9,9.5,0.1,0.015,7.8
6.0,13,3.5,0.618,0.224,0.01,110000,67000,1.8, W 618/6,6.0,8,-,11,-,0.15,7.2,-,11.8,0.15,0.02,7.0
6.0,13,5.0,0.618,0.224,0.01,-,30000,2.55,W 628/6-2RS1,6.0,-,7.4,-,11.7,0.15,7.2,7.3,11.8,0.15,0.02,7.0
6.0,13,5.0,0.618,0.224,0.01,110000,53000,2.55, W 628/6-2Z,6.0,-,7.4,-,11.7,0.15,7.2,7.3,11.8,0.15,0.02,7.0
6.0,15,5.0,0.761,0.265,0.011,100000,50000,3.85, W 619/6-2Z,6.0,-,7.5,-,13,0.2,7.3,7.4,13.4,0.2,0.025,6.8
6.0,15,5.0,0.761,0.265,0.011,100000,63000,3.5,W 619/6,6.0,-,7.5,-,13,0.2,7.3,-,13.4,0.2,0.025,6.8
6.0,17,6.0,1.95,0.83,0.036,-,26000,5.8,W 606-2RS1,6.0,-,8.2,-,14.8,0.3,7.7,8.1,15.0,0.3,0.03,11.0
6.0,17,6.0,1.95,0.83,0.036,95000,48000,6.0, W 606-2Z,6.0,-,8.2,-,14.8,0.3,7.7,8.1,15.0,0.3,0.03,11.0
6.0,19,6.0,1.53,0.585,0.025,-,24000,7.65, W 626-2RS1,6.0,-,8.5,-,16.5,0.3,8.0,8.4,17.0,0.3,0.03,7.9
6.0,19,6.0,1.53,0.585,0.025,85000,43000,7.75, W 626-2Z,6.0,-,8.5,-,16.5,0.3,8.0,8.4,17.0,0.3,0.03,7.9
6.0,19,6.0,1.53,0.585,0.025,85000,56000,7.1, W 626,6.0,-,8.5,-,16.5,0.3,8.0,-,17.0,0.3,0.03,7.9
7.0,11,3.0,0.26,0.104,0.004,110000,56000,0.72,W 627/7-2ZS,7.0,8,-,-,10.3,0.15,7.9,7.9,10.3,0.15,0.015,8.1
7.0,14,3.5,0.663,0.26,0.011,100000,63000,2.0,W 618/7,7.0,9,-,12,-,0.15,8.2,-,12.8,0.15,0.02,7.2
7.0,14,5.0,0.663,0.26,0.011,100000,50000,2.75,W 628/7-2Z,7.0,-,8.5,-,12.7,0.15,8.2,8.4,12.8,0.15,0.02,7.2
7.0,17,5.0,0.923,0.365,0.016,90000,45000,5.1,W 619/7-2Z,7.0,-,9.2,-,14.3,0.3,8.7,9.1,15.0,0.3,0.025,7.3
7.0,17,5.0,0.923,0.365,0.016,90000,56000,4.8,W 619/7,7.0,-,9.2,-,14.3,0.3,8.7,-,15.0,0.3,0.025,7.3
7.0,19,6.0,1.53,0.585,0.025,-,24000,7.25, W 607-2RS1,7.0,-,9,-,16.5,0.3,8.7,8.9,17.0,0.3,0.03,7.9
7.0,19,6.0,1.53,0.585,0.025,85000,43000,7.35,W 607-2Z,7.0,-,9,-,16.5,0.3,8.7,8.9,17.0,0.3,0.03,7.9
7.0,19,6.0,1.53,0.585,0.025,85000,56000,6.7,W 607,7.0,-,9,-,16.5,0.3,8.7,-,17.0,0.3,0.03,7.9
7.0,22,7.0,1.99,0.78,0.034,-,22000,12.5,W 627-2RS1,7.0,-,10.5,-,19.1,0.3,9.0,10.4,20.0,0.3,0.03,7.2
7.0,22,7.0,1.99,0.78,0.034,75000,38000,12.5,W 627-2Z,7.0,-,10.5,-,19.1,0.3,9.0,10.4,20.0,0.3,0.03,7.2
7.0,22,7.0,1.99,0.78,0.034,75000,48000,11.5,W 627,7.0,-,10.5,-,19.1,0.3,9.0,-,20.0,0.3,0.03,7.2
8.0,12,3.5,0.312,0.14,0.006,100000,53000,1.05,W 637/8-2Z,8.0,9,-,-,11.4,0.1,8.6,8.9,11.5,0.1,0.02,8.2
8.0,16,4.0,0.715,0.3,0.012,90000,56000,3.1, W 618/8,8.0,10.5,-,13.5,-,0.2,9.6,-,14.4,0.2,0.02,7.5
8.0,16,5.0,0.715,0.3,0.012,-,26000,3.85, W 628/8-2RS1,8.0,-,9.6,-,14.2,0.2,9.5,9.6,14.4,0.2,0.02,7.5
8.0,16,5.0,0.715,0.3,0.012,90000,45000,3.75, W 628/8-2Z,8.0,-,9.6,-,14.2,0.2,9.5,9.6,14.4,0.2,0.02,7.5
8.0,16,6.0,0.715,0.3,0.012,90000,45000,4.6, W 638/8-2Z,8.0,-,9.6,-,14.2,0.2,9.5,9.6,14.4,0.2,0.02,7.5
8.0,19,6.0,1.25,0.455,0.02,-,24000,6.65, W 619/8-2RS1,8.0,-,9.8,-,16.7,0.3,9.7,9.7,17.0,0.3,0.025,6.6
8.0,19,6.0,1.25,0.455,0.02,85000,43000,6.75, W 619/8-2Z,8.0,-,9.8,-,16.7,0.3,9.7,9.7,17.0,0.3,0.025,6.6
8.0,19,6.0,1.25,0.455,0.02,85000,53000,6.1,W 619/8,8.0,-,9.8,-,16.7,0.3,9.7,-,17.0,0.3,0.025,6.6
8.0,22,7.0,1.99,0.78,0.034,-,22000,11.5, W 608-2RS1,8.0,-,10.5,-,19.1,0.3,10.0,10.4,20.0,0.3,0.03,7.2
8.0,22,7.0,1.99,0.78,0.034,75000,38000,11.5, W 608-2Z,8.0,-,10.5,-,19.1,0.3,10.0,10.4,20.0,0.3,0.03,7.2
8.0,22,7.0,1.99,0.78,0.034,75000,48000,11.0, W 608,8.0,-,10.5,-,19.1,0.3,10.0,-,20.0,0.3,0.03,7.2
8.0,24,8.0,2.47,1.12,0.048,70000,36000,17.5,W 628-2Z,8.0,-,11.9,-,19.9,0.3,10.0,11.8,22.0,0.3,0.03,10.0
9.0,17,4.0,0.761,0.335,0.014,85000,53000,3.4,W 618/9,9.0,11.5,-,14.5,-,0.2,10.6,-,15.4,0.2,0.02,7.7
9.0,17,5.0,0.761,0.335,0.014,-,24000,4.2,W 628/9-2RS1,9.0,-,10.7,-,15.2,0.2,10.3,10.6,15.4,0.2,0.02,7.7
9.0,17,5.0,0.761,0.335,0.014,85000,43000,4.2,W 628/9-2Z,9.0,-,10.7,-,15.2,0.2,10.3,10.6,15.4,0.2,0.02,7.7
9.0,20,6.0,1.95,0.93,0.045,80000,40000,7.65, W 619/9-2Z,9.0,11.6,-,-,17.5,0.3,11.0,11.1,18.0,0.3,0.025,12.0
9.0,20,6.0,1.95,0.93,0.045,80000,50000,7.0,W 619/9,9.0,11.6,-,-,17.5,0.3,11.0,-,18.0,0.3,0.025,12.0
9.0,24,7.0,2.03,0.815,0.036,-,20000,14.0, W 609-2RS1,9.0,-,12.1,-,20.5,0.3,11.0,12,22.0,0.3,0.03,7.5
9.0,24,7.0,2.03,0.815,0.036,70000,36000,14.0,W 609-2Z,9.0,-,12.1,-,20.5,0.3,11.0,12,22.0,0.3,0.03,7.5
9.0,24,7.0,2.03,0.815,0.036,70000,43000,13.0,W 609,9.0,-,12.1,-,20.5,0.3,11.0,-,22.0,0.3,0.03,7.5
9.0,26,8.0,3.97,1.96,0.083,-,19000,19.0,W 629-2RS1,9.0,-,13.9,-,22.4,0.6,13.0,13.8,22.6,0.6,0.03,12.0
9.0,26,8.0,3.97,1.96,0.083,67000,32000,19.0,W 629-2Z,9.0,-,13.9,-,22.4,0.6,13.0,13.8,22.6,0.6,0.03,12.0
10.0,19,5.0,1.48,0.83,0.036,-,22000,5.2, W 61800-2RS1,10.0,-,11.8,-,17.2,0.3,11.5,11.5,17.5,0.3,0.02,15.0
10.0,19,5.0,1.48,0.83,0.036,80000,38000,5.1, W 61800-2Z,10.0,-,11.8,-,17.2,0.3,11.5,11.5,17.5,0.3,0.02,15.0
10.0,19,5.0,1.48,0.83,0.036,80000,48000,4.8,W 61800,10.0,-,11.8,-,17.2,0.3,11.5,-,17.5,0.3,0.02,15.0
10.0,19,7.0,1.48,0.83,0.036,80000,38000,7.1, W 63800-2Z,10.0,-,11.8,-,17.2,0.3,11.5,11.5,17.5,0.3,0.02,15.0
10.0,22,6.0,2.34,1.25,0.054,-,20000,9.3, W 61900-2RS1,10.0,-,13.2,-,19.4,0.3,12.0,13,20.0,0.3,0.025,14.0
10.0,22,6.0,2.34,1.25,0.054,70000,36000,9.4, W 61900-2Z,10.0,-,13.2,-,19.4,0.3,12.0,13,20.0,0.3,0.025,14.0
10.0,22,6.0,2.34,1.25,0.054,70000,45000,8.7,W 61900,10.0,-,13.2,-,19.4,0.3,12.0,-,20.0,0.3,0.025,14.0
10.0,26,8.0,3.97,1.96,0.083,-,19000,18.5, W 6000-2RS1,10.0,-,13.9,-,22.4,0.3,12.0,13.5,24.0,0.3,0.03,12.0
10.0,26,8.0,3.97,1.96,0.083,67000,32000,18.5, W 6000-2Z,10.0,-,13.9,-,22.4,0.3,12.0,13.5,24.0,0.3,0.03,12.0
10.0,26,8.0,3.97,1.96,0.083,67000,40000,17.0, W 6000,10.0,-,13.9,-,22.4,0.3,12.0,-,24.0,0.3,0.03,12.0
10.0,30,9.0,4.36,2.32,0.1,-,16000,30.0, W 6200-2RS1,10.0,-,15.3,-,25.3,0.6,14.0,15,26.0,0.6,0.03,13.0
10.0,30,9.0,4.36,2.32,0.1,60000,30000,30.5, W 6200-2Z,10.0,-,15.3,-,25.3,0.6,14.0,15,26.0,0.6,0.03,13.0
10.0,30,9.0,4.36,2.32,0.1,60000,36000,28.5,W 6200,10.0,-,15.3,-,25.3,0.6,14.0,-,26.0,0.6,0.03,13.0
10.0,35,11.0,7.02,3.4,0.146,-,15000,52.5, W 6300-2RS1,10.0,17.7,-,-,29.3,0.6,14.0,17.5,31.0,0.6,0.035,11.0
10.0,35,11.0,7.02,3.4,0.146,53000,26000,53.0,W 6300-2Z,10.0,17.7,-,-,29.3,0.6,14.0,17.5,31.0,0.6,0.035,11.0
10.0,35,11.0,7.02,3.4,0.146,53000,34000,49.5,W 6300,10.0,17.7,-,-,29.3,0.6,14.0,-,31.0,0.6,0.035,11.0
12.0,21,5.0,1.51,0.9,0.039,-,20000,6.0, W 61801-2RS1,12.0,-,13.8,-,19.2,0.3,13.5,13.5,19.5,0.3,0.02,13.0
12.0,21,5.0,1.51,0.9,0.039,70000,36000,5.7,W 61801-2Z,12.0,-,13.8,-,19.2,0.3,13.5,13.5,19.5,0.3,0.02,13.0
12.0,24,6.0,2.51,1.46,0.062,-,19000,10.5, W 61901-2RS1,12.0,-,15.3,-,21.4,0.3,14.0,15,22.0,0.3,0.025,15.0
12.0,24,6.0,2.51,1.46,0.062,67000,32000,11.0, W 61901-2Z,12.0,-,15.3,-,21.4,0.3,14.0,15,22.0,0.3,0.025,15.0
12.0,24,6.0,2.51,1.46,0.062,67000,40000,9.8,W 61901,12.0,-,15.3,-,21.4,0.3,14.0,-,22.0,0.3,0.025,15.0
12.0,28,8.0,4.42,2.36,0.102,-,16000,20.0, W 6001-2RS1,12.0,-,16,-,25.2,0.3,14.0,15.5,26.0,0.3,0.03,13.0
12.0,28,8.0,4.42,2.36,0.102,60000,30000,20.0, W 6001-2Z,12.0,-,16,-,25.2,0.3,14.0,15.5,26.0,0.3,0.03,13.0
12.0,28,8.0,4.42,2.36,0.102,60000,36000,18.0, W 6001,12.0,-,16,-,25.2,0.3,14.0,-,26.0,0.3,0.03,13.0
12.0,32,10.0,5.72,3.0,0.127,-,15000,36.0, W 6201-2RS1,12.0,18.5,-,-,28,0.6,16.0,18,28.5,0.6,0.03,12.0
12.0,32,10.0,5.72,3.0,0.127,53000,28000,36.0, W 6201-2Z,12.0,18.5,-,-,28,0.6,16.0,18,28.5,0.6,0.03,12.0
12.0,32,10.0,5.72,3.0,0.127,53000,34000,33.5,W 6201,12.0,18.5,-,-,28,0.6,16.0,-,28.5,0.6,0.03,12.0
12.0,37,12.0,8.32,4.15,0.176,-,14000,58.5, W 6301-2RS1,12.0,19.3,-,-,32,1.0,17.0,19,32.5,1.0,0.035,11.0
12.0,37,12.0,8.32,4.15,0.176,48000,24000,59.5,W 6301-2Z,12.0,19.3,-,-,32,1.0,17.0,19,32.5,1.0,0.035,11.0
12.0,37,12.0,8.32,4.15,0.176,48000,30000,55.5,W 6301,12.0,19.3,-,-,32,1.0,17.0,-,32.5,1.0,0.035,11.0
15.0,24,5.0,1.65,1.08,0.048,-,17000,7.1,W 61802-2RS1,15.0,-,16.8,-,22.2,0.3,16.5,16.5,22.5,0.3,0.02,14.0
15.0,24,5.0,1.65,1.08,0.048,60000,30000,6.7,W 61802-2Z,15.0,-,16.8,-,22.2,0.3,16.5,16.5,22.5,0.3,0.02,14.0
15.0,28,7.0,3.71,2.24,0.095,-,16000,15.5, W 61902-2RS1,15.0,18.8,-,-,25.3,0.3,17.0,18.5,26.0,0.3,0.025,14.0
15.0,28,7.0,3.71,2.24,0.095,56000,28000,16.0, W 61902-2Z,15.0,18.8,-,-,25.3,0.3,17.0,18.5,26.0,0.3,0.025,14.0
15.0,28,7.0,3.71,2.24,0.095,56000,34000,14.5,W 61902,15.0,18.8,-,-,25.3,0.3,17.0,-,26.0,0.3,0.025,14.0
15.0,32,9.0,4.88,2.8,0.12,-,14000,28.5, W 6002-2RS1,15.0,-,18.6,-,29.1,0.3,17.0,18.5,30.0,0.3,0.03,14.0
15.0,32,9.0,4.88,2.8,0.12,50000,26000,29.0, W 6002-2Z,15.0,-,18.6,-,29.1,0.3,17.0,18.5,30.0,0.3,0.03,14.0
15.0,32,9.0,4.88,2.8,0.12,50000,32000,26.5,W 6002,15.0,-,18.6,-,29.1,0.3,17.0,-,30.0,0.3,0.03,14.0
15.0,35,11.0,6.37,3.6,0.156,-,13000,44.0, W 6202-2RS1,15.0,21.7,-,-,31.4,0.6,19.0,21.5,32.0,0.6,0.03,13.0
15.0,35,11.0,6.37,3.6,0.156,48000,24000,44.0, W 6202-2Z,15.0,21.7,-,-,31.4,0.6,19.0,21.5,32.0,0.6,0.03,13.0
15.0,35,11.0,6.37,3.6,0.156,48000,30000,41.5,W 6202,15.0,21.7,-,-,31.4,0.6,19.0,-,32.0,0.6,0.03,13.0
15.0,42,13.0,9.95,5.4,0.232,-,11000,81.0, W 6302-2RS1,15.0,24.5,-,-,36.8,1.0,20.0,24,37.5,1.0,0.035,12.0
15.0,42,13.0,9.95,5.4,0.232,40000,20000,82.0,W 6302-2Z,15.0,24.5,-,-,36.8,1.0,20.0,24,37.5,1.0,0.035,12.0
15.0,42,13.0,9.95,5.4,0.232,40000,26000,77.0,W 6302,15.0,24.5,-,-,36.8,1.0,20.0,-,37.5,1.0,0.035,12.0
17.0,26,5.0,1.78,1.27,0.054,-,16000,8.0,W 61803-2RS1,17.0,-,18.8,-,24.2,0.3,18.5,18.5,24.5,0.3,0.02,14.0
17.0,26,5.0,1.78,1.27,0.054,56000,28000,7.6, W 61803-2Z,17.0,-,18.8,-,24.2,0.3,18.5,18.5,24.5,0.3,0.02,14.0
17.0,30,7.0,3.97,2.55,0.108,-,14000,16.5, W 61903-2RS1,17.0,21,-,-,27.8,0.3,19.0,20.5,28.5,0.3,0.025,15.0
17.0,30,7.0,3.97,2.55,0.108,50000,24000,17.0, W 61903-2Z,17.0,21,-,-,27.8,0.3,19.0,20.5,28.5,0.3,0.025,15.0
17.0,30,7.0,3.97,2.55,0.108,50000,32000,15.5,W 61903,17.0,21,-,-,27.8,0.3,19.0,-,28.5,0.3,0.025,15.0
17.0,35,10.0,4.94,3.15,0.137,-,13000,38.0, W 6003-2RS1,17.0,23.5,-,-,31.9,0.3,19.0,23,33.0,0.3,0.03,14.0
17.0,35,10.0,4.94,3.15,0.137,45000,22000,38.5, W 6003-2Z,17.0,23.5,-,-,31.9,0.3,19.0,23,33.0,0.3,0.03,14.0
17.0,35,10.0,4.94,3.15,0.137,45000,28000,36.0,W 6003,17.0,23.5,-,-,31.9,0.3,19.0,-,33.0,0.3,0.03,14.0
17.0,40,12.0,8.06,4.75,0.2,-,12000,64.5, W 6203-2RS1,17.0,24.9,-,-,35.8,0.6,21.0,24.5,37.5,0.6,0.03,13.0
17.0,40,12.0,8.06,4.75,0.2,40000,20000,65.5, W 6203-2Z,17.0,24.9,-,-,35.8,0.6,21.0,24.5,37.5,0.6,0.03,13.0
17.0,40,12.0,8.06,4.75,0.2,40000,26000,61.5,W 6203,17.0,24.9,-,-,35.8,0.6,21.0,-,37.5,0.6,0.03,13.0
17.0,47,14.0,11.7,6.55,0.28,-,10000,112.0, W 6303-2RS1,17.0,27.5,-,-,41.1,1.0,22.0,27,42.0,1.0,0.035,12.0
17.0,47,14.0,11.7,6.55,0.28,36000,18000,113.0,W 6303-2Z,17.0,27.5,-,-,41.1,1.0,22.0,27,42.0,1.0,0.035,12.0
17.0,47,14.0,11.7,6.55,0.28,36000,22000,107.0,W 6303,17.0,27.5,-,-,41.1,1.0,22.0,-,42.0,1.0,0.035,12.0
20.0,32,7.0,3.12,2.08,0.09,-,13000,17.0, W 61804-2RS1,20.0,-,22.6,-,29.6,0.3,22.0,22.5,30.5,0.3,0.02,13.0
20.0,32,7.0,3.12,2.08,0.09,48000,24000,17.0, W 61804-2Z,20.0,-,22.6,-,29.6,0.3,22.0,22.5,30.5,0.3,0.02,13.0
20.0,37,9.0,5.53,3.65,0.156,-,12000,35.5, W 61904-2RS1,20.0,-,23.6,-,33.5,0.3,22.0,23.5,35.0,0.3,0.025,15.0
20.0,37,9.0,5.53,3.65,0.156,43000,26000,32.5,W 61904,20.0,-,23.6,-,33.5,0.3,22.0,-,35.0,0.3,0.025,15.0
20.0,42,12.0,8.06,5.0,0.212,-,11000,64.5, W 6004-2RS1,20.0,27.6,-,-,38.8,0.6,24.0,27.5,39.5,0.6,0.03,14.0
20.0,42,12.0,8.06,5.0,0.212,38000,19000,64.5, W 6004-2Z,20.0,27.6,-,-,38.8,0.6,24.0,27.5,39.5,0.6,0.03,14.0
20.0,42,12.0,8.06,5.0,0.212,38000,24000,60.5,W 6004,20.0,27.6,-,-,38.8,0.6,24.0,-,39.5,0.6,0.03,14.0
20.0,47,14.0,10.8,6.55,0.28,-,10000,105.0, W 6204-2RS1,20.0,29.5,-,-,41,1.0,25.0,29,42.0,1.0,0.03,13.0
20.0,47,14.0,10.8,6.55,0.28,34000,17000,106.0, W 6204-2Z,20.0,29.5,-,-,41,1.0,25.0,29,42.0,1.0,0.03,13.0
20.0,47,14.0,10.8,6.55,0.28,34000,22000,100.0,W 6204,20.0,29.5,-,-,41,1.0,25.0,-,42.0,1.0,0.03,13.0
20.0,52,15.0,13.8,7.8,0.335,-,9500,143.0, W 6304-2RS1,20.0,30,-,-,45.4,1.1,26.5,29.5,46.0,1.0,0.035,12.0
20.0,52,15.0,13.8,7.8,0.335,34000,17000,144.0,W 6304-2Z,20.0,30,-,-,45.4,1.1,26.5,29.5,46.0,1.0,0.035,12.0
20.0,52,15.0,13.8,7.8,0.335,34000,20000,136.0,W 6304,20.0,30,-,-,45.4,1.1,26.5,-,46.0,1.0,0.035,12.0
25.0,37,7.0,3.38,2.5,0.108,-,11000,21.0, W 61805-2RS1,25.0,28.2,-,-,34.2,0.3,27.0,28,35.0,0.3,0.02,14.0
25.0,37,7.0,3.38,2.5,0.108,38000,19000,21.0,W 61805-2Z,25.0,28.2,-,-,34.2,0.3,27.0,28,35.0,0.3,0.02,14.0
25.0,42,9.0,6.05,4.5,0.193,-,10000,39.5, W 61905-2RS1,25.0,30.9,-,-,39.5,0.3,27.0,30.5,40.5,0.3,0.025,15.0
25.0,47,12.0,8.71,5.85,0.25,-,9500,76.5, W 6005-2RS1,25.0,31.7,-,-,42.8,0.6,29.0,31.5,44.5,0.6,0.03,15.0
25.0,47,12.0,8.71,5.85,0.25,32000,16000,77.5, W 6005-2Z,25.0,31.7,-,-,42.8,0.6,29.0,31.5,44.5,0.6,0.03,15.0
25.0,47,12.0,8.71,5.85,0.25,32000,20000,71.5,W 6005,25.0,31.7,-,-,42.8,0.6,29.0,-,44.5,0.6,0.03,15.0
25.0,52,15.0,11.7,7.65,0.335,-,8500,128.0, W 6205-2RS1,25.0,34,-,-,45.8,1.0,30.0,33.5,47.0,1.0,0.03,14.0
25.0,52,15.0,11.7,7.65,0.335,30000,15000,130.0, W 6205-2Z,25.0,34,-,-,45.8,1.0,30.0,33.5,47.0,1.0,0.03,14.0
25.0,52,15.0,11.7,7.65,0.335,30000,19000,122.0, W 6205,25.0,34,-,-,45.8,1.0,30.0,-,47.0,1.0,0.03,14.0
25.0,62,17.0,17.8,11.2,0.48,-,7500,234.0, W 6305-2RS1,25.0,38.1,-,-,53.3,1.1,31.5,38,55.0,1.0,0.035,13.0
25.0,62,17.0,17.8,11.2,0.48,26000,13000,235.0,W 6305-2Z,25.0,38.1,-,-,53.3,1.1,31.5,38,55.0,1.0,0.035,13.0
25.0,62,17.0,17.8,11.2,0.48,26000,17000,224.0,W 6305,25.0,38.1,-,-,53.3,1.1,31.5,-,55.0,1.0,0.035,13.0
30.0,42,7.0,3.58,2.9,0.125,-,9500,24.0,W 61806-2RS1,30.0,33.1,-,-,39.2,0.3,32.0,33,40.0,0.3,0.02,14.0
30.0,47,9.0,6.24,5.0,0.212,-,8500,47.0, W 61906-2RS1,30.0,35.1,-,-,44.1,0.3,32.0,35,45.0,0.3,0.025,16.0
30.0,47,9.0,6.24,5.0,0.212,30000,19000,43.5,W 61906,30.0,35.1,-,-,44.1,0.3,32.0,-,45.0,0.3,0.025,16.0
30.0,55,13.0,11.4,8.15,0.355,-,8000,112.0, W 6006-2RS1,30.0,38,-,-,50,1.0,35.0,37.5,50.0,1.0,0.03,15.0
30.0,55,13.0,11.4,8.15,0.355,28000,14000,113.0, W 6006-2Z,30.0,38,-,-,50,1.0,35.0,37.5,50.0,1.0,0.03,15.0
30.0,55,13.0,11.4,8.15,0.355,28000,17000,105.0,W 6006,30.0,38,-,-,50,1.0,35.0,-,50.0,1.0,0.03,15.0
30.0,62,16.0,16.5,11.2,0.48,-,7000,196.0, W 6206-2RS1,30.0,40.7,-,-,55.2,1.0,35.0,40.5,57.0,1.0,0.03,14.0
30.0,62,16.0,16.5,11.2,0.48,26000,13000,196.0, W 6206-2Z,30.0,40.7,-,-,55.2,1.0,35.0,40.5,57.0,1.0,0.03,14.0
30.0,62,16.0,16.5,11.2,0.48,26000,16000,186.0,W 6206,30.0,40.7,-,-,55.2,1.0,35.0,-,57.0,1.0,0.03,14.0
30.0,72,19.0,22.9,15.0,0.64,-,6300,346.0, W 6306-2RS1,30.0,44.9,-,-,62.4,1.1,36.5,44.5,65.0,1.0,0.035,13.0
30.0,72,19.0,22.9,15.0,0.64,22000,11000,345.0,W 6306-2Z,30.0,44.9,-,-,62.4,1.1,36.5,44.5,65.0,1.0,0.035,13.0
30.0,72,19.0,22.9,15.0,0.64,22000,14000,331.0,W 6306,30.0,44.9,-,-,62.4,1.1,36.5,-,65.0,1.0,0.035,13.0
35.0,47,7.0,3.71,3.35,0.14,-,8500,29.5,W 61807-2RS1,35.0,38.2,-,-,43.7,0.3,37.0,38,45.0,0.3,0.02,14.0
35.0,55,10.0,9.36,7.65,0.325,-,7500,73.5,W 61907-2RS1,35.0,42.2,-,-,52.2,0.6,39.0,42,52.0,0.6,0.025,16.0
35.0,62,14.0,13.8,10.2,0.44,-,6700,147.0, W 6007-2RS1,35.0,44,-,-,57.1,1.0,40.0,43.5,57.0,1.0,0.03,15.0
35.0,62,14.0,13.8,10.2,0.44,24000,12000,148.0,W 6007-2Z,35.0,44,-,-,57.1,1.0,40.0,43.5,57.0,1.0,0.03,15.0
35.0,62,14.0,13.8,10.2,0.44,24000,15000,138.0,W 6007,35.0,44,-,-,57.1,1.0,40.0,-,57.0,1.0,0.03,15.0
35.0,72,17.0,22.1,15.3,0.655,-,6000,276.0, W 6207-2RS1,35.0,47.6,-,-,64.9,1.1,41.5,46.5,65.0,1.0,0.03,14.0
35.0,72,17.0,22.1,15.3,0.655,22000,11000,277.0,W 6207-2Z,35.0,47.6,-,-,64.9,1.1,41.5,46.5,65.0,1.0,0.03,14.0
35.0,72,17.0,22.1,15.3,0.655,22000,14000,262.0,W 6207,35.0,47.6,-,-,64.9,1.1,41.5,-,65.0,1.0,0.03,14.0
35.0,80,21.0,28.6,19.0,0.815,-,5600,441.0,W 6307-2RS1,35.0,-,46.7,-,71.6,1.5,43.0,46.5,73.0,1.5,0.035,13.0
40.0,62,12.0,11.9,9.8,0.425,-,6700,107.0,W 61908-2RS1,40.0,46.9,-,-,57.6,0.6,44.0,46.5,59.0,0.6,0.025,16.0
40.0,68,15.0,14.6,11.4,0.49,-,6300,182.0, W 6008-2RS1,40.0,49.2,-,-,62.5,1.0,45.0,49,63.0,1.0,0.03,15.0
40.0,68,15.0,14.6,11.4,0.49,22000,11000,183.0, W 6008-2Z,40.0,49.2,-,-,62.5,1.0,45.0,49,63.0,1.0,0.03,15.0
40.0,68,15.0,14.6,11.4,0.49,22000,14000,172.0,W 6008,40.0,49.2,-,-,62.5,1.0,45.0,-,63.0,1.0,0.03,15.0
40.0,80,18.0,25.1,17.6,0.75,-,5600,359.0, W 6208-2RS1,40.0,-,50.1,-,70.8,1.1,46.5,50,73.0,1.0,0.03,14.0
40.0,80,18.0,25.1,17.6,0.75,20000,10000,359.0, W 6208-2Z,40.0,-,50.1,-,70.8,1.1,46.5,50,73.0,1.0,0.03,14.0
40.0,80,18.0,25.1,17.6,0.75,20000,12000,342.0,W 6208,40.0,-,50.1,-,70.8,1.1,46.5,-,73.0,1.0,0.03,14.0
45.0,68,12.0,12.1,10.8,0.465,-,6000,125.0, W 61909-2RS1,45.0,-,50.3,-,63.2,0.6,49.0,52,64.0,0.6,0.025,16.0
45.0,75,16.0,18.2,15.0,0.64,-,5600,236.0, W 6009-2RS1,45.0,54.5,-,-,69,1.0,50.0,54,70.0,1.0,0.03,15.0
45.0,75,16.0,18.2,15.0,0.64,20000,10000,237.0,W 6009-2Z,45.0,54.5,-,-,69,1.0,50.0,54,70.0,1.0,0.03,15.0
45.0,85,19.0,28.1,20.4,0.865,-,5000,395.0, W 6209-2RS1,45.0,-,53.5,-,76.4,1.1,52.0,53,78.0,1.0,0.03,14.0
45.0,85,19.0,28.1,20.4,0.865,18000,9000,394.0,W 6209-2Z,45.0,-,53.5,-,76.4,1.1,52.0,53,78.0,1.0,0.03,14.0
50.0,65,7.0,5.07,5.5,0.236,-,6000,51.0,W 61810-2RS1,50.0,54.6,-,-,61.6,0.3,52.0,54,63.0,0.3,0.02,15.0
50.0,80,16.0,19.0,16.6,0.71,-,5000,256.0, W 6010-2RS1,50.0,60,-,-,74.6,1.0,55.0,59,75.0,1.0,0.03,16.0
50.0,80,16.0,19.0,16.6,0.71,18000,9000,256.0,W 6010-2Z,50.0,60,-,-,74.6,1.0,55.0,59,75.0,1.0,0.03,16.0
50.0,90,20.0,30.2,23.2,0.98,-,4800,449.0, W 6210-2RS1,50.0,-,60,-,82.2,1.1,55.0,59,83.0,1.0,0.03,14.0
50.0,90,20.0,30.2,23.2,0.98,17000,8500,453.0,W 6210-2Z,50.0,-,60,-,82.2,1.1,55.0,59,83.0,1.0,0.03,14.0