d,D,B,C,C0,Pu,Referenzdrehzahl,Grenzdrehzahl,Gewicht_kg,Kurzzeichen_Lager_zylindrische_Bohrung,Kurzzeichen_Lager_kegelige_Bohrung,d,d2,D1,b,K,r12_min,da_min,da_max,Da_max,ra_max,e,Y1,Y2,Y0,zulässige_Drehbeschleunigungen_bei_Ölschmierung,zulässige_Linearbeschleunigungen_bei_Ölschmierung
20,52,18.0,49.9,44.0,4.75,13000,17000,0.28,22205/20 E,-,20,31.3,44.2,3.7,2,1.0,25.6,-,46.4,1.0,0.35,1.9,2.9,1.8,-,-
25,52,18.0,49.9,44.0,4.75,13000,17000,0.26,22205 E,22205 EK,25,31.3,44.2,3.7,2,1.0,30.6,-,46.4,1.0,0.35,1.9,2.9,1.8,-,-
25,52,23.0,49.9,44.0,4.75,-,6100,0.26, BS2-2205-2RS/VT143,-,25,30.0,46.6,4.4,2,1.0,30.0,30,46.4,1.0,0.35,1.9,2.9,1.8,-,-
25,62,17.0,49.1,41.5,4.55,9300,12000,0.28,21305 CC,-,25,35.7,50.7,-,-,1.1,32.0,-,55.0,1.0,0.3,2.3,3.4,2.2,-,-
30,62,20.0,66.1,60.0,6.4,10000,14000,0.29,22206 E,22206 EK,30,37.6,53.0,3.7,2,1.0,35.6,-,56.4,1.0,0.31,2.2,3.3,2.2,-,-
30,62,25.0,66.1,60.0,6.4,-,5100,0.34, BS2-2206-2RS/VT143,-,30,35.8,56.4,4.4,2,1.0,35.5,35.5,56.4,1.0,0.31,2.2,3.3,2.2,-,-
30,72,19.0,65.7,61.0,6.8,8200,10000,0.41,21306 CC,-,30,43.3,58.8,-,-,1.1,37.0,-,65.0,1.0,0.27,2.5,3.7,2.5,-,-
35,72,23.0,88.8,85.0,9.3,9000,12000,0.45,22207 E,22207 EK,35,44.5,61.8,3.7,2,1.1,42.0,-,65.0,1.0,0.31,2.2,3.3,2.2,-,-
35,72,28.0,88.8,85.0,9.3,-,4300,0.52, BS2-2207-2RS/VT143,-,35,42.4,65.3,4.4,2,1.1,42.0,42,65.0,1.0,0.31,2.2,3.3,2.2,-,-
35,80,21.0,79.2,72.0,8.15,7300,9500,0.55,21307 CC,-,35,47.2,65.6,-,-,1.5,44.0,-,71.0,1.5,0.28,2.4,3.6,2.5,-,-
40,80,23.0,98.5,90.0,9.8,8000,11000,0.53,22208 E,22208 EK,40,49.6,69.4,6,3,1.1,47.0,-,73.0,1.0,0.28,2.4,3.6,2.5,-,-
40,80,28.0,98.5,90.0,9.8,-,3900,0.57, BS2-2208-2RS/VT143, BS2-2208-2RSK/VT143,40,47.2,72.8,6,3,1.1,47.0,47,73.0,1.0,0.28,2.4,3.6,2.5,-,-
40,90,23.0,107.0,108.0,11.8,7000,9500,0.75,21308 E,21308 EK,40,60.0,79.8,5.5,3,1.5,49.0,-,81.0,1.5,0.24,2.8,4.2,2.8,-,-
40,90,33.0,155.0,140.0,15.0,6000,8000,1.05,22308 E/VA405,-,40,49.9,74.3,6,3,1.5,49.0,-,81.0,1.5,0.37,1.8,2.7,1.8,115 g,31 g
40,90,33.0,155.0,140.0,15.0,6000,8000,1.05,22308 E,22308 EK,40,49.9,74.3,6,3,1.5,49.0,-,81.0,1.5,0.37,1.8,2.7,1.8,-,-
40,90,38.0,155.0,140.0,15.0,-,3900,1.2, BS2-2308-2RS/VT143,-,40,47.5,79.3,6,3,1.5,47.5,47.5,81.0,1.5,0.37,1.8,2.7,1.8,-,-
45,85,23.0,104.0,98.0,10.8,7500,10000,0.58,22209 E,22209 EK,45,54.4,74.4,5.5,3,1.1,52.0,-,78.0,1.0,0.26,2.6,3.9,2.5,-,-
45,85,28.0,104.0,98.0,10.8,-,3500,0.66, BS2-2209-2RS/VT143, BS2-2209-2RSK/VT143,45,52.5,77.8,6,3,1.1,52.0,52,78.0,1.0,0.26,2.6,3.9,2.5,-,-
45,100,25.0,129.0,127.0,13.7,6300,8500,0.99,21309 E,21309 EK,45,65.3,88.0,6,3,1.5,54.0,-,91.0,1.5,0.24,2.8,4.2,2.8,-,-
45,100,36.0,190.0,183.0,19.6,5300,7000,1.4,22309 E/VA405,-,45,57.6,83.4,6,3,1.5,54.0,-,91.0,1.5,0.37,1.8,2.7,1.8,97 g,29 g
45,100,36.0,190.0,183.0,19.6,5300,7000,1.4,22309 E,22309 EK,45,57.6,83.4,6,3,1.5,54.0,-,91.0,1.5,0.37,1.8,2.7,1.8,-,-
45,100,42.0,190.0,183.0,19.6,-,3400,1.6, BS2-2309-2RS/VT143,-,45,55.0,88.5,6,3,1.5,54.0,55,91.0,1.5,0.37,1.8,2.7,1.8,-,-
50,90,23.0,107.0,108.0,11.8,7000,9500,0.63,22210 E,22210 EK,50,60.0,79.0,5.5,3,1.1,57.0,-,83.0,1.0,0.24,2.8,4.2,2.8,-,-
50,90,28.0,107.0,108.0,11.8,-,3200,0.7, BS2-2210-2RS/VT143, BS2-2210-2RSK/VT143,50,58.1,82.3,6,3,1.1,57.0,58,83.0,1.0,0.24,2.8,4.2,2.8,-,-
50,110,27.0,159.0,166.0,18.6,5600,7500,1.35,21310 E,21310 EK,50,72.7,96.8,6,3,2.0,61.0,-,99.0,2.0,0.24,2.8,4.2,2.8,-,-
50,110,40.0,228.0,224.0,24.0,4800,6300,1.9,22310 E/VA405,-,50,63.9,91.9,6,3,2.0,61.0,-,99.0,2.0,0.37,1.8,2.7,1.8,85 g,28 g
50,110,40.0,228.0,224.0,24.0,4800,6300,1.9,22310 E,22310 EK,50,63.9,91.9,6,3,2.0,61.0,-,99.0,2.0,0.37,1.8,2.7,1.8,-,-
50,110,45.0,228.0,224.0,24.0,-,3000,2.1, BS2-2310-2RS/VT143,-,50,61.5,96.8,6,3,2.0,61.0,61,99.0,2.0,0.37,1.8,2.7,1.8,-,-
55,100,25.0,129.0,127.0,13.7,6300,8500,0.84,22211 E,22211 EK,55,65.3,88.0,6,3,1.5,64.0,-,91.0,1.5,0.24,2.8,4.2,2.8,-,-
55,100,31.0,129.0,127.0,13.7,-,2900,1.0, BS2-2211-2RS/VT143, BS2-2211-2RSK/VT143,55,63.5,92.0,6,3,1.5,63.5,63.5,91.0,1.5,0.24,2.8,4.2,2.8,-,-
55,120,29.0,159.0,166.0,18.6,5600,7500,1.7,21311 E,21311 EK,55,72.7,96.2,6,3,2.0,66.0,-,109.0,2.0,0.24,2.8,4.2,2.8,-,-
55,120,43.0,280.0,280.0,30.0,4300,5600,2.45,22311 E,22311 EK,55,70.1,102.0,5.5,3,2.0,66.0,-,109.0,2.0,0.35,1.9,2.9,1.8,-,-
55,120,43.0,280.0,280.0,30.0,4300,5600,2.45,22311 E/VA405,22311 EK/VA405,55,70.1,102.0,5.5,3,2.0,66.0,-,109.0,2.0,0.35,1.9,2.9,1.8,78 g,26 g
55,120,49.0,280.0,280.0,30.0,-,2800,2.8, BS2-2311-2RS/VT143,-,55,67.5,107.0,6,3,2.0,66.0,67,109.0,2.0,0.35,1.9,2.9,1.8,-,-
60,110,28.0,159.0,166.0,18.6,5600,7500,1.15,22212 E,22212 EK,60,72.7,96.5,6,3,1.5,69.0,-,101.0,1.5,0.24,2.8,4.2,2.8,-,-
60,110,34.0,159.0,166.0,18.6,-,2700,1.3, BS2-2212-2RS/VT143, BS2-2212-2RSK/VT143,60,69.7,101.0,6,3,1.5,69.0,69,101.0,1.5,0.24,2.8,4.2,2.8,-,-
60,130,31.0,217.0,240.0,26.5,4800,6300,2.1,21312 E,21312 EK,60,87.8,115.0,6,3,2.1,72.0,-,118.0,2.0,0.22,3.0,4.6,2.8,-,-
60,130,46.0,325.0,335.0,36.0,4000,5300,3.1,22312 E,22312 EK,60,77.9,110.0,8.3,4.5,2.1,72.0,-,118.0,2.0,0.35,1.9,2.9,1.8,-,-
60,130,46.0,325.0,335.0,36.0,4000,5300,3.1,22312 E/VA405,22312 EK/VA405,60,77.9,110.0,8.3,4.5,2.1,72.0,-,118.0,2.0,0.35,1.9,2.9,1.8,70 g,25 g
60,130,53.0,325.0,335.0,36.0,-,2500,3.4, BS2-2312-2RS/VT143,-,60,75.0,117.0,8.3,4.5,2.1,72.0,75,118.0,2.0,0.35,1.9,2.9,1.8,-,-
65,100,35.0,137.0,173.0,20.4,-,2600,0.95,24013-2RS5W/VT143,-,65,71.6,93.5,-,-,1.1,71.0,71,94.0,1.0,0.27,2.5,3.7,2.5,-,-
65,100,35.0,137.0,173.0,20.4,4300,6300,0.95,24013 CC/W33,24013 CCK30/W33,65,73.9,87.3,3.7,2,1.1,71.0,-,94.0,1.0,0.27,2.5,3.7,2.5,-,-
65,120,31.0,198.0,216.0,24.0,5000,7000,1.55,22213 E,22213 EK,65,80.1,106.0,6,3,1.5,74.0,-,111.0,1.5,0.24,2.8,4.2,2.8,-,-
65,120,38.0,198.0,216.0,24.0,-,2400,1.6, BS2-2213-2RS/VT143, BS2-2213-2RSK/VT143,65,76.5,110.0,6,3,1.5,74.0,76,111.0,1.5,0.24,2.8,4.2,2.8,-,-
65,140,33.0,243.0,270.0,29.0,4300,6000,2.55,21313 E,21313 EK,65,94.7,124.0,6,3,2.1,77.0,-,128.0,2.0,0.22,3.0,4.6,2.8,-,-
65,140,48.0,357.0,360.0,38.0,3800,5000,3.75,22313 E,22313 EK,65,81.6,118.0,8.3,4.5,2.1,77.0,-,128.0,2.0,0.35,1.9,2.9,1.8,-,-
65,140,48.0,357.0,360.0,38.0,3800,5000,3.75,22313 E/VA405,22313 EK/VA405,65,81.6,118.0,8.3,4.5,2.1,77.0,-,128.0,2.0,0.35,1.9,2.9,1.8,69 g,24 g
65,140,56.0,357.0,360.0,38.0,-,2400,4.15, BS2-2313-2RS/VT143,-,65,78.7,125.0,8.3,4.5,2.1,77.0,78,128.0,2.0,0.35,1.9,2.9,1.8,-,-
70,125,31.0,213.0,228.0,25.5,5000,6700,1.55,22214 E,22214 EK,70,83.0,111.0,6,3,1.5,79.0,-,116.0,1.5,0.23,2.9,4.4,2.8,-,-
70,125,38.0,213.0,228.0,25.5,-,2300,1.8, BS2-2214-2RS/VT143, BS2-2214-2RSK/VT143,70,80.1,116.0,6,3,1.5,79.0,80,116.0,1.5,0.23,2.9,4.4,2.8,-,-
70,150,35.0,291.0,325.0,34.5,4000,5600,3.1,21314 E,21314 EK,70,101.0,133.0,6,3,2.1,82.0,-,138.0,2.0,0.22,3.0,4.6,2.8,-,-
70,150,51.0,413.0,430.0,45.0,3400,4500,4.55,22314 E,22314 EK,70,90.3,128.0,8.3,4.5,2.1,82.0,-,138.0,2.0,0.33,2.0,3.0,2.0,-,-
70,150,51.0,413.0,430.0,45.0,3400,4500,4.55,22314 E/VA405,22314 EK/VA405,70,90.3,128.0,8.3,4.5,2.1,82.0,-,138.0,2.0,0.33,2.0,3.0,2.0,61 g,23 g
70,150,60.0,413.0,430.0,45.0,-,2100,5.1, BS2-2314-2RS/VT143,-,70,86.7,136.0,8.3,4.5,2.1,82.0,86,138.0,2.0,0.33,2.0,3.0,2.0,-,-
75,115,40.0,181.0,232.0,28.5,-,2300,1.55,24015-2RS5/VT143,-,75,81.8,106.0,6,3,1.1,81.0,81,109.0,1.0,0.28,2.4,3.6,2.5,-,-
75,115,40.0,181.0,232.0,28.5,3800,5300,1.55,24015 CC/W33,24015 CCK30/W33,75,84.2,100.0,5.5,3,1.1,81.0,-,109.0,1.0,0.28,2.4,3.6,2.5,-,-
75,130,31.0,217.0,240.0,26.5,4800,6300,1.7,22215 E,22215 EK,75,87.8,115.0,6,3,1.5,84.0,-,121.0,1.5,0.22,3.0,4.6,2.8,-,-
75,130,38.0,217.0,240.0,26.5,-,2200,2.1, BS2-2215-2RS/VT143, BS2-2215-2RSK/VT143,75,84.5,120.0,6,3,1.5,84.0,84,121.0,1.5,0.22,3.0,4.6,2.8,-,-
75,160,37.0,291.0,325.0,34.5,4000,5600,3.75,21315 E,21315 EK,75,101.0,133.0,6,3,2.1,87.0,-,148.0,2.0,0.22,3.0,4.6,2.8,-,-
75,160,55.0,462.0,475.0,48.0,3200,4300,5.55,22315 E,22315 EK,75,92.8,135.0,8.3,4.5,2.1,87.0,-,148.0,2.0,0.35,1.9,2.9,1.8,-,-
75,160,55.0,462.0,475.0,48.0,3200,4300,5.55,22315 EJA/VA405,22315 EKJA/VA405,75,92.8,135.0,8.3,4.5,2.1,87.0,-,148.0,2.0,0.35,1.9,2.9,1.8,88 g,23 g
75,160,64.0,462.0,475.0,48.0,-,2100,6.5, BS2-2315-2RS/VT143, BS2-2315-2RSK/VT143,75,89.9,140.0,8.3,4.5,2.1,87.0,89,148.0,2.0,0.35,1.9,2.9,1.8,-,-
80,140,33.0,243.0,270.0,29.0,4300,6000,2.1,22216 E,22216 EK,80,94.7,124.0,6,3,2.0,91.0,-,129.0,2.0,0.22,3.0,4.6,2.8,-,-
80,140,40.0,243.0,270.0,29.0,-,2000,2.4, BS2-2216-2RS/VT143, BS2-2216-2RSK/VT143,80,91.7,129.0,6,3,2.0,91.0,91,129.0,2.0,0.22,3.0,4.6,2.8,-,-
80,170,39.0,331.0,375.0,39.0,3800,5300,4.45,21316 E,21316 EK,80,106.0,141.0,6,3,2.1,92.0,-,158.0,2.0,0.24,2.8,4.2,2.8,-,-
80,170,58.0,516.0,530.0,54.0,3000,4000,6.6,22316 E,22316 EK,80,98.3,143.0,8.3,4.5,2.1,92.0,-,158.0,2.0,0.35,1.9,2.9,1.8,-,-
80,170,58.0,516.0,530.0,54.0,3000,4000,6.6,22316 EJA/VA405,22316 EKJA/VA405,80,98.3,143.0,8.3,4.5,2.1,92.0,-,158.0,2.0,0.35,1.9,2.9,1.8,80 g,22 g
80,170,67.0,516.0,530.0,54.0,-,2000,7.2,BS2-2316-2RS/VT143,-,80,94.2,150.0,8.3,4.5,2.1,92.0,94,158.0,2.0,0.35,1.9,2.9,1.8,-,-
85,150,36.0,291.0,325.0,34.5,4000,5600,2.7,22217 E,22217 EK,85,101.0,133.0,6,3,2.0,96.0,-,139.0,2.0,0.22,3.0,4.6,2.8,-,-
85,150,44.0,291.0,325.0,34.5,-,1900,3.0, BS2-2217-2RS/VT143, BS2-2217-2RSK/VT143,85,98.2,137.0,6,3,2.0,96.0,98,139.0,2.0,0.22,3.0,4.6,2.8,-,-
85,180,41.0,331.0,375.0,39.0,3800,5300,5.2,21317 E,21317 EK,85,106.0,141.0,6,3,3.0,99.0,-,166.0,2.5,0.24,2.8,4.2,2.8,-,-
85,180,60.0,577.0,620.0,61.0,2800,3800,7.65,22317 E,22317 EK,85,108.0,154.0,8.3,4.5,3.0,99.0,-,166.0,2.5,0.33,2.0,3.0,2.0,-,-
85,180,60.0,577.0,620.0,61.0,2800,3800,7.65,22317 EJA/VA405,22317 EKJA/VA405,85,108.0,154.0,8.3,4.5,3.0,99.0,-,166.0,2.5,0.33,2.0,3.0,2.0,74 g,21 g
85,180,60.0,577.0,620.0,61.0,2800,3800,7.65,22317 EJA/VA406,-,85,108.0,154.0,8.3,4.5,3.0,99.0,-,166.0,2.5,0.33,2.0,3.0,2.0,74 g,21 g
90,160,40.0,331.0,375.0,39.0,3800,5300,3.4,22218 E,22218 EK,90,106.0,141.0,6,3,2.0,101.0,-,149.0,2.0,0.24,2.8,4.2,2.8,-,-
90,160,48.0,331.0,375.0,39.0,-,1800,3.7, BS2-2218-2RS/VT143, BS2-2218-2RSK/VT143,90,102.0,146.0,6,3,2.0,101.0,102,149.0,2.0,0.24,2.8,4.2,2.8,-,-
90,160,52.4,372.0,440.0,48.0,2800,3800,4.65,23218 CC/W33,23218 CCK/W33,90,106.0,137.0,5.5,3,2.0,101.0,-,149.0,2.0,0.31,2.2,3.3,2.2,-,-
90,190,43.0,393.0,450.0,45.5,3600,4800,6.1,21318 E,21318 EK,90,112.0,150.0,8.3,4.5,3.0,104.0,-,176.0,2.5,0.24,2.8,4.2,2.8,-,-
90,190,64.0,637.0,695.0,67.0,2600,3600,9.05,22318 E,22318 EK,90,113.0,161.0,11.1,6,3.0,104.0,-,176.0,2.5,0.33,2.0,3.0,2.0,-,-
90,190,64.0,637.0,695.0,67.0,2600,3600,9.05,22318 EJA/VA405,22318 EKJA/VA405,90,113.0,161.0,11.1,6,3.0,104.0,-,176.0,2.5,0.33,2.0,3.0,2.0,68 g,21 g
90,190,73.0,637.0,695.0,67.0,-,1700,9.8, BS2-2318-2RS5/VT143, BS2-2318-2RS5K/VT143,90,109.0,165.0,11.1,6,3.0,104.0,109,176.0,2.5,0.33,2.0,3.0,2.0,-,-
95,170,43.0,393.0,450.0,45.5,3600,4800,4.15,22219 E,22219 EK,95,112.0,150.0,8.3,4.5,2.1,107.0,-,158.0,2.0,0.24,2.8,4.2,2.8,-,-
95,170,51.0,393.0,450.0,45.5,-,1700,4.65,BS2-2219-2RS/VT143,-,95,109.0,155.0,8.3,4.5,2.1,107.0,109,158.0,2.0,0.24,2.8,4.2,2.8,-,-
95,200,45.0,433.0,490.0,49.0,3400,4500,7.05,21319 E,21319 EK,95,118.0,159.0,8.3,4.5,3.0,109.0,-,186.0,2.5,0.24,2.8,4.2,2.8,-,-
95,200,67.0,699.0,765.0,73.5,2600,3400,10.5,22319 E,22319 EK,95,118.0,168.0,11.1,6,3.0,109.0,-,186.0,2.5,0.33,2.0,3.0,2.0,-,-
95,200,67.0,699.0,765.0,73.5,2600,3400,10.5,22319 EJA/VA405,22319 EKJA/VA405,95,118.0,168.0,11.1,6,3.0,109.0,-,186.0,2.5,0.33,2.0,3.0,2.0,64 g,20 g
100,150,50.0,296.0,415.0,45.5,-,1700,3.15,24020-2RS5/VT143,-,100,108.0,138.0,6,3,1.5,107.0,108,143.0,1.5,0.28,2.4,3.6,2.5,-,-
100,150,50.0,296.0,415.0,45.5,2800,4000,3.15,24020 CC/W33,24020 CCK30/W33,100,111.0,132.0,6,3,1.5,107.0,-,143.0,1.5,0.28,2.4,3.6,2.5,-,-
100,165,52.0,385.0,490.0,53.0,3000,4000,4.55,23120 CC/W33,23120 CCK/W33,100,115.0,144.0,6,3,2.0,111.0,-,154.0,2.0,0.3,2.3,3.4,2.2,-,-
100,165,52.0,386.0,490.0,53.0,-,1700,4.55,23120-2RS5/VT143,-,100,112.0,149.0,6,3,2.0,111.0,112,154.0,2.0,0.27,2.5,3.7,2.5,-,-
100,165,65.0,468.0,640.0,68.0,2400,3200,5.65,24120 CC/W33,24120 CCK30/W33,100,113.0,141.0,4.4,2,2.0,111.0,-,154.0,2.0,0.37,1.8,2.7,1.8,-,-
100,165,65.0,470.0,640.0,68.0,-,1700,5.65,24120-2RS5/VT143,-,100,110.0,147.0,4.4,2,2.0,110.0,110,154.0,2.0,0.35,1.9,2.9,1.8,-,-
100,180,46.0,433.0,490.0,49.0,3400,4500,4.9,22220 E,22220 EK,100,118.0,159.0,8.3,4.5,2.1,112.0,-,168.0,2.0,0.24,2.8,4.2,2.8,-,-
100,180,55.0,433.0,490.0,49.0,-,1600,5.5,BS2-2220-2RS5/VT143,BS2-2220-2RS5K/VT143,100,114.0,163.0,8.3,4.5,2.1,112.0,114,168.0,2.0,0.24,2.8,4.2,2.8,-,-
100,180,60.3,498.0,600.0,63.0,2400,3400,6.85,23220 CC/W33,23220 CCK/W33,100,117.0,153.0,8.3,4.5,2.1,112.0,-,168.0,2.0,0.33,2.0,3.0,2.0,-,-
100,180,60.3,499.0,600.0,63.0,-,1600,6.85,23220-2RS/VT143,-,100,114.0,159.0,8.3,4.5,2.1,112.0,114,168.0,2.0,0.3,2.3,3.4,2.2,-,-
100,180,60.3,499.0,600.0,63.0,-,1600,6.85,23220-2RS5/VT143,-,100,114.0,159.0,8.3,4.5,2.1,112.0,114,168.0,2.0,0.3,2.3,3.4,2.2,-,-
100,215,47.0,433.0,490.0,49.0,3400,4500,8.6,21320 E,21320 EK,100,118.0,159.0,8.3,4.5,3.0,114.0,-,201.0,2.5,0.24,2.8,4.2,2.8,-,-
100,215,73.0,847.0,950.0,88.0,2400,3000,13.5,22320 E,22320 EK,100,130.0,184.0,11.1,6,3.0,114.0,-,201.0,2.5,0.33,2.0,3.0,2.0,-,-
100,215,73.0,847.0,950.0,88.0,2400,3000,13.5,22320 EJA/VA405,22320 EKJA/VA405,100,130.0,184.0,11.1,6,3.0,114.0,-,201.0,2.5,0.33,2.0,3.0,2.0,56 g,20 g
100,215,73.0,847.0,950.0,88.0,2400,3000,13.5,22320 EJA/VA406,-,100,130.0,184.0,11.1,6,3.0,114.0,-,201.0,2.5,0.33,2.0,3.0,2.0,56 g,20 g
110,170,45.0,326.0,440.0,46.5,-,1500,3.8,23022-2RS/VT143,-,110,122.0,156.0,6,3,2.0,119.0,122,161.0,2.0,0.21,3.2,4.8,3.2,-,-
110,170,45.0,326.0,440.0,46.5,3400,4300,3.8,23022 CC/W33,23022 CCK/W33,110,125.0,151.0,6,3,2.0,119.0,-,161.0,2.0,0.23,2.9,4.4,2.8,-,-
110,170,60.0,437.0,620.0,67.0,2400,3600,5.0,24022 CC/W33,24022 CCK30/W33,110,122.0,149.0,5.5,3,2.0,119.0,-,161.0,2.0,0.33,2.0,3.0,2.0,-,-
110,170,60.0,438.0,620.0,67.0,-,1600,5.0,24022-2RS5/VT143,-,110,120.0,154.0,6,3,2.0,119.0,120,161.0,2.0,0.3,2.3,3.4,2.2,-,-
110,180,56.0,450.0,585.0,61.0,2800,3600,5.75,23122 CC/W33,23122 CCK/W33,110,126.0,157.0,8.3,4.5,2.0,121.0,-,169.0,2.0,0.3,2.3,3.4,2.2,-,-
110,180,56.0,451.0,585.0,61.0,-,800,5.75,23122-2CS5/VT143,23122-2CS5K/VT143,110,122.0,166.0,8.3,4.5,2.0,121.0,122,169.0,2.0,0.27,2.5,3.7,2.5,-,-
110,180,69.0,539.0,750.0,78.0,2000,3000,7.1,24122 CC/W33,24122 CCK30/W33,110,123.0,153.0,6,3,2.0,121.0,-,169.0,2.0,0.37,1.8,2.7,1.8,-,-
110,180,69.0,540.0,750.0,78.0,-,630,7.1,24122-2CS5/VT143,-,110,120.0,163.0,6,3,2.0,121.0,121,169.0,2.0,0.35,1.9,2.9,1.8,-,-
110,200,53.0,572.0,640.0,63.0,3000,4000,7.0,22222 E,22222 EK,110,130.0,178.0,8.3,4.5,2.1,122.0,-,188.0,2.0,0.25,2.7,4.0,2.5,-,-
110,200,63.0,572.0,640.0,63.0,-,1500,7.6, BS2-2222-2RS5/VT143, BS2-2222-2RS5K/VT143,110,126.0,183.0,8.3,4.5,2.1,122.0,126,188.0,2.0,0.25,2.7,4.0,2.5,-,-
110,200,69.8,626.0,765.0,76.5,2200,3200,9.85,23222 CC/W33,23222 CCK/W33,110,130.0,169.0,8.3,4.5,2.1,122.0,-,188.0,2.0,0.33,2.0,3.0,2.0,-,-
110,200,69.8,627.0,765.0,76.5,-,640,9.85,23222-2CS5/VT143,23222-2CS5K/VT143,110,126.0,178.0,8.3,4.5,2.1,122.0,126,188.0,2.0,0.33,2.0,3.0,2.0,-,-
110,240,80.0,989.0,1120.0,100.0,2000,2800,18.5,22322 E,22322 EK,110,143.0,204.0,13.9,7.5,3.0,124.0,-,226.0,2.5,0.33,2.0,3.0,2.0,-,-
110,240,80.0,989.0,1120.0,100.0,2000,2800,18.5,22322 EJA/VA405,22322 EKJA/VA405,110,143.0,204.0,13.9,7.5,3.0,124.0,-,226.0,2.5,0.33,2.0,3.0,2.0,53 g,19 g
110,240,80.0,989.0,1120.0,100.0,2000,2800,18.5,22322 EJA/VA406,-,110,143.0,204.0,13.9,7.5,3.0,124.0,-,226.0,2.5,0.33,2.0,3.0,2.0,53 g,19 g
120,180,46.0,366.0,500.0,52.0,3200,4000,4.2,23024 CC/W33,23024 CCK/W33,120,135.0,163.0,6,3,2.0,129.0,-,171.0,2.0,0.22,3.0,4.6,2.8,-,-
120,180,46.0,367.0,500.0,52.0,-,1400,4.2,23024-2RS5/VT143,-,120,132.0,168.0,6,3,2.0,129.0,132,171.0,2.0,0.2,3.4,5.0,3.2,-,-
120,180,60.0,456.0,670.0,68.0,2400,3400,5.45,24024 CC/W33,24024 CCK30/W33,120,132.0,159.0,6,3,2.0,129.0,-,171.0,2.0,0.3,2.3,3.4,2.2,-,-
120,180,60.0,457.0,670.0,68.0,-,670,5.45,24024-2CS5/VT143,-,120,130.0,166.0,6,3,2.0,129.0,130,171.0,2.0,0.28,2.4,3.6,2.5,-,-
120,200,62.0,534.0,695.0,71.0,2600,3400,8.0,23124 CC/W33,23124 CCK/W33,120,139.0,174.0,8.3,4.5,2.0,131.0,-,189.0,2.0,0.28,2.4,3.6,2.5,-,-
120,200,62.0,535.0,695.0,71.0,-,720,7.55,23124-2CS5/VT143,-,120,135.0,183.0,8.3,4.5,2.0,131.0,135,189.0,2.0,0.27,2.5,3.7,2.5,-,-
120,200,80.0,679.0,950.0,95.0,1900,2600,10.5,24124 CC/W33,24124 CCK30/W33,120,135.0,168.0,6,3,2.0,131.0,-,189.0,2.0,0.37,1.8,2.7,1.8,-,-
120,200,80.0,680.0,950.0,95.0,-,560,10.5,24124-2CS5/VT143,-,120,132.0,179.0,6,3,2.0,131.0,132,189.0,2.0,0.37,1.8,2.7,1.8,-,-
120,215,58.0,652.0,765.0,73.5,2800,3800,8.7,22224 E,22224 EK,120,141.0,189.0,11.1,6,2.1,132.0,-,203.0,2.0,0.26,2.6,3.9,2.5,-,-
120,215,69.0,652.0,765.0,73.5,-,1400,9.75, BS2-2224-2RS5/VT143, BS2-2224-2RS5K/VT143,120,136.0,194.0,11.1,6,2.1,132.0,136,203.0,2.0,0.26,2.6,3.9,2.5,-,-
120,215,76.0,732.0,930.0,93.0,2000,2800,12.0,23224 CC/W33,23224 CCK/W33,120,141.0,182.0,8.3,4.5,2.1,132.0,-,203.0,2.0,0.35,1.9,2.9,1.8,-,-
120,215,76.0,734.0,930.0,93.0,-,600,12.0,23224-2CS5/VT143,23224-2CS5K/VT143,120,137.0,193.0,8.3,4.5,2.1,132.0,137,203.0,2.0,0.33,2.0,3.0,2.0,-,-
120,260,86.0,1019.0,1120.0,100.0,2000,2600,23.0,22324 CC/W33,22324 CCK/W33,120,152.0,216.0,13.9,7.5,3.0,134.0,-,246.0,2.5,0.35,1.9,2.9,1.8,-,-
120,260,86.0,1019.0,1120.0,100.0,2000,2600,23.0,22324 CCJA/W33VA405,22324 CCKJA/W33VA405,120,152.0,216.0,13.9,7.5,3.0,134.0,-,246.0,2.5,0.35,1.9,2.9,1.8,96 g,21 g
120,260,86.0,1019.0,1120.0,100.0,2000,2600,23.0,22324 CCJA/W33VA406,-,120,152.0,216.0,13.9,7.5,3.0,134.0,-,246.0,2.5,0.35,1.9,2.9,1.8,96 g,21 g
120,260,86.0,1022.0,1120.0,100.0,-,600,23.0,22324-2CS5/VT143,22324-2CS5K/VT143,120,147.0,229.0,13.9,7.5,3.0,134.0,147,246.0,2.5,0.33,2.0,3.0,2.0,-,-
130,200,52.0,452.0,610.0,61.0,2800,3600,6.0,23026 CC/W33,23026 CCK/W33,130,148.0,180.0,8.3,4.5,2.0,139.0,-,191.0,2.0,0.23,2.9,4.4,2.8,-,-
130,200,52.0,452.0,610.0,62.0,-,800,6.0,23026-2CS5/VT143,23026-2CS5K/VT143,130,145.0,186.0,8.3,4.5,2.0,139.0,145,191.0,2.0,0.21,3.2,4.8,3.2,-,-
130,200,69.0,569.0,815.0,81.5,2000,3000,8.05,24026 CC/W33,24026 CCK30/W33,130,145.0,175.0,6,3,2.0,139.0,-,191.0,2.0,0.31,2.2,3.3,2.2,-,-
130,200,69.0,570.0,830.0,81.5,-,600,8.05,24026-2CS5/VT143,-,130,140.0,183.0,6,3,2.0,139.0,140,191.0,2.0,0.3,2.3,3.4,2.2,-,-
130,210,64.0,586.0,780.0,78.0,2400,3200,8.8,23126 CC/W33,23126 CCK/W33,130,148.0,184.0,8.3,4.5,2.0,141.0,-,199.0,2.0,0.28,2.4,3.6,2.5,-,-
130,210,80.0,699.0,1000.0,100.0,1700,2400,11.0,24126 CC/W33,24126 CCK30/W33,130,146.0,180.0,6,3,2.0,141.0,-,199.0,2.0,0.35,1.9,2.9,1.8,-,-
130,210,80.0,701.0,1000.0,100.0,-,530,11.0,24126-2CS5/VT143,-,130,141.0,190.0,6,3,2.0,141.0,141,199.0,2.0,0.33,2.0,3.0,2.0,-,-
130,220,73.0,640.0,930.0,93.0,1600,2400,11.5,229750 J/C3R505,-,130,154.0,190.0,-,-,2.1,142.0,-,208.0,2.0,0.31,2.2,3.3,2.2,-,-
130,230,64.0,758.0,930.0,88.0,2600,3600,11.0,22226 E,22226 EK,130,152.0,201.0,11.1,6,3.0,144.0,-,216.0,2.5,0.27,2.5,3.7,2.5,-,-
130,230,75.0,758.0,930.0,88.0,-,700,11.0, BS2-2226-2CS5/VT143, BS2-2226-2CS5K/VT143,130,147.0,205.0,11.1,6,3.0,144.0,147,216.0,2.5,0.27,2.5,3.7,2.5,-,-
130,230,80.0,826.0,1060.0,104.0,1900,2600,14.5,23226 CC/W33,23226 CCK/W33,130,151.0,196.0,8.3,4.5,3.0,144.0,-,216.0,2.5,0.33,2.0,3.0,2.0,-,-
130,230,80.0,828.0,1060.0,104.0,-,530,14.5,23226-2CS5/VT143,23226-2CS5K/VT143,130,147.0,209.0,8.3,4.5,3.0,144.0,147,216.0,2.5,0.31,2.2,3.3,2.2,-,-
130,280,93.0,1176.0,1320.0,114.0,1800,2400,29.0,22326 CC/W33,22326 CCK/W33,130,164.0,233.0,16.7,9,4.0,147.0,-,263.0,3.0,0.35,1.9,2.9,1.8,-,-
130,280,93.0,1176.0,1320.0,114.0,1800,2400,29.0,22326 CCJA/W33VA405,22326 CCKJA/W33VA405,130,164.0,233.0,16.7,9,4.0,147.0,-,263.0,3.0,0.35,1.9,2.9,1.8,87 g,20 g
130,280,93.0,1176.0,1320.0,114.0,1800,2400,29.0,22326 CCJA/W33VA406,-,130,164.0,233.0,16.7,9,4.0,147.0,-,263.0,3.0,0.35,1.9,2.9,1.8,87 g,20 g
130,280,93.0,1178.0,1320.0,114.0,-,500,29.0,22326-2CS5/VT143,22326-2CS5K/VT143,130,159.0,246.0,16.7,9,4.0,147.0,159,263.0,3.0,0.33,2.0,3.0,2.0,-,-
140,210,53.0,485.0,680.0,68.0,-,700,6.55,23028-2CS5/VT143,23028-2CS5K/VT143,140,155.0,197.0,8.3,4.5,2.0,149.0,155,201.0,2.0,0.2,3.4,5.0,3.2,-,-
140,210,53.0,485.0,680.0,68.0,2600,3400,6.55,23028 CC/W33,23028 CCK/W33,140,158.0,190.0,8.3,4.5,2.0,149.0,-,201.0,2.0,0.22,3.0,4.6,2.8,-,-
140,210,69.0,600.0,900.0,88.0,2000,2800,8.55,24028 CC/W33,24028 CCK30/W33,140,155.0,185.0,6,3,2.0,149.0,-,201.0,2.0,0.3,2.3,3.4,2.2,-,-
140,210,69.0,601.0,900.0,88.0,-,560,8.55,24028-2CS5/VT143,-,140,151.0,195.0,6,3,2.0,149.0,151,201.0,2.0,0.28,2.4,3.6,2.5,-,-
140,225,68.0,659.0,900.0,88.0,2200,2800,10.5,23128 CC/W33,23128 CCK/W33,140,159.0,197.0,8.3,4.5,2.1,152.0,-,213.0,2.0,0.28,2.4,3.6,2.5,-,-
140,225,85.0,796.0,1160.0,112.0,1600,2200,13.5,24128 CC/W33,24128 CCK30/W33,140,156.0,193.0,8.3,4.5,2.1,152.0,-,213.0,2.0,0.35,1.9,2.9,1.8,-,-
140,225,85.0,797.0,1160.0,112.0,-,450,13.5,24128-2CS5/VT143,24128-2CS5K30/VT143,140,153.0,203.0,8.3,4.5,2.1,152.0,153,213.0,2.0,0.35,1.9,2.9,1.8,-,-
140,250,68.0,743.0,900.0,86.5,2400,3200,14.0,22228 CC/W33,22228 CCK/W33,140,166.0,216.0,11.1,6,3.0,154.0,-,236.0,2.5,0.26,2.6,3.9,2.5,-,-
140,250,68.0,744.0,900.0,86.5,-,670,14.0,22228-2CS5/VT143,22228-2CS5K/VT143,140,161.0,225.0,11.1,6,3.0,154.0,161,236.0,2.5,0.24,2.8,4.2,2.8,-,-
140,250,88.0,962.0,1250.0,120.0,1700,2400,19.0,23228 CC/W33,23228 CCK/W33,140,165.0,212.0,11.1,6,3.0,154.0,-,236.0,2.5,0.33,2.0,3.0,2.0,-,-
140,250,88.0,963.0,1250.0,120.0,-,480,19.0,23228-2CS5/VT143,23228-2CS5K/VT143,140,161.0,225.0,11.1,6,3.0,154.0,161,236.0,2.5,0.33,2.0,3.0,2.0,-,-
140,300,102.0,1357.0,1560.0,132.0,1700,2200,36.5,22328 CC/W33,22328 CCK/W33,140,175.0,247.0,16.7,9,4.0,157.0,-,283.0,3.0,0.35,1.9,2.9,1.8,-,-
140,300,102.0,1357.0,1560.0,132.0,1700,2200,36.5,22328 CCJA/W33VA405,22328 CCKJA/W33VA405,140,175.0,247.0,16.7,9,4.0,157.0,-,283.0,3.0,0.35,1.9,2.9,1.8,78 g,20 g
140,300,102.0,1357.0,1560.0,132.0,1700,2200,36.5,22328 CCJA/W33VA406,-,140,175.0,247.0,16.7,9,4.0,157.0,-,283.0,3.0,0.35,1.9,2.9,1.8,78 g,20 g
140,300,102.0,1359.0,1560.0,132.0,-,430,36.5,22328-2CS5/VT143,22328-2CS5K/VT143,140,169.0,261.0,16.7,9,4.0,157.0,169,283.0,3.0,0.33,2.0,3.0,2.0,-,-
150,225,56.0,531.0,750.0,73.5,2400,3200,7.95,23030 CC/W33,23030 CCK/W33,150,169.0,203.0,8.3,4.5,2.1,161.0,-,214.0,2.0,0.22,3.0,4.6,2.8,-,-
150,225,56.0,532.0,750.0,73.5,-,670,7.95,23030-2CS5/VT143,23030-2CS5K/VT143,150,165.0,211.0,8.3,4.5,2.1,161.0,165,214.0,2.0,0.2,3.4,5.0,3.2,-,-
150,225,75.0,680.0,1040.0,100.0,1800,2600,10.5,24030 CC/W33,24030 CCK30/W33,150,165.0,197.0,6,3,2.1,161.0,-,214.0,2.0,0.3,2.3,3.4,2.2,-,-
150,225,75.0,681.0,1040.0,100.0,-,530,10.5,24030-2CS5/VT143,-,150,162.0,206.0,6,3,2.1,161.0,162,214.0,2.0,0.28,2.4,3.6,2.5,-,-
150,250,80.0,883.0,1200.0,114.0,2000,2600,16.0,23130 CC/W33,23130 CCK/W33,150,172.0,216.0,11.1,6,2.1,162.0,-,238.0,2.0,0.3,2.3,3.4,2.2,-,-
150,250,80.0,884.0,1200.0,114.0,-,560,16.0,23130-2CS5/VT143,23130-2CS5K/VT143,150,168.0,226.0,11.1,6,2.1,162.0,168,238.0,2.0,0.28,2.4,3.6,2.5,-,-
150,250,100.0,1054.0,1530.0,146.0,1400,2000,20.0,24130 CC/W33,24130 CCK30/W33,150,169.0,211.0,8.3,4.5,2.1,162.0,-,238.0,2.0,0.37,1.8,2.7,1.8,-,-
150,250,100.0,1056.0,1530.0,146.0,-,400,20.0,24130-2CS5/VT143,24130-2CS5K30/VT143,150,163.0,222.0,8.3,4.5,2.1,162.0,163,238.0,2.0,0.37,1.8,2.7,1.8,-,-
150,270,73.0,898.0,1080.0,102.0,2200,3000,18.0,22230 CC/W33,22230 CCK/W33,150,178.0,234.0,13.9,7.5,3.0,164.0,-,256.0,2.5,0.26,2.6,3.9,2.5,-,-
150,270,73.0,899.0,1080.0,102.0,-,630,18.0,22230-2CS5/VT143,22230-2CS5K/VT143,150,174.0,248.0,13.9,7.5,3.0,164.0,174,256.0,2.5,0.24,2.8,4.2,2.8,-,-
150,270,96.0,1129.0,1460.0,137.0,1600,2200,24.5,23230 CC/W33,23230 CCK/W33,150,175.0,228.0,11.1,6,3.0,164.0,-,256.0,2.5,0.35,1.9,2.9,1.8,-,-
150,270,96.0,1132.0,1460.0,137.0,-,430,24.5,23230-2CS5/VT143,23230-2CS5K/VT143,150,171.0,243.0,11.1,6,3.0,164.0,171,256.0,2.5,0.33,2.0,3.0,2.0,-,-
150,320,108.0,1539.0,1760.0,146.0,1600,2000,43.5,22330 CC/W33,22330 CCK/W33,150,188.0,266.0,16.7,9,4.0,167.0,-,303.0,3.0,0.35,1.9,2.9,1.8,-,-
150,320,108.0,1539.0,1760.0,146.0,1600,2000,43.5,22330 CCJA/W33VA405,22330 CCKJA/W33VA405,150,188.0,266.0,16.7,9,4.0,167.0,-,303.0,3.0,0.35,1.9,2.9,1.8,72 g,19 g
150,320,108.0,1539.0,1760.0,146.0,1600,2000,43.5,22330 CCJA/W33VA406,-,150,188.0,266.0,16.7,9,4.0,167.0,-,303.0,3.0,0.35,1.9,2.9,1.8,72 g,19 g
150,320,108.0,1541.0,1760.0,146.0,-,400,43.5,22330-2CS5/VT143,22330-2CS5K/VT143,150,181.0,281.0,16.7,9,4.0,167.0,181,303.0,3.0,0.33,2.0,3.0,2.0,-,-
160,240,60.0,614.0,880.0,83.0,2400,3000,9.7,23032 CC/W33,23032 CCK/W33,160,180.0,217.0,11.1,6,2.1,171.0,-,229.0,2.0,0.22,3.0,4.6,2.8,-,-
160,240,60.0,615.0,880.0,83.0,-,670,9.7,23032-2CS5/VT143,23032-2CS5K/VT143,160,177.0,225.0,11.1,6,2.1,171.0,177,229.0,2.0,0.2,3.4,5.0,3.2,-,-
160,240,80.0,783.0,1200.0,114.0,1700,2400,13.0,24032 CC/W33,24032 CCK30/W33,160,176.0,211.0,8.3,4.5,2.1,171.0,-,229.0,2.0,0.3,2.3,3.4,2.2,-,-
160,240,80.0,784.0,1200.0,114.0,-,450,13.0,24032-2CS5/VT143,-,160,173.0,218.0,8.3,4.5,2.1,171.0,173,229.0,2.0,0.28,2.4,3.6,2.5,-,-
160,270,86.0,1029.0,1370.0,129.0,1900,2400,20.5,23132 CC/W33,23132 CCK/W33,160,184.0,234.0,13.9,7.5,2.1,172.0,-,258.0,2.0,0.3,2.3,3.4,2.2,-,-
160,270,86.0,1030.0,1400.0,129.0,-,530,20.5,23132-2CS5/VT143,23132-2CS5K/VT143,160,180.0,244.0,13.9,7.5,2.1,172.0,180,258.0,2.0,0.28,2.4,3.6,2.5,-,-
160,270,109.0,1227.0,1760.0,163.0,1300,1900,25.0,24132 CC/W33,24132 CCK30/W33,160,181.0,228.0,8.3,4.5,2.1,172.0,-,258.0,2.0,0.4,1.7,2.5,1.6,-,-
160,270,109.0,1229.0,1760.0,163.0,-,380,25.0,24132-2CS5/VT143,-,160,176.0,239.0,8.3,4.5,2.1,172.0,176,258.0,2.0,0.37,1.8,2.7,1.8,-,-
160,290,80.0,1043.0,1290.0,118.0,2000,2800,22.5,22232 CC/W33,22232 CCK/W33,160,191.0,250.0,13.9,7.5,3.0,174.0,-,276.0,2.5,0.26,2.6,3.9,2.5,-,-
160,290,80.0,1044.0,1290.0,118.0,-,600,22.5,22232-2CS5/VT143,22232-2CS5K/VT143,160,185.0,264.0,13.9,7.5,3.0,174.0,185,276.0,2.5,0.25,2.7,4.0,2.5,-,-
160,290,104.0,1281.0,1660.0,153.0,1500,2200,31.0,23232 CC/W33,23232 CCK/W33,160,188.0,244.0,13.9,7.5,3.0,174.0,-,276.0,2.5,0.35,1.9,2.9,1.8,-,-
160,340,114.0,1680.0,1960.0,160.0,1500,1900,52.0,22332 CC/W33,22332 CCK/W33,160,200.0,282.0,16.7,9,4.0,177.0,-,323.0,3.0,0.35,1.9,2.9,1.8,-,-
160,340,114.0,1680.0,1960.0,160.0,1500,1900,52.0,22332 CCJA/W33VA405,22332 CCKJA/W33VA405,160,200.0,282.0,16.7,9,4.0,177.0,-,323.0,3.0,0.35,1.9,2.9,1.8,69 g,18 g
160,340,114.0,1680.0,1960.0,160.0,1500,1900,52.0,22332 CCJA/W33VA406,-,160,200.0,282.0,16.7,9,4.0,177.0,-,323.0,3.0,0.35,1.9,2.9,1.8,69 g,18 g
160,340,114.0,1683.0,1960.0,160.0,-,380,52.0,22332-2CS5/VT143,22332-2CS5K/VT143,160,193.0,296.0,16.7,9,4.0,177.0,193,323.0,3.0,0.33,2.0,3.0,2.0,-,-
170,260,67.0,745.0,1060.0,100.0,2200,2800,13.0,23034 CC/W33,23034 CCK/W33,170,191.0,232.0,11.1,6,2.1,181.0,-,249.0,2.0,0.23,2.9,4.4,2.8,-,-
170,260,67.0,746.0,1080.0,100.0,-,630,13.0,23034-2CS5/VT143,23034-2CS5K/VT143,170,188.0,243.0,11.1,6,2.1,181.0,188,249.0,2.0,0.22,3.0,4.6,2.8,-,-
170,260,90.0,963.0,1460.0,137.0,1600,2400,17.5,24034 CC/W33,24034 CCK30/W33,170,188.0,226.0,8.3,4.5,2.1,181.0,-,249.0,2.0,0.33,2.0,3.0,2.0,-,-
170,260,90.0,966.0,1500.0,137.0,-,400,17.5,24034-2CS5/VT143,-,170,184.0,235.0,8.3,4.5,2.1,181.0,184,249.0,2.0,0.3,2.3,3.4,2.2,-,-
170,280,88.0,1086.0,1500.0,137.0,1800,2400,22.0,23134 CC/W33,23134 CCK/W33,170,195.0,244.0,13.9,7.5,2.1,182.0,-,268.0,2.0,0.3,2.3,3.4,2.2,-,-
170,280,88.0,1088.0,1500.0,137.0,-,480,22.0,23134-2CS5/VT143,23134-2CS5K/VT143,170,190.0,256.0,13.9,7.5,2.1,182.0,190,268.0,2.0,0.28,2.4,3.6,2.5,-,-
170,280,109.0,1270.0,1860.0,170.0,1200,1800,27.5,24134 CC/W33,24134 CCK30/W33,170,190.0,237.0,8.3,4.5,2.1,182.0,-,268.0,2.0,0.37,1.8,2.7,1.8,-,-
170,280,109.0,1273.0,1860.0,170.0,-,360,27.5,24134-2CS5/VT143,-,170,185.0,248.0,8.3,4.5,2.1,182.0,185,268.0,2.0,0.35,1.9,2.9,1.8,-,-
170,310,86.0,1183.0,1460.0,132.0,1900,2600,28.5,22234 CC/W33,22234 CCK/W33,170,203.0,267.0,16.7,9,4.0,187.0,-,293.0,3.0,0.27,2.5,3.7,2.5,-,-
170,310,86.0,1185.0,1460.0,134.0,-,500,28.5,22234-2CS5/VT143,22234-2CS5K/VT143,170,198.0,282.0,16.7,9,4.0,187.0,198,293.0,3.0,0.25,2.7,4.0,2.5,-,-
170,310,110.0,1472.0,1930.0,173.0,1400,2000,37.5,23234 CC/W33,23234 CCK/W33,170,200.0,261.0,13.9,7.5,4.0,187.0,-,293.0,3.0,0.35,1.9,2.9,1.8,-,-
170,360,120.0,1863.0,2160.0,176.0,1400,1800,61.0,22334 CC/W33,22334 CCK/W33,170,213.0,300.0,16.7,9,4.0,187.0,-,343.0,3.0,0.33,2.0,3.0,2.0,-,-
170,360,120.0,1863.0,2160.0,176.0,1400,1800,61.0,22334 CCJA/W33VA405,22334 CCKJA/W33VA405,170,213.0,300.0,16.7,9,4.0,187.0,-,343.0,3.0,0.33,2.0,3.0,2.0,65 g,18 g
170,360,120.0,1863.0,2160.0,176.0,1400,1800,61.0,22334 CCJA/W33VA406,-,170,213.0,300.0,16.7,9,4.0,187.0,-,343.0,3.0,0.33,2.0,3.0,2.0,65 g,18 g
180,250,52.0,519.0,830.0,76.5,2600,2800,7.9,23936 CC/W33,23936 CCK/W33,180,199.0,231.0,6,3,2.0,189.0,-,241.0,2.0,0.18,3.8,5.6,3.6,-,-
180,280,74.0,883.0,1250.0,114.0,2000,2600,17.0,23036 CC/W33,23036 CCK/W33,180,204.0,249.0,13.9,7.5,2.1,191.0,-,269.0,2.0,0.24,2.8,4.2,2.8,-,-
180,280,74.0,884.0,1270.0,114.0,-,560,17.0,23036-2CS5/VT143,23036-2CS5K/VT143,180,199.0,262.0,13.9,7.5,2.1,191.0,199,269.0,2.0,0.22,3.0,4.6,2.8,-,-
180,280,100.0,1134.0,1730.0,156.0,1500,2200,23.0,24036 CC/W33,24036 CCK30/W33,180,201.0,243.0,8.3,4.5,2.1,191.0,-,269.0,2.0,0.33,2.0,3.0,2.0,-,-
180,280,100.0,1136.0,1730.0,156.0,-,380,23.0,24036-2CS5/VT143,-,180,194.0,251.0,8.3,4.5,2.1,191.0,194,269.0,2.0,0.31,2.2,3.3,2.2,-,-
180,300,96.0,1263.0,1760.0,160.0,1700,2200,28.0,23136 CC/W33,23136 CCK/W33,180,207.0,259.0,13.9,7.5,3.0,194.0,-,286.0,2.5,0.3,2.3,3.4,2.2,-,-
180,300,96.0,1264.0,1800.0,160.0,-,430,28.0,23136-2CS5/VT143,23136-2CS5K/VT143,180,202.0,272.0,13.9,7.5,3.0,194.0,202,286.0,2.5,0.28,2.4,3.6,2.5,-,-
180,300,118.0,1449.0,2160.0,196.0,1100,1600,34.5,24136 CC/W33,24136 CCK30/W33,180,203.0,253.0,11.1,6,3.0,194.0,-,286.0,2.5,0.37,1.8,2.7,1.8,-,-
180,300,118.0,1452.0,2160.0,196.0,-,360,34.5,24136-2CS5/VT143,-,180,198.0,266.0,11.1,6,3.0,194.0,198,286.0,2.5,0.37,1.8,2.7,1.8,-,-
180,320,86.0,1237.0,1560.0,140.0,1800,2600,29.5,22236 CC/W33,22236 CCK/W33,180,213.0,278.0,16.7,9,4.0,197.0,-,303.0,3.0,0.26,2.6,3.9,2.5,-,-
180,320,86.0,1239.0,1560.0,140.0,-,530,29.0,22236-2CS5/VT143,22236-2CS5K/VT143,180,208.0,289.0,16.7,9,4.0,197.0,208,303.0,3.0,0.24,2.8,4.2,2.8,-,-
180,320,112.0,1557.0,2120.0,186.0,1300,1900,39.5,23236 CC/W33,23236 CCK/W33,180,211.0,271.0,13.9,7.5,4.0,197.0,-,303.0,3.0,0.35,1.9,2.9,1.8,-,-
180,380,126.0,2077.0,2450.0,193.0,1300,1700,71.5,22336 CC/W33,22336 CCK/W33,180,224.0,317.0,22.3,12,4.0,197.0,-,363.0,3.0,0.35,1.9,2.9,1.8,-,-
180,380,126.0,2077.0,2450.0,193.0,1300,1700,71.5,22336 CCJA/W33VA405,22336 CCKJA/W33VA405,180,224.0,317.0,22.3,12,4.0,197.0,-,363.0,3.0,0.35,1.9,2.9,1.8,59 g,17 g
180,380,126.0,2077.0,2450.0,193.0,1300,1700,71.5,22336 CCJA/W33VA406,-,180,224.0,317.0,22.3,12,4.0,197.0,-,363.0,3.0,0.35,1.9,2.9,1.8,59 g,17 g
190,260,52.0,499.0,800.0,76.5,2400,2600,8.3,23938 CC/W33,23938 CCK/W33,190,209.0,240.0,6,3,2.0,199.0,-,251.0,2.0,0.16,4.2,6.3,4.0,-,-
190,290,75.0,916.0,1340.0,122.0,1900,2400,18.0,23038 CC/W33,23038 CCK/W33,190,216.0,261.0,13.9,7.5,2.1,201.0,-,279.0,2.0,0.23,2.9,4.4,2.8,-,-
190,290,100.0,1164.0,1800.0,163.0,1400,2000,24.5,24038 CC/W33,24038 CCK30/W33,190,210.0,253.0,8.3,4.5,2.1,201.0,-,279.0,2.0,0.31,2.2,3.3,2.2,-,-
190,320,104.0,1456.0,2080.0,183.0,1500,2000,35.0,23138 CC/W33,23138 CCK/W33,190,220.0,275.0,13.9,7.5,3.0,204.0,-,306.0,2.5,0.31,2.2,3.3,2.2,-,-
190,320,104.0,1458.0,2080.0,183.0,-,400,35.0,23138-2CS5/VT143,23138-2CS5K/VT143,190,215.0,288.0,13.9,7.5,3.0,204.0,215,306.0,2.5,0.3,2.3,3.4,2.2,-,-
190,320,128.0,1652.0,2500.0,212.0,1100,1500,43.0,24138 CC/W33,24138 CCK30/W33,190,215.0,268.0,11.1,6,3.0,204.0,-,306.0,2.5,0.4,1.7,2.5,1.6,-,-
190,320,128.0,1655.0,2500.0,212.0,-,340,43.0,24138-2CS5/VT143,-,190,210.0,282.0,11.1,6,3.0,204.0,210,306.0,2.5,0.37,1.8,2.7,1.8,-,-
190,340,92.0,1342.0,1700.0,150.0,1700,2400,36.5,22238 CC/W33,22238 CCK/W33,190,225.0,294.0,16.7,9,4.0,207.0,-,323.0,3.0,0.26,2.6,3.9,2.5,-,-
190,340,92.0,1345.0,1700.0,150.0,-,480,35.0,22238-2CS5/VT143,22238-2CS5K/VT143,190,220.0,306.0,16.7,9,4.0,207.0,220,323.0,3.0,0.24,2.8,4.2,2.8,-,-
190,340,120.0,1759.0,2400.0,208.0,1300,1800,48.0,23238 CC/W33,23238 CCK/W33,190,222.0,287.0,16.7,9,4.0,207.0,-,323.0,3.0,0.35,1.9,2.9,1.8,-,-
190,400,132.0,2232.0,2650.0,208.0,1200,1600,82.5,22338 CC/W33,22338 CCK/W33,190,236.0,333.0,22.3,12,5.0,210.0,-,380.0,4.0,0.35,1.9,2.9,1.8,-,-
190,400,132.0,2232.0,2650.0,208.0,1200,1600,82.5,22338 CCJA/W33VA405,22338 CCKJA/W33VA405,190,236.0,333.0,22.3,12,5.0,210.0,-,380.0,4.0,0.35,1.9,2.9,1.8,57 g,17 g
190,400,132.0,2232.0,2650.0,208.0,1200,1600,82.5,22338 CCJA/W33VA406,-,190,236.0,333.0,22.3,12,5.0,210.0,-,380.0,4.0,0.35,1.9,2.9,1.8,57 g,17 g
190,400,132.0,2236.0,2650.0,208.0,-,340,77.5,22338-2CS5/VT143,-,190,228.0,352.0,22.3,12,5.0,210.0,228,380.0,4.0,0.33,2.0,3.0,2.0,-,-
200,280,60.0,651.0,1040.0,93.0,2200,2400,11.5,23940 CC/W33,23940 CCK/W33,200,222.0,258.0,8.3,4.5,2.1,211.0,-,269.0,2.0,0.19,3.6,5.3,3.6,-,-
200,310,82.0,1058.0,1530.0,137.0,1800,2200,23.5,23040 CC/W33,23040 CCK/W33,200,228.0,278.0,13.9,7.5,2.1,211.0,-,299.0,2.0,0.24,2.8,4.2,2.8,-,-
200,310,82.0,1059.0,1530.0,137.0,-,480,22.0,23040-2CS5/VT143,23040-2CS5K/VT143,200,223.0,286.0,13.9,7.5,2.1,211.0,223,299.0,2.0,0.22,3.0,4.6,2.8,-,-
200,310,109.0,1353.0,2120.0,186.0,1300,1900,31.0,24040 CC/W33,24040 CCK30/W33,200,223.0,268.0,11.1,6,2.1,211.0,-,299.0,2.0,0.33,2.0,3.0,2.0,-,-
200,340,112.0,1665.0,2360.0,204.0,1500,1900,43.0,23140 CC/W33,23140 CCK/W33,200,231.0,293.0,16.7,9,3.0,214.0,-,326.0,2.5,0.31,2.2,3.3,2.2,-,-
200,340,112.0,1668.0,2360.0,204.0,-,380,43.0,23140-2CS5/VT143,23140-2CS5K/VT143,200,227.0,306.0,16.7,9,3.0,214.0,227,326.0,2.5,0.3,2.3,3.4,2.2,-,-
200,340,140.0,1865.0,2800.0,232.0,1000,1400,53.5,24140 CC/W33,24140 CCK30/W33,200,226.0,284.0,11.1,6,3.0,214.0,-,326.0,2.5,0.4,1.7,2.5,1.6,-,-
200,340,140.0,1871.0,2800.0,232.0,-,320,53.5,24140-2CS5/VT143,-,200,221.0,294.0,11.1,6,3.0,214.0,221,326.0,2.5,0.37,1.8,2.7,1.8,-,-
200,360,98.0,1526.0,1930.0,166.0,1600,2200,43.5,22240 CC/W33,22240 CCK/W33,200,238.0,313.0,16.7,9,4.0,217.0,-,343.0,3.0,0.26,2.6,3.9,2.5,-,-
200,360,98.0,1529.0,1930.0,166.0,-,430,42.0,22240-2CS5/VT143,22240-2CS5K/VT143,200,232.0,324.0,16.7,9,4.0,217.0,232,343.0,3.0,0.24,2.8,4.2,2.8,-,-
200,360,128.0,1947.0,2700.0,228.0,1200,1700,58.0,23240 CC/W33,23240 CCK/W33,200,235.0,304.0,16.7,9,4.0,217.0,-,343.0,3.0,0.35,1.9,2.9,1.8,-,-
200,360,128.0,1950.0,2700.0,232.0,-,340,58.0,23240-2CS5/VT143,23240-2CS5K/VT143,200,230.0,320.0,16.7,9,4.0,217.0,230,343.0,3.0,0.33,2.0,3.0,2.0,-,-
200,420,138.0,2439.0,2900.0,224.0,1200,1500,95.0,22340 CC/W33,22340 CCK/W33,200,249.0,351.0,22.3,12,5.0,220.0,-,400.0,4.0,0.33,2.0,3.0,2.0,-,-
200,420,138.0,2439.0,2900.0,224.0,1200,1500,95.0,22340 CCJA/W33VA405,22340 CCKJA/W33VA405,200,249.0,351.0,22.3,12,5.0,220.0,-,400.0,4.0,0.33,2.0,3.0,2.0,55 g,17 g
200,420,138.0,2439.0,2900.0,224.0,1200,1500,95.0,22340 CCJA/W33VA406,-,200,249.0,351.0,22.3,12,5.0,220.0,-,400.0,4.0,0.33,2.0,3.0,2.0,55 g,17 g
220,300,60.0,661.0,1080.0,93.0,2000,2200,12.5,23944 CC/W33,23944 CCK/W33,220,241.0,278.0,8.3,4.5,2.1,231.0,-,289.0,2.0,0.16,4.2,6.3,4.0,-,-
220,300,60.0,662.0,1080.0,93.0,-,600,12.5,23944-2CS/VT143,-,220,238.0,284.0,8.3,4.5,2.1,231.0,238,289.0,2.0,0.15,4.5,6.7,4.5,-,-
220,340,90.0,1261.0,1860.0,163.0,1600,2000,30.5,23044 CC/W33,23044 CCK/W33,220,250.0,306.0,13.9,7.5,3.0,233.0,-,327.0,2.5,0.24,2.8,4.2,2.8,-,-
220,340,90.0,1262.0,1860.0,163.0,-,430,29.0,23044-2CS5/VT143,23044-2CS5K/VT143,220,245.0,314.0,13.9,7.5,3.0,233.0,245,327.0,2.5,0.22,3.0,4.6,2.8,-,-
220,340,118.0,1628.0,2600.0,212.0,1200,1700,40.0,24044 CC/W33,24044 CCK30/W33,220,244.0,295.0,11.1,6,3.0,233.0,-,327.0,2.5,0.33,2.0,3.0,2.0,-,-
220,370,120.0,1888.0,2750.0,232.0,1300,1700,53.5,23144 CC/W33,23144 CCK/W33,220,255.0,320.0,16.7,9,4.0,237.0,-,353.0,3.0,0.3,2.3,3.4,2.2,-,-
220,370,120.0,1891.0,2750.0,232.0,-,360,53.5,23144-2CS5/VT143,23144-2CS5K/VT143,220,249.0,332.0,16.7,9,4.0,237.0,249,353.0,3.0,0.28,2.4,3.6,2.5,-,-
220,370,150.0,2197.0,3350.0,285.0,850,1200,67.0,24144 CC/W33,24144 CCK30/W33,220,248.0,310.0,11.1,6,4.0,237.0,-,353.0,3.0,0.4,1.7,2.5,1.6,-,-
220,400,108.0,1835.0,2360.0,196.0,1500,2000,60.5,22244 CC/W33,22244 CCK/W33,220,263.0,346.0,16.7,9,4.0,237.0,-,383.0,3.0,0.27,2.5,3.7,2.5,-,-
220,400,108.0,1839.0,2360.0,200.0,-,380,58.0,22244-2CS5/VT143,22244-2CS5K/VT143,220,257.0,359.0,16.7,9,4.0,237.0,257,383.0,3.0,0.25,2.7,4.0,2.5,-,-
220,400,144.0,2485.0,3450.0,285.0,1100,1500,81.5,23244 CC/W33,23244 CCK/W33,220,259.0,338.0,16.7,9,4.0,237.0,-,383.0,3.0,0.35,1.9,2.9,1.8,-,-
220,460,145.0,2839.0,3450.0,260.0,1000,1400,120.0,22344 CC/W33,22344 CCK/W33,220,279.0,389.0,22.3,12,5.0,240.0,-,440.0,4.0,0.31,2.2,3.3,2.2,-,-
220,460,145.0,2839.0,3450.0,260.0,1000,1400,120.0,22344 CCJA/W33VA405,22344 CCKJA/W33VA405,220,279.0,389.0,22.3,12,5.0,240.0,-,440.0,4.0,0.31,2.2,3.3,2.2,49 g,16 g
220,460,145.0,2844.0,3450.0,260.0,-,300,115.0,22344-2CS5/VT143,22344-2CS5K/VT143,220,270.0,406.0,22.3,12,5.0,240.0,270,440.0,4.0,0.3,2.3,3.4,2.2,-,-
240,320,60.0,685.0,1160.0,98.0,1900,2000,13.5,23948 CC/W33,23948 CCK/W33,240,261.0,298.0,8.3,4.5,2.1,251.0,-,309.0,2.0,0.15,4.5,6.7,4.5,-,-
240,360,92.0,1340.0,2080.0,176.0,1500,1900,33.5,23048 CC/W33,23048 CCK/W33,240,271.0,326.0,13.9,7.5,3.0,253.0,-,347.0,2.5,0.23,2.9,4.4,2.8,-,-
240,360,92.0,1341.0,2080.0,176.0,-,400,32.0,23048-2CS5/VT143,23048-2CS5K/VT143,240,265.0,333.0,13.9,7.5,3.0,253.0,265,347.0,2.5,0.21,3.2,4.8,3.2,-,-
240,360,118.0,1663.0,2700.0,228.0,1100,1600,43.0,24048 CC/W33,24048 CCK30/W33,240,265.0,316.0,11.1,6,3.0,253.0,-,347.0,2.5,0.3,2.3,3.4,2.2,-,-
240,400,128.0,2187.0,3200.0,255.0,1200,1600,66.5,23148 CC/W33,23148 CCK/W33,240,277.0,348.0,16.7,9,4.0,257.0,-,383.0,3.0,0.3,2.3,3.4,2.2,-,-
240,400,128.0,2191.0,3200.0,255.0,-,340,66.5,23148-2CS5/VT143,23148-2CS5K/VT143,240,270.0,360.0,16.7,9,4.0,257.0,270,383.0,3.0,0.28,2.4,3.6,2.5,-,-
240,400,160.0,2489.0,3900.0,320.0,750,1100,83.0,24148 CC/W33,24148 CCK30/W33,240,271.0,336.0,11.1,6,4.0,257.0,-,383.0,3.0,0.4,1.7,2.5,1.6,-,-
240,440,120.0,2258.0,3000.0,245.0,1300,1800,83.0,22248 CC/W33,22248 CCK/W33,240,290.0,383.0,22.3,12,4.0,257.0,-,423.0,3.0,0.27,2.5,3.7,2.5,-,-
240,440,160.0,3042.0,4300.0,345.0,950,1300,110.0,23248 CC/W33,23248 CCK/W33,240,286.0,374.0,22.3,12,4.0,257.0,-,423.0,3.0,0.35,1.9,2.9,1.8,-,-
240,500,155.0,3229.0,4000.0,290.0,950,1300,155.0,22348 CC/W33,22348 CCK/W33,240,303.0,423.0,22.3,12,5.0,260.0,-,480.0,4.0,0.31,2.2,3.3,2.2,-,-
240,500,155.0,3229.0,4000.0,290.0,950,1300,155.0,22348 CCJA/W33VA405,22348 CCKJA/W33VA405,240,303.0,423.0,22.3,12,5.0,260.0,-,480.0,4.0,0.31,2.2,3.3,2.2,45 g,15 g
260,360,75.0,1055.0,1800.0,156.0,1700,1900,23.5,23952 CC/W33,23952 CCK/W33,260,287.0,331.0,8.3,4.5,2.1,271.0,-,349.0,2.0,0.18,3.8,5.6,3.6,-,-
260,400,104.0,1675.0,2550.0,212.0,1300,1700,48.5,23052 CC/W33,23052 CCK/W33,260,295.0,360.0,16.7,9,4.0,275.0,-,385.0,3.0,0.23,2.9,4.4,2.8,-,-
260,400,104.0,1677.0,2550.0,212.0,-,360,46.0,23052-2CS5/VT143,23052-2CS5K/VT143,260,289.0,369.0,16.7,9,4.0,275.0,289,385.0,3.0,0.22,3.0,4.6,2.8,-,-
260,400,140.0,2135.0,3450.0,285.0,1000,1400,65.5,24052 CC/W33,24052 CCK30/W33,260,289.0,347.0,11.1,6,4.0,275.0,-,385.0,3.0,0.33,2.0,3.0,2.0,-,-
260,440,144.0,2664.0,3900.0,290.0,1100,1400,90.5,23152 CC/W33,23152 CCK/W33,260,301.0,380.0,16.7,9,4.0,277.0,-,423.0,3.0,0.31,2.2,3.3,2.2,-,-
260,440,144.0,2668.0,3900.0,290.0,-,320,90.5,23152-2CS5/VT143,23152-2CS5K/VT143,260,293.0,398.0,16.7,9,4.0,277.0,293,423.0,3.0,0.3,2.3,3.4,2.2,-,-
260,440,180.0,3086.0,4800.0,380.0,670,950,110.0,24152 CC/W33,24152 CCK30/W33,260,293.0,368.0,13.9,7.5,4.0,277.0,-,423.0,3.0,0.4,1.7,2.5,1.6,-,-
260,440,180.0,3092.0,4900.0,380.0,-,240,109.0,24152-2CS5/VT143,-,260,286.0,391.0,13.9,7.5,4.0,277.0,286,423.0,3.0,0.4,1.7,2.5,1.6,-,-
260,480,130.0,2722.0,3550.0,285.0,1200,1600,110.0,22252 CC/W33,22252 CCK/W33,260,312.0,421.0,22.3,12,5.0,280.0,-,460.0,4.0,0.27,2.5,3.7,2.5,-,-
260,480,174.0,3395.0,4750.0,360.0,850,1200,140.0,23252 CC/W33,23252 CCK/W33,260,312.0,408.0,22.3,12,5.0,280.0,-,460.0,4.0,0.35,1.9,2.9,1.8,-,-
260,540,165.0,3680.0,4550.0,325.0,850,1100,190.0,22352 CC/W33,22352 CCK/W33,260,328.0,458.0,22.3,12,6.0,286.0,-,514.0,5.0,0.31,2.2,3.3,2.2,-,-
280,380,75.0,1016.0,1760.0,143.0,1600,1700,25.0,23956 CC/W33,23956 CCK/W33,280,308.0,352.0,11.1,6,2.1,291.0,-,369.0,2.0,0.16,4.2,6.3,4.0,-,-
280,420,106.0,1797.0,2850.0,224.0,1300,1600,52.5,23056 CC/W33,23056 CCK/W33,280,315.0,380.0,16.7,9,4.0,295.0,-,405.0,3.0,0.23,2.9,4.4,2.8,-,-
280,420,140.0,2248.0,3800.0,285.0,950,1400,69.5,24056 CC/W33,24056 CCK30/W33,280,309.0,368.0,11.1,6,4.0,295.0,-,405.0,3.0,0.31,2.2,3.3,2.2,-,-
280,460,146.0,2784.0,4250.0,335.0,1000,1300,97.0,23156 CC/W33,23156 CCK/W33,280,321.0,401.0,16.7,9,5.0,300.0,-,440.0,4.0,0.3,2.3,3.4,2.2,-,-
280,460,146.0,2788.0,4250.0,335.0,-,300,97.0,23156-2CS5/VT143,23156-2CS5K/VT143,280,314.0,417.0,16.7,9,5.0,300.0,314,440.0,4.0,0.28,2.4,3.6,2.5,-,-
280,460,180.0,3183.0,5100.0,415.0,630,900,120.0,24156 CC/W33,24156 CCK30/W33,280,314.0,390.0,13.9,7.5,5.0,300.0,-,440.0,4.0,0.4,1.7,2.5,1.6,-,-
280,460,180.0,3190.0,5100.0,415.0,-,220,115.0,24156-2CS5/VT143,24156-2CS5K30/VT143,280,307.0,413.0,13.9,7.5,5.0,300.0,307,440.0,4.0,0.37,1.8,2.7,1.8,-,-
280,500,130.0,2795.0,3750.0,300.0,1100,1500,115.0,22256 CC/W33,22256 CCK/W33,280,333.0,441.0,22.3,12,5.0,300.0,-,480.0,4.0,0.26,2.6,3.9,2.5,-,-
280,500,176.0,3425.0,4900.0,365.0,800,1100,150.0,23256 CC/W33,23256 CCK/W33,280,332.0,429.0,22.3,12,5.0,300.0,-,480.0,4.0,0.35,1.9,2.9,1.8,-,-
280,580,175.0,4158.0,5200.0,365.0,800,1100,235.0,22356 CC/W33,22356 CCK/W33,280,354.0,492.0,22.3,12,6.0,306.0,-,554.0,5.0,0.3,2.3,3.4,2.2,-,-
300,420,90.0,1413.0,2500.0,200.0,1400,1600,39.5,23960 CC/W33,23960 CCK/W33,300,333.0,385.0,11.1,6,3.0,313.0,-,407.0,2.5,0.19,3.6,5.3,3.6,-,-
300,460,118.0,2219.0,3450.0,265.0,1200,1500,71.5,23060 CC/W33,23060 CCK/W33,300,340.0,414.0,16.7,9,4.0,315.0,-,445.0,3.0,0.23,2.9,4.4,2.8,-,-
300,460,118.0,2222.0,3450.0,265.0,-,320,71.5,23060-2CS5/VT143,23060-2CS5K/VT143,300,334.0,433.0,16.7,9,4.0,315.0,334,445.0,3.0,0.22,3.0,4.6,2.8,-,-
300,460,160.0,2821.0,4750.0,355.0,850,1200,97.0,24060 CC/W33,24060 CCK30/W33,300,331.0,400.0,13.9,7.5,4.0,315.0,-,445.0,3.0,0.33,2.0,3.0,2.0,-,-
300,460,160.0,2827.0,4750.0,355.0,-,240,95.0,24060-2CS5/VT143,-,300,325.0,416.0,13.9,7.5,4.0,315.0,325,445.0,3.0,0.31,2.2,3.3,2.2,-,-
300,500,160.0,3368.0,5100.0,380.0,950,1200,125.0,23160 CC/W33,23160 CCK/W33,300,345.0,434.0,16.7,9,5.0,320.0,-,480.0,4.0,0.3,2.3,3.4,2.2,-,-
300,500,160.0,3373.0,5100.0,380.0,-,260,125.0,23160-2CS5/VT143,23160-2CS5K/VT143,300,337.0,451.0,16.7,9,5.0,320.0,337,480.0,4.0,0.28,2.4,3.6,2.5,-,-
300,500,200.0,3876.0,6300.0,465.0,560,800,160.0,24160 CC/W33,24160 CCK30/W33,300,338.0,422.0,13.9,7.5,5.0,320.0,-,480.0,4.0,0.4,1.7,2.5,1.6,-,-
300,500,200.0,3881.0,6300.0,465.0,-,212,156.0,24160-2CS5/VT143,24160-2CS5K30/VT143,300,330.0,447.0,13.9,7.5,5.0,320.0,330,480.0,4.0,0.37,1.8,2.7,1.8,-,-
300,540,140.0,3239.0,4250.0,325.0,1000,1400,135.0,22260 CC/W33,22260 CCK/W33,300,354.0,477.0,22.3,12,5.0,311.0,-,520.0,4.0,0.26,2.6,3.9,2.5,-,-
300,540,192.0,4052.0,5850.0,425.0,750,1000,190.0,23260 CC/W33,23260 CCK/W33,300,356.0,461.0,22.3,12,5.0,320.0,-,520.0,4.0,0.35,1.9,2.9,1.8,-,-
320,440,90.0,1480.0,2700.0,212.0,1400,1500,42.0,23964 CC/W33,23964 CCK/W33,320,354.0,406.0,11.1,6,3.0,333.0,-,427.0,2.5,0.17,4.0,5.9,4.0,-,-
320,480,121.0,2348.0,3800.0,285.0,-,320,7.55,23064-2CS5/VT143,23064-2CS5K/VT143,320,354.0,448.0,16.7,9,4.0,335.0,354,465.0,3.0,0.23,2.9,4.4,2.8,-,-
320,480,121.0,2348.0,3800.0,285.0,1100,1400,78.0,23064 CC/W33,23064 CCK/W33,320,360.0,434.0,16.7,9,4.0,335.0,-,465.0,3.0,0.23,2.9,4.4,2.8,-,-
320,480,160.0,2969.0,5100.0,400.0,800,1200,100.0,24064 CC/W33,24064 CCK30/W33,320,354.0,423.0,13.9,7.5,4.0,335.0,-,465.0,3.0,0.31,2.2,3.3,2.2,-,-
320,540,176.0,3923.0,6000.0,440.0,850,1100,165.0,23164 CC/W33,23164 CCK/W33,320,370.0,465.0,22.3,12,5.0,340.0,-,520.0,4.0,0.31,2.2,3.3,2.2,-,-
320,540,176.0,3929.0,6100.0,440.0,-,260,165.0,23164-2CS5/VT143,23164-2CS5K/VT143,320,361.0,483.0,22.3,12,5.0,340.0,361,520.0,4.0,0.3,2.3,3.4,2.2,-,-
320,540,218.0,4395.0,7100.0,510.0,500,700,210.0,24164 CC/W33,24164 CCK30/W33,320,364.0,455.0,16.7,9,5.0,340.0,-,520.0,4.0,0.4,1.7,2.5,1.6,-,-
320,580,150.0,3708.0,4900.0,375.0,950,1300,175.0,22264 CC/W33,22264 CCK/W33,320,379.0,513.0,22.3,12,5.0,340.0,-,560.0,4.0,0.26,2.6,3.9,2.5,-,-
320,580,208.0,4607.0,6700.0,475.0,700,950,240.0,23264 CC/W33,23264 CCK/W33,320,382.0,493.0,22.3,12,5.0,340.0,-,560.0,4.0,0.35,1.9,2.9,1.8,-,-
340,460,90.0,1490.0,2800.0,216.0,1300,1400,45.5,23968 CC/W33,23968 CCK/W33,340,373.0,426.0,11.1,6,3.0,353.0,-,447.0,2.5,0.17,4.0,5.9,4.0,-,-
340,520,133.0,2812.0,4550.0,335.0,1000,1300,105.0,23068 CC/W33,23068 CCK/W33,340,385.0,468.0,22.3,12,5.0,358.0,-,502.0,4.0,0.24,2.8,4.2,2.8,-,-
340,520,180.0,3621.0,6200.0,475.0,750,1100,140.0,24068 CC/W33,24068 CCK30/W33,340,377.0,453.0,16.7,9,5.0,358.0,-,502.0,4.0,0.33,2.0,3.0,2.0,-,-
340,580,190.0,4445.0,6800.0,480.0,800,1000,210.0,23168 CC/W33,23168 CCK/W33,340,394.0,498.0,22.3,12,5.0,360.0,-,560.0,4.0,0.31,2.2,3.3,2.2,-,-
340,580,190.0,4452.0,6800.0,490.0,-,240,210.0,23168-2CS5/VT143,23168-2CS5K/VT143,340,385.0,515.0,22.3,12,5.0,360.0,385,560.0,4.0,0.3,2.3,3.4,2.2,-,-
340,580,243.0,5487.0,8650.0,630.0,430,630,280.0,24168 ECCJ/W33,24168 ECCK30J/W33,340,383.0,491.0,16.7,9,5.0,360.0,-,560.0,4.0,0.4,1.7,2.5,1.6,-,-
340,620,224.0,5362.0,7800.0,550.0,560,800,295.0,23268 CA/W33,23268 CAK/W33,340,427.0,528.0,22.3,12,6.0,366.0,-,594.0,5.0,0.35,1.9,2.9,1.8,-,-
360,480,90.0,1456.0,2750.0,220.0,1200,1300,46.0,23972 CC/W33,23972 CCK/W33,360,394.0,447.0,11.1,6,3.0,373.0,-,467.0,2.5,0.15,4.5,6.7,4.5,-,-
360,540,134.0,2850.0,4800.0,345.0,950,1200,110.0,23072 CC/W33,23072 CCK/W33,360,404.0,483.0,22.3,12,5.0,378.0,-,522.0,4.0,0.23,2.9,4.4,2.8,-,-
360,540,180.0,3705.0,6550.0,490.0,700,1000,145.0,24072 CC/W33,24072 CCK30/W33,360,397.0,474.0,16.7,9,5.0,378.0,-,522.0,4.0,0.31,2.2,3.3,2.2,-,-
360,600,192.0,4515.0,6950.0,490.0,750,1000,220.0,23172 CC/W33,23172 CCK/W33,360,418.0,524.0,22.3,12,5.0,380.0,-,580.0,4.0,0.3,2.3,3.4,2.2,-,-
360,600,192.0,4521.0,6950.0,490.0,-,220,214.0,23172-2CS5/VT143,23172-2CS5K/VT143,360,408.0,541.0,22.3,12,5.0,380.0,408,580.0,4.0,0.28,2.4,3.6,2.5,-,-
360,600,243.0,5737.0,9300.0,670.0,400,600,280.0,24172 ECCJ/W33,24172 ECCK30J/W33,360,404.0,511.0,16.7,9,5.0,380.0,-,580.0,4.0,0.4,1.7,2.5,1.6,-,-
360,650,170.0,4430.0,6200.0,440.0,630,850,255.0,22272 CA/W33,22272 CAK/W33,360,454.0,568.0,22.3,12,6.0,386.0,-,624.0,5.0,0.26,2.6,3.9,2.5,-,-
360,650,232.0,5663.0,8300.0,570.0,530,750,335.0,23272 CA/W33,23272 CAK/W33,360,449.0,552.0,22.3,12,6.0,386.0,-,624.0,5.0,0.35,1.9,2.9,1.8,-,-
360,650,232.0,5669.0,8300.0,570.0,-,160,332.0,23272-2CS5/VT143,23272-2CS5K/VT143,360,429.0,581.0,22.3,12,6.0,386.0,429,624.0,5.0,0.35,1.9,2.9,1.8,-,-
380,520,106.0,2011.0,3800.0,285.0,1100,1200,69.0,23976 CC/W33,23976 CCK/W33,380,419.0,481.0,13.9,7.5,4.0,395.0,-,505.0,3.0,0.17,4.0,5.9,4.0,-,-
380,560,135.0,2984.0,5000.0,360.0,900,1200,115.0,23076 CC/W33,23076 CCK/W33,380,426.0,509.0,22.3,12,5.0,398.0,-,542.0,4.0,0.22,3.0,4.6,2.8,-,-
380,560,180.0,3786.0,6800.0,475.0,670,950,150.0,24076 CC/W33,24076 CCK30/W33,380,419.0,497.0,16.7,9,5.0,398.0,-,542.0,4.0,0.3,2.3,3.4,2.2,-,-
380,620,194.0,4561.0,7100.0,500.0,-,160,232.0,23176-2CS5/VT143,23176-2CS5K/VT143,380,438.0,573.0,22.3,12,5.0,400.0,438,600.0,4.0,0.3,2.3,3.4,2.2,-,-
380,620,194.0,4561.0,7100.0,500.0,560,1000,230.0,23176 CA/W33,23176 CAK/W33,380,454.0,541.0,22.3,12,5.0,400.0,-,600.0,4.0,0.3,2.3,3.4,2.2,-,-
380,620,243.0,5936.0,9800.0,710.0,360,530,300.0,24176 ECA/W33,24176 ECAK30/W33,380,444.0,532.0,16.7,9,5.0,400.0,-,600.0,4.0,0.37,1.8,2.7,1.8,-,-
380,680,240.0,6126.0,9150.0,620.0,500,750,375.0,23276 CA/W33,23276 CAK/W33,380,473.0,581.0,22.3,12,6.0,406.0,-,654.0,5.0,0.35,1.9,2.9,1.8,-,-
400,540,106.0,2038.0,3900.0,290.0,1100,1200,71.0,23980 CC/W33,23980 CCK/W33,400,439.0,500.0,13.9,7.5,4.0,415.0,-,525.0,3.0,0.16,4.2,6.3,4.0,-,-
400,600,148.0,3511.0,5850.0,415.0,850,1100,150.0,23080 CC/W33,23080 CCK/W33,400,450.0,543.0,22.3,12,5.0,418.0,-,582.0,4.0,0.23,2.9,4.4,2.8,-,-
400,600,148.0,3515.0,5850.0,415.0,-,240,144.0,23080-2CS5/VT143,23080-2CS5K/VT143,400,443.0,557.0,22.3,12,5.0,418.0,443,582.0,4.0,0.21,3.2,4.8,3.2,-,-
400,600,200.0,4507.0,8000.0,560.0,630,900,205.0,24080 ECCJ/W33,24080 ECCK30J/W33,400,442.0,527.0,22.3,12,5.0,418.0,-,582.0,4.0,0.3,2.3,3.4,2.2,-,-
400,650,200.0,4864.0,7650.0,530.0,-,150,255.0,23180-2CS5/VT143,23180-2CS5K/VT143,400,458.0,587.0,22.3,12,6.0,426.0,458,624.0,5.0,0.28,2.4,3.6,2.5,-,-
400,650,200.0,4864.0,7650.0,530.0,530,950,265.0,23180 CA/W33,23180 CAK/W33,400,475.0,566.0,22.3,12,6.0,426.0,-,624.0,5.0,0.28,2.4,3.6,2.5,-,-
400,650,250.0,6331.0,10600.0,735.0,340,500,340.0,24180 ECA/W33,24180 ECAK30/W33,400,467.0,559.0,22.3,12,6.0,426.0,-,624.0,5.0,0.37,1.8,2.7,1.8,-,-
400,720,256.0,6881.0,10400.0,680.0,480,670,450.0,23280 CA/W33,23280 CAK/W33,400,500.0,615.0,22.3,12,6.0,426.0,-,694.0,5.0,0.35,1.9,2.9,1.8,-,-
400,820,243.0,7832.0,10400.0,670.0,430,750,650.0,22380 CA/W33,22380 CAK/W33,400,534.0,697.0,22.3,12,7.5,432.0,-,788.0,6.0,0.3,2.3,3.4,2.2,-,-
420,560,106.0,2083.0,4150.0,300.0,1000,1100,74.5,23984 CC/W33,23984 CCK/W33,420,459.0,520.0,16.7,9,4.0,435.0,-,545.0,3.0,0.16,4.2,6.3,4.0,-,-
420,620,150.0,3541.0,6000.0,415.0,600,1100,155.0,23084 CA/W33,23084 CAK/W33,420,487.0,563.0,22.3,12,5.0,438.0,-,602.0,4.0,0.22,3.0,4.6,2.8,-,-
420,620,200.0,4610.0,8300.0,585.0,530,900,210.0,24084 ECA/W33,24084 ECAK30/W33,420,477.0,547.0,22.3,12,5.0,438.0,-,602.0,4.0,0.3,2.3,3.4,2.2,-,-
420,700,224.0,5919.0,9300.0,620.0,-,190,350.0,23184-2CS5/VT143,23184-2CS5K/VT143,420,490.0,634.0,22.3,12,6.0,446.0,490,674.0,5.0,0.3,2.3,3.4,2.2,-,-
420,700,224.0,5919.0,9300.0,620.0,480,900,350.0,23184 CJ/W33,23184 CKJ/W33,420,483.0,607.0,22.3,12,6.0,446.0,-,674.0,5.0,0.3,2.3,3.4,2.2,-,-
420,700,280.0,7577.0,12500.0,850.0,320,480,445.0,24184 ECA/W33,24184 ECAK30/W33,420,494.0,597.0,22.3,12,6.0,446.0,-,674.0,5.0,0.4,1.7,2.5,1.6,-,-
420,760,272.0,7677.0,11600.0,765.0,450,630,535.0,23284 CA/W33,23284 CAK/W33,420,526.0,649.0,22.3,12,7.5,452.0,-,728.0,6.0,0.35,1.9,2.9,1.8,-,-
420,760,272.0,7683.0,11600.0,765.0,-,128,535.0,23284-2CS5/VT143,23284-2CS5K/VT143,420,500.0,676.0,22.3,12,7.5,452.0,500,728.0,6.0,0.35,1.9,2.9,1.8,-,-
440,600,118.0,2506.0,4900.0,345.0,950,1000,99.5,23988 CC/W33,23988 CCK/W33,440,484.0,553.0,16.7,9,4.0,455.0,-,585.0,3.0,0.16,4.2,6.3,4.0,-,-
440,650,157.0,3831.0,6550.0,450.0,560,1000,180.0,23088 CA/W33,23088 CAK/W33,440,511.0,590.0,22.3,12,6.0,463.0,-,627.0,5.0,0.22,3.0,4.6,2.8,-,-
440,650,157.0,3834.0,6550.0,450.0,-,190,178.0,23088-2CS5/VT143,-,440,505.0,614.0,22.3,12,6.0,463.0,505,627.0,5.0,0.21,3.2,4.8,3.2,-,-
440,650,212.0,4987.0,9150.0,630.0,500,850,245.0,24088 ECA/W33,24088 ECAK30/W33,440,499.0,572.0,22.3,12,6.0,463.0,-,627.0,5.0,0.3,2.3,3.4,2.2,-,-
440,720,226.0,6215.0,10000.0,670.0,450,850,360.0,23188 CA/W33,23188 CAK/W33,440,529.0,632.0,22.3,12,6.0,466.0,-,694.0,5.0,0.3,2.3,3.4,2.2,-,-
440,720,226.0,6220.0,10000.0,670.0,-,180,360.0,23188-2CS5/VT143,23188-2CS5K/VT143,440,513.0,664.0,22.3,12,6.0,466.0,513,694.0,5.0,0.28,2.4,3.6,2.5,-,-
440,720,280.0,7777.0,13200.0,900.0,300,450,460.0,24188 ECA/W33,24188 ECAK30/W33,440,516.0,618.0,22.3,12,6.0,466.0,-,694.0,5.0,0.37,1.8,2.7,1.8,-,-
440,790,280.0,8150.0,12500.0,800.0,430,600,590.0,23288 CA/W33,23288 CAK/W33,440,549.0,676.0,22.3,12,7.5,472.0,-,758.0,6.0,0.35,1.9,2.9,1.8,-,-
460,580,118.0,2082.0,4900.0,345.0,630,1100,75.5,24892 CAMA/W20,24892 CAK30MA/W20,460,505.0,541.0,-,7.5,3.0,473.0,-,567.0,2.5,0.17,4.0,5.9,4.0,-,-
460,620,118.0,2558.0,5000.0,355.0,600,1000,105.0,23992 CA/W33,23992 CAK/W33,460,516.0,574.0,16.7,9,4.0,475.0,-,605.0,3.0,0.16,4.2,6.3,4.0,-,-
460,680,163.0,4065.0,6950.0,465.0,560,950,205.0,23092 CA/W33,23092 CAK/W33,460,533.0,617.0,22.3,12,6.0,483.0,-,657.0,5.0,0.22,3.0,4.6,2.8,-,-
460,680,218.0,5401.0,10000.0,670.0,480,800,275.0,24092 ECA/W33,24092 ECAK30/W33,460,524.0,601.0,22.3,12,6.0,483.0,-,657.0,5.0,0.28,2.4,3.6,2.5,-,-
460,760,240.0,6760.0,10800.0,680.0,430,800,440.0,23192 CA/W33,23192 CAK/W33,460,555.0,666.0,22.3,12,7.5,492.0,-,728.0,6.0,0.3,2.3,3.4,2.2,-,-
460,760,240.0,6765.0,10800.0,680.0,-,128,427.0,23192-2CS5/VT143,23192-2CS5K/VT143,460,536.0,704.0,22.3,12,7.5,492.0,536,728.0,6.0,0.3,2.3,3.4,2.2,-,-
460,760,300.0,8608.0,14600.0,1000.0,280,430,560.0,24192 ECA/W33,24192 ECAK30/W33,460,543.0,649.0,22.3,12,7.5,492.0,-,728.0,6.0,0.37,1.8,2.7,1.8,-,-
460,830,296.0,8958.0,13700.0,880.0,400,560,695.0,23292 CA/W33,23292 CAK/W33,460,574.0,706.0,22.3,12,7.5,492.0,-,798.0,6.0,0.35,1.9,2.9,1.8,-,-
480,650,128.0,2990.0,5700.0,405.0,560,1000,125.0,23996 CA/W33,23996 CAK/W33,480,537.0,602.0,16.7,9,5.0,498.0,-,632.0,4.0,0.18,3.8,5.6,3.6,-,-
480,700,165.0,3996.0,6800.0,450.0,530,950,215.0,23096 CA/W33,23096 CAK/W33,480,549.0,633.0,22.3,12,6.0,503.0,-,677.0,5.0,0.21,3.2,4.8,3.2,-,-
480,700,218.0,5524.0,10400.0,695.0,450,750,285.0,24096 ECA/W33,24096 ECAK30/W33,480,542.0,619.0,22.3,12,6.0,503.0,-,677.0,5.0,0.28,2.4,3.6,2.5,-,-
480,790,248.0,7362.0,12000.0,780.0,400,750,485.0,23196 CA/W33,23196 CAK/W33,480,579.0,692.0,22.3,12,7.5,512.0,-,758.0,6.0,0.3,2.3,3.4,2.2,-,-
480,790,248.0,7367.0,12000.0,780.0,-,170,485.0,23196-2CS5/VT143,23196-2CS5K/VT143,480,560.0,723.0,22.3,12,7.5,512.0,560,758.0,6.0,0.3,2.3,3.4,2.2,-,-
480,790,308.0,9198.0,15600.0,1040.0,260,400,605.0,24196 ECA/W33,24196 ECAK30/W33,480,564.0,678.0,22.3,12,7.5,512.0,-,758.0,6.0,0.37,1.8,2.7,1.8,-,-
480,870,310.0,9805.0,15000.0,950.0,380,530,800.0,23296 CA/W33,23296 CAK/W33,480,602.0,741.0,22.3,12,7.5,512.0,-,838.0,6.0,0.35,1.9,2.9,1.8,-,-
500,670,128.0,2967.0,6000.0,415.0,530,950,130.0,239/500 CA/W33,239/500 CAK/W33,500,561.0,622.0,22.3,12,5.0,518.0,-,652.0,4.0,0.17,4.0,5.9,4.0,-,-
500,720,167.0,4358.0,7800.0,510.0,500,900,225.0,230/500 CA/W33,230/500 CAK/W33,500,573.0,658.0,22.3,12,6.0,523.0,-,697.0,5.0,0.21,3.2,4.8,3.2,-,-
500,720,218.0,5777.0,11000.0,735.0,430,700,295.0,240/500 ECA/W33,240/500 ECAK30/W33,500,566.0,644.0,22.3,12,6.0,523.0,-,697.0,5.0,0.26,2.6,3.9,2.5,-,-
500,830,264.0,8037.0,12900.0,830.0,380,700,580.0,231/500 CA/W33,231/500 CAK/W33,500,605.0,726.0,22.3,12,7.5,532.0,-,798.0,6.0,0.3,2.3,3.4,2.2,-,-
500,830,325.0,10123.0,17000.0,1120.0,260,380,700.0,241/500 ECA/W33,241/500 ECAK30/W33,500,588.0,713.0,22.3,12,7.5,532.0,-,798.0,6.0,0.37,1.8,2.7,1.8,-,-
500,920,336.0,11183.0,17300.0,1060.0,360,500,985.0,232/500 CA/W33,232/500 CAK/W33,500,633.0,779.0,22.3,12,7.5,532.0,-,888.0,6.0,0.35,1.9,2.9,1.8,-,-
530,650,118.0,2124.0,5300.0,380.0,530,950,86.0,248/530 CAMA/W20,248/530 CAK30MA/W20,530,573.0,612.0,-,7.5,3.0,543.0,-,637.0,2.5,0.15,4.5,6.7,4.5,-,-
530,710,136.0,3308.0,6700.0,465.0,500,900,155.0,239/530 CA/W33,239/530 CAK/W33,530,594.0,661.0,22.3,12,5.0,548.0,-,692.0,4.0,0.17,4.0,5.9,4.0,-,-
530,780,185.0,5267.0,9300.0,610.0,450,800,310.0,230/530 CA/W33,230/530 CAK/W33,530,613.0,710.0,22.3,12,6.0,553.0,-,757.0,5.0,0.22,3.0,4.6,2.8,-,-
530,780,250.0,6973.0,13200.0,830.0,400,670,410.0,240/530 ECA/W33,240/530 ECAK30/W33,530,601.0,687.0,22.3,12,6.0,553.0,-,757.0,5.0,0.28,2.4,3.6,2.5,-,-
530,870,272.0,8526.0,14000.0,880.0,360,670,645.0,231/530 CA/W33,231/530 CAK/W33,530,638.0,763.0,22.3,12,7.5,562.0,-,838.0,6.0,0.3,2.3,3.4,2.2,-,-
530,870,335.0,10909.0,19000.0,1220.0,240,360,830.0,241/530 ECA/W33,241/530 ECAK30/W33,530,623.0,748.0,22.3,12,7.5,562.0,-,838.0,6.0,0.37,1.8,2.7,1.8,-,-
530,980,355.0,13268.0,20400.0,1220.0,320,480,1200.0,232/530 CA/W33,232/530 CAK/W33,530,670.0,836.0,22.3,12,9.5,570.0,-,940.0,8.0,0.35,1.9,2.9,1.8,-,-
560,750,140.0,3571.0,7200.0,500.0,450,850,175.0,239/560 CA/W33,239/560 CAK/W33,560,627.0,697.0,22.3,12,5.0,578.0,-,732.0,4.0,0.16,4.2,6.3,4.0,-,-
560,820,195.0,5779.0,10200.0,670.0,430,750,355.0,230/560 CA/W33,230/560 CAK/W33,560,646.0,746.0,22.3,12,6.0,583.0,-,797.0,5.0,0.22,3.0,4.6,2.8,-,-
560,820,258.0,7530.0,14000.0,980.0,20,50,445.0,240/560 BC,-,560,640.0,739.0,53.2,15,6.0,583.0,-,797.0,5.0,0.3,2.3,3.4,2.2,-,-
560,820,258.0,7621.0,14600.0,980.0,380,630,465.0,240/560 ECA/W33,240/560 ECAK30/W33,560,637.0,728.0,22.3,12,6.0,583.0,-,797.0,5.0,0.28,2.4,3.6,2.5,-,-
560,920,280.0,9596.0,16000.0,980.0,340,630,740.0,231/560 CA/W33,231/560 CAK/W33,560,675.0,809.0,22.3,12,7.5,592.0,-,888.0,6.0,0.3,2.3,3.4,2.2,-,-
560,920,355.0,12366.0,21600.0,1340.0,220,320,985.0,241/560 ECJ/W33,241/560 ECK30J/W33,560,634.0,796.0,22.3,12,7.5,592.0,-,888.0,6.0,0.35,1.9,2.9,1.8,-,-
560,1030,365.0,13940.0,22000.0,1320.0,280,430,1350.0,232/560 CA/W33,232/560 CAK/W33,560,706.0,878.0,22.3,12,9.5,600.0,-,990.0,8.0,0.35,1.9,2.9,1.8,-,-
600,800,150.0,4022.0,8300.0,570.0,430,750,220.0,239/600 CA/W33,239/600 CAK/W33,600,671.0,744.0,22.3,12,5.0,618.0,-,782.0,4.0,0.17,4.0,5.9,4.0,-,-
600,870,200.0,6252.0,11400.0,735.0,400,700,405.0,230/600 CA/W33,230/600 CAK/W33,600,685.0,789.0,22.3,12,6.0,623.0,-,847.0,5.0,0.22,3.0,4.6,2.8,-,-
600,870,272.0,8502.0,16300.0,1100.0,20,45,519.0,240/600 BC,-,600,682.0,784.0,46.1,15,6.0,623.0,-,847.0,5.0,0.3,2.3,3.4,2.2,-,-
600,870,272.0,8580.0,17000.0,1080.0,340,560,520.0,240/600 ECA/W33,240/600 ECAK30/W33,600,675.0,774.0,22.3,12,6.0,623.0,-,847.0,5.0,0.3,2.3,3.4,2.2,-,-
600,980,300.0,10738.0,18000.0,1100.0,320,560,895.0,231/600 CA/W33,231/600 CAK/W33,600,722.0,863.0,22.3,12,7.5,632.0,-,948.0,6.0,0.3,2.3,3.4,2.2,-,-
600,980,375.0,13522.0,23600.0,1460.0,200,300,1200.0,241/600 ECA/W33,241/600 ECAK30/W33,600,702.0,845.0,22.3,12,7.5,632.0,-,948.0,6.0,0.37,1.8,2.7,1.8,-,-
600,1090,388.0,15652.0,25500.0,1460.0,260,400,1600.0,232/600 CA/W33,232/600 CAK/W33,600,754.0,929.0,22.3,12,9.5,640.0,-,1050.0,8.0,0.35,1.9,2.9,1.8,-,-
630,780,112.0,2545.0,6100.0,415.0,430,750,120.0,238/630 CAMA/W20,-,630,682.0,738.0,-,9,4.0,645.0,-,765.0,3.0,0.12,5.6,8.4,5.6,-,-
630,850,165.0,4744.0,9800.0,630.0,400,700,280.0,239/630 CA/W33,239/630 CAK/W33,630,708.0,787.0,22.3,12,6.0,653.0,-,827.0,5.0,0.17,4.0,5.9,4.0,-,-
630,920,212.0,6898.0,12500.0,780.0,380,670,485.0,230/630 CA/W33,230/630 CAK/W33,630,727.0,839.0,22.3,12,7.5,658.0,-,892.0,6.0,0.21,3.2,4.8,3.2,-,-
630,920,290.0,9150.0,18000.0,1120.0,320,530,645.0,240/630 ECJ/W33,240/630 ECK30J/W33,630,697.0,823.0,22.3,12,7.5,658.0,-,892.0,6.0,0.28,2.4,3.6,2.5,-,-
630,920,290.0,9307.0,17600.0,1180.0,20,45,623.0,240/630 BC,-,630,718.0,828.0,56.5,15,7.5,658.0,-,892.0,6.0,0.3,2.3,3.4,2.2,-,-
630,1030,315.0,12600.0,20800.0,1220.0,260,530,1050.0,231/630 CA/W33,231/630 CAK/W33,630,755.0,918.0,22.3,12,7.5,662.0,-,998.0,6.0,0.3,2.3,3.4,2.2,-,-
630,1030,400.0,15001.0,27000.0,1630.0,190,280,1400.0,241/630 ECA/W33,241/630 ECAK30/W33,630,738.0,885.0,22.3,12,7.5,662.0,-,998.0,6.0,0.37,1.8,2.7,1.8,-,-
670,820,112.0,2643.0,6400.0,430.0,400,700,130.0,238/670 CAMA/W20,-,670,724.0,778.0,-,9,4.0,685.0,-,805.0,3.0,0.11,6.1,9.1,6.3,-,-
670,820,150.0,3598.0,9500.0,655.0,400,700,172.0,248/670 CAMA/W20,-,670,726.0,772.0,-,9,4.0,685.0,-,805.0,3.0,0.16,4.2,6.3,4.0,-,-
670,900,170.0,5146.0,10800.0,680.0,360,670,315.0,239/670 CA/W33,239/670 CAK/W33,670,752.0,835.0,22.3,12,6.0,693.0,-,877.0,5.0,0.17,4.0,5.9,4.0,-,-
670,980,230.0,7919.0,14600.0,880.0,340,600,600.0,230/670 CA/W33,230/670 CAK/W33,670,772.0,892.0,22.3,12,7.5,698.0,-,952.0,6.0,0.21,3.2,4.8,3.2,-,-
670,980,308.0,10435.0,20400.0,1290.0,300,500,790.0,240/670 ECA/W33,240/670 ECAK30/W33,670,758.0,866.0,22.3,12,7.5,698.0,-,952.0,6.0,0.28,2.4,3.6,2.5,-,-
670,1090,336.0,13101.0,22400.0,1320.0,240,500,1250.0,231/670 CA/W33,231/670 CAK/W33,670,804.0,959.0,22.3,12,7.5,702.0,-,1058.0,6.0,0.3,2.3,3.4,2.2,-,-
670,1090,412.0,16381.0,29000.0,1760.0,180,260,1600.0,241/670 ECA/W33,241/670 ECAK30/W33,670,782.0,942.0,22.3,12,7.5,702.0,-,1058.0,6.0,0.37,1.8,2.7,1.8,-,-
670,1220,438.0,18650.0,30500.0,1700.0,220,360,2270.0,232/670 CA/W33,232/670 CAK/W33,670,832.0,1028.0,22.3,12,12.0,718.0,-,1172.0,10.0,0.35,1.9,2.9,1.8,-,-
710,870,118.0,3013.0,7500.0,500.0,360,670,153.0,238/710 CAMA/W20,-,710,766.0,826.0,-,12,4.0,725.0,-,855.0,3.0,0.11,6.1,9.1,6.3,-,-
710,950,180.0,5702.0,12000.0,750.0,340,600,365.0,239/710 CA/W33,239/710 CAK/W33,710,794.0,882.0,22.3,12,6.0,733.0,-,927.0,5.0,0.17,4.0,5.9,4.0,-,-
710,950,243.0,6860.0,15600.0,930.0,300,500,495.0,249/710 CA/W33,249/710 CAK30/W33,710,792.0,868.0,22.3,12,6.0,733.0,-,927.0,5.0,0.22,3.0,4.6,2.8,-,-
710,1030,236.0,8669.0,16300.0,965.0,300,560,670.0,230/710 CA/W33,230/710 CAK/W33,710,816.0,941.0,22.3,12,7.5,738.0,-,1002.0,6.0,0.21,3.2,4.8,3.2,-,-
710,1030,315.0,11164.0,22800.0,1430.0,260,450,895.0,240/710 ECA/W33,240/710 ECAK30/W33,710,809.0,918.0,22.3,12,7.5,738.0,-,1002.0,6.0,0.27,2.5,3.7,2.5,-,-
710,1030,315.0,11166.0,22000.0,1430.0,20,40,843.0,240/710 BC,-,710,810.0,931.0,61.8,15,7.5,738.0,-,1002.0,6.0,0.3,2.3,3.4,2.2,-,-
710,1150,345.0,14732.0,26000.0,1530.0,240,450,1450.0,231/710 CA/W33,231/710 CAK/W33,710,851.0,1017.0,22.3,12,9.5,750.0,-,1110.0,8.0,0.28,2.4,3.6,2.5,-,-
710,1150,438.0,17935.0,32500.0,1900.0,160,240,1900.0,241/710 ECA/W33,241/710 ECAK30/W33,710,826.0,989.0,22.3,12,9.5,750.0,-,1110.0,8.0,0.37,1.8,2.7,1.8,-,-
710,1280,450.0,21208.0,34500.0,2000.0,200,320,2610.0,232/710 CA/W33,232/710 CAK/W33,710,875.0,1097.0,22.3,12,12.0,758.0,-,1232.0,10.0,0.35,1.9,2.9,1.8,-,-
750,920,128.0,3405.0,8500.0,550.0,340,600,185.0,238/750 CAMA/W20,-,750,812.0,873.0,-,12,5.0,768.0,-,902.0,4.0,0.11,6.1,9.1,6.3,-,-
750,1000,185.0,6138.0,13200.0,800.0,320,560,420.0,239/750 CA/W33,239/750 CAK/W33,750,838.0,930.0,22.3,12,6.0,773.0,-,977.0,5.0,0.16,4.2,6.3,4.0,-,-
750,1000,250.0,7699.0,18000.0,1100.0,280,480,560.0,249/750 CA/W33,249/750 CAK30/W33,750,830.0,916.0,22.3,12,6.0,773.0,-,977.0,5.0,0.22,3.0,4.6,2.8,-,-
750,1090,250.0,10061.0,18600.0,1100.0,280,530,795.0,230/750 CA/W33,230/750 CAK/W33,750,859.0,998.0,22.3,12,7.5,778.0,-,1062.0,6.0,0.21,3.2,4.8,3.2,-,-
750,1090,335.0,12235.0,25000.0,1460.0,240,430,1070.0,240/750 ECA/W33,240/750 ECAK30/W33,750,855.0,970.0,22.3,12,7.5,778.0,-,1062.0,6.0,0.28,2.4,3.6,2.5,-,-
750,1090,335.0,12309.0,24500.0,1530.0,20,40,1010.0,240/750 BC,-,750,856.0,984.0,72.8,15,7.5,778.0,-,1062.0,6.0,0.3,2.3,3.4,2.2,-,-
750,1220,365.0,16518.0,29000.0,1700.0,220,430,1700.0,231/750 CA/W33,231/750 CAK/W33,750,900.0,1080.0,22.3,12,9.5,790.0,-,1180.0,8.0,0.28,2.4,3.6,2.5,-,-
750,1220,475.0,20434.0,37500.0,2160.0,150,220,2100.0,241/750 ECA/W33,241/750 ECAK30/W33,750,875.0,1050.0,22.3,12,9.5,790.0,-,1180.0,8.0,0.37,1.8,2.7,1.8,-,-
800,980,180.0,4780.0,12900.0,830.0,320,560,300.0,248/800 CAMA/W20,248/800 CAK30MA/W20,800,865.0,921.0,-,12,5.0,818.0,-,962.0,4.0,0.15,4.5,6.7,4.5,-,-
800,1060,195.0,6595.0,14300.0,865.0,280,530,470.0,239/800 CA/W33,239/800 CAK/W33,800,891.0,986.0,22.3,12,6.0,823.0,-,1037.0,5.0,0.16,4.2,6.3,4.0,-,-
800,1060,258.0,8136.0,19300.0,1060.0,240,430,640.0,249/800 CA/W33,249/800 CAK30/W33,800,887.0,973.0,22.3,12,6.0,823.0,-,1037.0,5.0,0.21,3.2,4.8,3.2,-,-
800,1150,258.0,10335.0,20000.0,1160.0,260,480,895.0,230/800 CA/W33,230/800 CAK/W33,800,917.0,1053.0,22.3,12,7.5,828.0,-,1122.0,6.0,0.2,3.4,5.0,3.2,-,-
800,1150,345.0,13431.0,28500.0,1660.0,220,400,1200.0,240/800 ECA/W33,240/800 ECAK30/W33,800,910.0,1028.0,22.3,12,7.5,828.0,-,1122.0,6.0,0.27,2.5,3.7,2.5,-,-
800,1150,345.0,13447.0,27500.0,1700.0,20,40,1140.0,240/800 BC,-,800,911.0,1042.0,66.4,15,7.5,828.0,-,1122.0,6.0,0.28,2.4,3.6,2.5,-,-
800,1280,375.0,18033.0,31500.0,1800.0,200,400,1920.0,231/800 CA/W33,231/800 CAK/W33,800,949.0,1141.0,22.3,12,9.5,840.0,-,1240.0,8.0,0.28,2.4,3.6,2.5,-,-
800,1280,475.0,21587.0,40500.0,2320.0,140,200,2300.0,241/800 ECA/W33,241/800 ECAK30/W33,800,930.0,1111.0,22.3,12,9.5,840.0,-,1240.0,8.0,0.35,1.9,2.9,1.8,-,-
800,1420,488.0,24973.0,43000.0,2360.0,180,280,3280.0,232/800 CAF/W33,232/800 CAKF/W33,800,995.0,1218.0,22.3,12,15.0,858.0,-,1362.0,12.0,0.33,2.0,3.0,2.0,-,-
850,1030,136.0,3882.0,10000.0,630.0,260,530,240.0,238/850 CAMA/W20,238/850 CAKMA/W20,850,912.0,981.0,-,12,5.0,868.0,-,1012.0,4.0,0.11,6.1,9.1,6.3,-,-
850,1120,200.0,7072.0,15600.0,930.0,260,480,560.0,239/850 CA/W33,239/850 CAK/W33,850,946.0,1046.0,22.3,12,6.0,873.0,-,1097.0,5.0,0.16,4.2,6.3,4.0,-,-
850,1120,272.0,9390.0,22800.0,1370.0,220,400,740.0,249/850 CA/W33,249/850 CAK30/W33,850,940.0,1029.0,22.3,12,6.0,873.0,-,1097.0,5.0,0.22,3.0,4.6,2.8,-,-
850,1220,272.0,11291.0,21600.0,1250.0,240,450,1050.0,230/850 CA/W33,230/850 CAK/W33,850,972.0,1117.0,22.3,12,7.5,878.0,-,1192.0,6.0,0.2,3.4,5.0,3.2,-,-
850,1220,365.0,15078.0,31000.0,1900.0,20,40,1360.0,240/850 BC,-,850,966.0,1105.0,67.9,15,7.5,878.0,-,1192.0,6.0,0.28,2.4,3.6,2.5,-,-
850,1220,365.0,15183.0,31500.0,1900.0,200,360,1410.0,240/850 ECA/W33,240/850 ECAK30/W33,850,957.0,1088.0,22.3,12,7.5,878.0,-,1192.0,6.0,0.27,2.5,3.7,2.5,-,-
850,1360,500.0,23827.0,45000.0,2500.0,130,190,2770.0,241/850 ECAF/W33,241/850 ECAK30F/W33,850,988.0,1182.0,22.3,12,12.0,898.0,-,1312.0,10.0,0.35,1.9,2.9,1.8,-,-
850,1500,515.0,27636.0,48000.0,2600.0,160,260,3940.0,232/850 CAF/W33,-,850,1049.0,1284.0,22.3,12,15.0,908.0,-,1442.0,12.0,0.33,2.0,3.0,2.0,-,-
900,1090,190.0,5428.0,15300.0,950.0,240,480,370.0,248/900 CAMA/W20,248/900 CAK30MA/W20,900,969.0,1029.0,-,12,5.0,918.0,-,1072.0,4.0,0.14,4.8,7.2,4.5,-,-
900,1180,206.0,7652.0,17000.0,1000.0,240,450,605.0,239/900 CA/W33,239/900 CAK/W33,900,996.0,1101.0,22.3,12,6.0,923.0,-,1157.0,5.0,0.15,4.5,6.7,4.5,-,-
900,1280,280.0,12002.0,23200.0,1320.0,220,400,1200.0,230/900 CA/W33,230/900 CAK/W33,900,1025.0,1176.0,22.3,12,7.5,928.0,-,1252.0,6.0,0.2,3.4,5.0,3.2,-,-
900,1280,375.0,16185.0,34500.0,2040.0,190,340,1570.0,240/900 ECA/W33,240/900 ECAK30/W33,900,1015.0,1149.0,22.3,12,7.5,928.0,-,1252.0,6.0,0.26,2.6,3.9,2.5,-,-
900,1280,375.0,16215.0,34000.0,2040.0,20,40,1520.0,240/900 BC,,900,1024.0,1164.0,69.1,15,7.5,928.0,-,1252.0,6.0,0.27,2.5,3.7,2.5,-,-
900,1420,515.0,25310.0,49000.0,2700.0,120,180,3350.0,241/900 ECAF/W33,241/900 ECAK30F/W33,900,1043.0,1235.0,22.3,12,12.0,948.0,-,1372.0,10.0,0.35,1.9,2.9,1.8,-,-
950,1250,224.0,8606.0,19600.0,1120.0,220,430,755.0,239/950 CA/W33,239/950 CAK/W33,950,1056.0,1164.0,22.3,12,7.5,978.0,-,1222.0,6.0,0.15,4.5,6.7,4.5,-,-
950,1250,300.0,10701.0,26000.0,1500.0,180,340,1020.0,249/950 CA/W33,249/950 CAK30/W33,950,1051.0,1150.0,22.3,12,7.5,978.0,-,1222.0,6.0,0.21,3.2,4.8,3.2,-,-
950,1360,300.0,14363.0,28500.0,1600.0,200,380,1450.0,230/950 CA/W33,230/950 CAK/W33,950,1086.0,1246.0,22.3,12,7.5,978.0,-,1332.0,6.0,0.2,3.4,5.0,3.2,-,-
950,1360,412.0,17847.0,39000.0,2240.0,170,300,1990.0,240/950 CAF/W33,240/950 CAK30F/W33,950,1077.0,1214.0,22.3,12,7.5,978.0,-,1332.0,6.0,0.27,2.5,3.7,2.5,-,-
950,1360,412.0,18228.0,38000.0,2240.0,20,35,1880.0,240/950 BC,-,950,1076.0,1230.0,85.9,15,7.5,978.0,-,1332.0,6.0,0.3,2.3,3.4,2.2,-,-
950,1500,545.0,27892.0,55000.0,3000.0,110,160,3540.0,241/950 ECAF/W33,241/950 ECAK30F/W33,950,1102.0,1305.0,22.3,12,12.0,998.0,-,1452.0,10.0,0.35,1.9,2.9,1.8,-,-
1000,1220,165.0,5405.0,14300.0,850.0,220,400,410.0,238/1000 CAMA/W20,238/1000 CAKMA/W20,1000,1079.0,1161.0,-,12,6.0,1023.0,-,1197.0,5.0,0.12,5.6,8.4,5.6,-,-
1000,1320,315.0,11939.0,29000.0,1460.0,170,320,1200.0,249/1000 CA/W33,249/1000 CAK30/W33,1000,1109.0,1212.0,22.3,12,7.5,1028.0,-,1292.0,6.0,0.21,3.2,4.8,3.2,-,-
1000,1420,412.0,18592.0,40500.0,2240.0,160,280,2140.0,240/1000 CAF/W33,240/1000 CAK30F/W33,1000,1136.0,1278.0,22.3,12,7.5,1028.0,-,1392.0,6.0,0.26,2.6,3.9,2.5,-,-
1000,1580,462.0,25650.0,48000.0,2550.0,140,280,3500.0,231/1000 CAF/W33,231/1000 CAKF/W33,1000,1185.0,1403.0,22.3,12,12.0,1048.0,-,1532.0,10.0,0.28,2.4,3.6,2.5,-,-
1000,1580,580.0,31174.0,62000.0,3350.0,100,150,4300.0,241/1000 ECAF/W33,241/1000 ECAK30F/W33,1000,1159.0,1373.0,22.3,12,12.0,1048.0,-,1532.0,10.0,0.35,1.9,2.9,1.8,-,-
1060,1280,165.0,5555.0,15000.0,865.0,200,380,435.0,238/1060 CAMA/W20,-,1060,1137.0,1219.0,-,12,6.0,1083.0,-,1257.0,5.0,0.11,6.1,9.1,6.3,-,-
1060,1400,250.0,11333.0,26000.0,1430.0,180,360,1100.0,239/1060 CAF/W33,239/1060 CAKF/W33,1060,1171.0,1305.0,22.3,12,7.5,1088.0,-,1372.0,6.0,0.16,4.2,6.3,4.0,-,-
1060,1400,335.0,13354.0,32500.0,1800.0,160,280,1400.0,249/1060 CAF/W33,249/1060 CAK30F/W33,1060,1168.0,1286.0,22.3,12,7.5,1088.0,-,1372.0,6.0,0.21,3.2,4.8,3.2,-,-
1060,1500,438.0,20724.0,45500.0,2450.0,150,260,2520.0,240/1060 CAF/W33,240/1060 CAK30F/W33,1060,1199.0,1349.0,22.3,12,9.5,1094.0,-,1466.0,8.0,0.26,2.6,3.9,2.5,-,-
1120,1460,335.0,13718.0,34500.0,1830.0,140,260,1500.0,249/1120 CAF/W33,249/1120 CAK30F/W33,1120,1231.0,1350.0,22.3,12,7.5,1148.0,-,1432.0,6.0,0.2,3.4,5.0,3.2,-,-
1120,1580,462.0,22364.0,50000.0,2700.0,130,240,2930.0,240/1120 CAF/W33,240/1120 CAK30F/W33,1120,1268.0,1423.0,22.3,12,9.5,1154.0,-,1546.0,8.0,0.26,2.6,3.9,2.5,-,-
1120,1580,462.0,22936.0,49000.0,2750.0,20,35,2770.0,240/1120 BC,-,1120,1259.0,1436.0,104,15,9.5,1154.0,-,1546.0,8.0,0.28,2.4,3.6,2.5,-,-
1180,1420,180.0,6778.0,18600.0,1080.0,170,320,575.0,238/1180 CAFA/W20,238/1180 CAKFA/W20,1180,1264.0,1355.0,-,12,6.0,1203.0,-,1397.0,5.0,0.11,6.1,9.1,6.3,-,-
1180,1540,272.0,13076.0,31000.0,1660.0,150,300,1400.0,239/1180 CAF/W33,239/1180 CAKF/W33,1180,1305.0,1439.0,22.3,12,7.5,1208.0,-,1512.0,6.0,0.16,4.2,6.3,4.0,-,-
1180,1540,355.0,15751.0,40500.0,2160.0,130,240,1800.0,249/1180 CAF/W33,249/1180 CAK30F/W33,1180,1297.0,1422.0,22.3,12,7.5,1208.0,-,1512.0,6.0,0.2,3.4,5.0,3.2,-,-
1180,1660,475.0,25471.0,58500.0,3050.0,130,220,3320.0,240/1180 CAF/W33,240/1180 CAK30F/W33,1180,1325.0,1507.0,22.3,12,9.5,1200.0,-,1626.0,8.0,0.26,2.6,3.9,2.5,-,-
1250,1750,375.0,21256.0,45000.0,2320.0,130,240,2840.0,230/1250 CAF/W33,230/1250 CAKF/W33,1250,1415.0,1611.0,22.3,12,9.5,1284.0,-,1716.0,8.0,0.19,3.6,5.3,3.6,-,-
1320,1720,400.0,18714.0,49000.0,2500.0,110,200,2500.0,249/1320 CAF/W33,249/1320 CAK30F/W33,1320,1449.0,1589.0,22.3,12,7.5,1348.0,-,1692.0,6.0,0.21,3.2,4.8,3.2,-,-
1500,1820,315.0,14684.0,45000.0,2400.0,110,220,1710.0,248/1500 CAFA/W20,248/1500 CAK30FA/W20,1500,1612.0,1719.0,-,12,7.5,1528.0,-,1792.0,6.0,0.15,4.5,6.7,4.5,-,-
1800,2180,375.0,20274.0,63000.0,3050.0,75,140,2900.0,248/1800 CAFA/W20,248/1800 CAK30FA/W20,1800,1932.0,2060.0,-,12,9.5,1834.0,-,2146.0,8.0,0.15,4.5,6.7,4.5,-,-