ID,Unnamed: 0,d,D,B,C,C0,Pu,Referenzdrehzahl,Grenzdrehzahl,Gewicht_kg,Kurzzeichen_Lager_mit_Standardkäfig,Kurzzeichen_Lager_Alternative_Standardkäfige,d.1,d1,D1,FE,r12_min,r34_min,s_max,da_min,da_max,db_min_Da_min,Da_max,ra_max,rb_max,kr,Kurzzeichen_Winkelring,Gewicht_kg.1,B1,B2
791,0,15,35,11,12.5,10.2,1.22,22000.0,26000,0.047, NU 202 ECP,PHA,15,-,27.7,19.3,0.6,0.3,1,17.4,18.4,21.0,31.3,0.6,0.3,0.15,-,-,-,-
792,1,15,35,11,12.5,10.2,1.22,22000.0,26000,0.048, NJ 202 ECP,PHA,15,21.9,27.7,19.3,0.6,0.3,1,18.2,18.4,23.0,31.3,0.6,-,0.15,-,-,-,-
793,2,17,40,12,20.0,14.3,1.73,20000.0,22000,0.066, N 203 ECP,PH,17,25,-,35.1,0.6,0.3,1,20.7,33,37.0,37.1,0.6,0.3,0.12,-,-,-,-
794,3,17,40,12,20.0,14.3,1.73,20000.0,22000,0.068, NU 203 ECP,PHA,17,-,32.35,22.1,0.6,0.3,1,19.9,21.1,24.0,36.0,0.6,0.3,0.15,-,-,-,-
795,4,17,40,12,20.0,14.3,1.73,20000.0,22000,0.069, NJ 203 ECP,PHA,17,25,32.35,22.1,0.6,0.6,1,20.7,21.1,27.0,36.0,0.6,-,0.15,-,-,-,-
796,5,17,40,12,20.0,14.3,1.73,20000.0,22000,0.072, NUP 203 ECP,PHA,17,25,32.35,22.1,0.6,0.3,-,20.7,-,27.0,36.0,0.6,-,0.15,-,-,-,-
797,6,17,40,16,27.5,21.6,2.65,20000.0,22000,0.087, NU 2203 ECP,-,17,-,32.35,22.1,0.6,0.3,1.5,19.9,21.1,24.0,36.0,0.6,0.3,0.2,-,-,-,-
798,7,17,40,16,27.5,21.6,2.65,20000.0,22000,0.093, NJ 2203 ECP,-,17,25,32.35,22.1,0.6,0.3,1.5,20.7,21.1,27.0,36.0,0.6,-,0.2,-,-,-,-
799,8,17,40,16,27.5,21.6,2.65,20000.0,22000,0.097, NUP 2203 ECP,-,17,25,32.35,22.1,0.6,0.3,-,20.7,-,27.0,36.0,0.6,-,0.2,-,-,-,-
800,9,17,47,14,28.5,20.4,2.55,17000.0,20000,0.12,N 303 ECP,-,17,27.7,-,40.2,1.0,0.6,1,22.1,38,42.0,42.7,1.0,0.6,0.12,-,-,-,-
801,10,17,47,14,28.5,20.4,2.55,17000.0,20000,0.12, NJ 303 ECP,-,17,27.7,36.75,24.2,1.0,0.6,1,22.1,23.1,29.0,41.7,1.0,-,0.15,-,-,-,-
802,11,17,47,14,28.5,20.4,2.55,17000.0,20000,0.12, NU 303 ECP,-,17,-,36.75,24.2,1.0,0.6,1,21.1,23.1,26.0,41.7,1.0,0.6,0.15,-,-,-,-
803,12,20,47,14,28.5,22.0,2.75,17000.0,19000,0.11, N 204 ECP,-,20,29.7,-,41.5,1.0,0.6,1,25.0,40,43.0,43.5,1.0,0.6,0.12,-,-,-,-
804,13,20,47,14,28.5,22.0,2.75,17000.0,19000,0.11, NJ 204 ECP,ML; PHA,20,29.7,38.44,26.5,1.0,0.6,1,25.0,25.4,31.0,41.7,1.0,-,0.15,-,-,-,-
805,14,20,47,14,28.5,22.0,2.75,17000.0,19000,0.11, NU 204 ECP,ML; PHA,20,-,38.44,26.5,1.0,0.6,1,24.0,25.4,28.0,41.7,1.0,0.6,0.15,-,-,-,-
806,15,20,47,14,28.5,22.0,2.75,17000.0,19000,0.12, NUP 204 ECP,ML; PHA,20,29.7,38.44,26.5,1.0,0.6,-,25.0,-,31.0,41.7,1.0,-,0.15,-,-,-,-
807,16,20,47,18,34.5,27.5,3.45,17000.0,19000,0.14, NJ 2204 ECP,-,20,29.7,38.3,26.5,1.0,0.6,2,25.0,25.4,31.0,41.7,1.0,-,0.2,-,-,-,-
808,17,20,47,18,34.5,27.5,3.45,17000.0,19000,0.14, NU 2204 ECP,-,20,-,38.3,26.5,1.0,0.6,2,24.0,25.4,28.0,41.7,1.0,0.6,0.2,-,-,-,-
809,18,20,52,15,35.5,26.0,3.25,15000.0,18000,0.14, NU 304 ECP,-,20,-,41.85,27.5,1.1,0.6,0.9,24.1,26.2,29.0,45.4,1.0,0.6,0.15,HJ 304 EC,0.017,4,6.5
810,19,20,52,15,35.5,26.0,3.25,15000.0,18000,0.15, N 304 ECP,-,20,31.2,-,45.5,1.1,0.6,0.9,26.1,44,47.0,48.0,1.0,0.6,0.12,-,-,-,-
811,20,20,52,15,35.5,26.0,3.25,15000.0,18000,0.15, NJ 304 ECP,-,20,31.2,41.85,27.5,1.1,0.6,0.9,26.1,26.2,33.0,45.4,1.0,-,0.15,HJ 304 EC,0.017,4,6.5
812,21,20,52,15,35.5,26.0,3.25,15000.0,18000,0.16, NUP 304 ECP,-,20,31.2,41.85,27.5,1.1,0.6,-,26.1,-,33.0,45.4,1.0,-,0.15,-,-,-,-
813,22,20,52,21,47.5,38.0,4.8,15000.0,18000,0.21, NU 2304 ECP,-,20,-,41.85,27.5,1.1,0.6,1.9,24.1,26.2,29.0,45.4,1.0,0.6,0.25,-,-,-,-
814,23,20,52,21,47.5,38.0,4.8,15000.0,18000,0.22, NJ 2304 ECP,-,20,31.2,41.85,27.5,1.1,0.6,1.9,26.1,26.2,33.0,45.4,1.0,-,0.25,-,-,-,-
815,24,20,52,21,47.5,38.0,4.8,15000.0,18000,0.22, NUP 2304 ECP,-,20,31.2,41.85,27.5,1.1,0.6,-,26.1,-,33.0,45.4,1.0,-,0.25,-,-,-,-
816,25,25,47,12,14.2,13.2,1.4,18000.0,18000,0.082, NU 1005,-,25,-,38.8,30.5,0.6,0.3,1.5,27.1,29.5,32.0,43.1,0.6,0.3,0.1,-,-,-,-
817,26,25,52,15,32.5,27.0,3.35,15000.0,16000,0.13, N 205 ECP,-,25,34.7,-,46.5,1.0,0.6,1.3,29.9,45,48.0,48.5,1.0,0.6,0.12,-,-,-,-
818,27,25,52,15,32.5,27.0,3.35,15000.0,16000,0.13, NU 205 ECP,J; ML; PH; PHA,25,-,43.3,31.5,1.0,0.6,1.3,28.9,30.4,33.0,46.4,1.0,0.6,0.15,HJ 205 EC,0.015,3,6
819,28,25,52,15,32.5,27.0,3.35,15000.0,16000,0.14, NJ 205 ECP,J; ML; PH; PHA,25,34.7,43.3,31.5,1.0,0.6,1.3,29.9,30.4,36.0,46.4,1.0,-,0.15,-,-,-,-
820,29,25,52,15,32.5,27.0,3.35,15000.0,16000,0.14, NUP 205 ECP,J; ML; PH; PHA,25,34.7,43.3,31.5,1.0,0.6,-,29.9,-,36.0,46.4,1.0,-,0.15,-,-,-,-
821,30,25,52,18,39.0,34.0,4.25,15000.0,16000,0.16, NU 2205 ECP,ML; PH,25,-,43.3,31.5,1.0,0.6,1.8,28.9,30.4,33.0,46.4,1.0,0.6,0.2,HJ 2205 EC,0.014,3,6.5
822,31,25,52,18,39.0,34.0,4.25,15000.0,16000,0.17, NJ 2205 ECP,ML; PH,25,34.7,43.3,31.5,1.0,0.6,1.8,29.9,30.4,36.0,46.4,1.0,-,0.2,HJ 2205 EC,0.014,3,6.5
823,32,25,52,18,39.0,34.0,4.25,15000.0,16000,0.17, NUP 2205 ECP,ML; PH,25,34.7,43.3,31.5,1.0,0.6,-,29.9,-,36.0,46.4,1.0,-,0.2,-,-,-,-
824,33,25,62,17,46.5,36.5,4.55,12000.0,15000,0.23, N 305 ECP,-,25,38.1,-,54.0,1.1,1.1,1.3,31.0,52,56.0,56.4,1.0,1,0.12,-,-,-,-
825,34,25,62,17,46.5,36.5,4.55,12000.0,15000,0.23, NU 305 ECP,J; ML,25,-,50.15,34.0,1.1,1.1,1.3,31.0,32.5,36.0,54.9,1.0,1,0.15,HJ 305 EC,0.025,4,7
826,35,25,62,17,46.5,36.5,4.55,12000.0,15000,0.24, NJ 305 ECP,J; ML,25,38.1,50.15,34.0,1.1,1.1,1.3,31.0,32.5,40.0,54.9,1.0,-,0.15,HJ 305 EC,0.025,4,7
827,36,25,62,17,46.5,36.5,4.55,12000.0,15000,0.25, NUP 305 ECP,J; ML,25,38.1,50.15,34.0,1.1,1.1,-,31.0,-,40.0,54.9,1.0,-,0.15,-,-,-,
828,37,25,62,24,64.0,55.0,6.95,12000.0,15000,0.34, NU 2305 ECP,J; ML,25,-,50.15,34.0,1.1,1.1,2.3,31.0,32.5,36.0,54.9,1.0,1,0.25,HJ 2305 EC,0.023,4,8
829,38,25,62,24,64.0,55.0,6.95,12000.0,15000,0.35, NJ 2305 ECP,J; ML,25,38.1,50.15,34.0,1.1,1.1,2.3,31.0,32.5,40.0,54.9,1.0,-,0.25,HJ 2305 EC,0.023,4,8
830,39,25,62,24,64.0,55.0,6.95,12000.0,15000,0.36, NUP 2305 ECP,J; ML,25,38.1,50.15,34.0,1.1,1.1,-,31.0,-,40.0,54.9,1.0,-,0.25,-,-,-,-
831,40,30,55,13,17.9,17.3,1.86,15000.0,15000,0.11, NU 1006,-,30,-,45.56,36.5,1.0,0.6,1.6,32.9,35.6,38.0,49.8,1.0,0.6,0.1,-,-,-,-
832,41,30,62,16,44.0,36.5,4.5,13000.0,14000,0.2, N 206 ECP,-,30,41.2,-,55.5,1.0,0.6,1.3,35.3,54,57.0,58.1,1.0,0.6,0.12,-,-,-,-
833,42,30,62,16,44.0,36.5,4.5,13000.0,14000,0.2, NU 206 ECP,J; ML;  PH,30,-,51.95,37.5,1.0,0.6,1.3,34.3,36.1,39.0,55.9,1.0,0.6,0.15,HJ 206 EC,0.025,4,7
834,43,30,62,16,44.0,36.5,4.55,13000.0,14000,0.21, NJ 206 ECP,J; ML;  PH,30,41.2,51.95,37.5,1.0,0.6,1.3,35.3,36.1,43.0,55.9,1.0,-,0.15,HJ 206 EC,0.025,4,7
835,44,30,62,16,44.0,36.5,4.55,13000.0,14000,0.21, NUP 206 ECP,J; ML;  PH,30,41.2,51.95,37.5,1.0,0.6,-,35.3,-,43.0,55.9,1.0,-,0.15,-,-,-,-
836,45,30,62,20,55.0,49.0,6.1,13000.0,14000,0.26, NJ 2206 ECP,J; ML;  PH,30,41.2,51.95,37.5,1.0,0.6,1.8,35.3,36.1,43.0,55.9,1.0,-,0.2,-,-,-,-
837,46,30,62,20,55.0,49.0,6.1,13000.0,14000,0.26, NU 2206 ECP,J; ML;  PH,30,-,51.95,37.5,1.0,0.6,1.8,34.3,36.1,39.0,55.9,1.0,0.6,0.2,-,-,-,-
838,47,30,62,20,55.0,49.0,6.1,13000.0,14000,0.27, NUP 2206 ECP,J; ML;  PH,30,41.2,51.95,37.5,1.0,0.6,-,35.3,-,43.0,55.9,1.0,-,0.2,-,-,-,-
839,48,30,72,19,58.5,48.0,6.2,11000.0,12000,0.36, N 306 ECP,-,30,45,-,62.5,1.1,1.1,1.4,37.0,61,64.0,65.5,1.0,1,0.12,-,-,-,-
840,49,30,72,19,58.5,48.0,6.2,11000.0,12000,0.36, NU 306 ECP,J; M;  ML,30,-,58.35,40.5,1.1,1.1,1.4,37.0,39,43.0,65.1,1.0,1,0.15,HJ 306 EC,0.042,5,8.5
841,50,30,72,19,58.5,48.0,6.2,11000.0,12000,0.37, NJ 306 ECP,J; M;  ML,30,45,58.35,40.5,1.1,1.1,1.4,37.0,39,47.0,65.1,1.0,-,0.15,HJ 306 EC,0.042,5,8.5
842,51,30,72,19,58.5,48.0,6.2,11000.0,12000,0.38, NUP 306 ECP,J; M;  ML,30,45,58.35,40.5,1.1,1.1,-,37.0,-,47.0,65.1,1.0,-,0.15,-,-,-,-
843,52,30,72,27,83.0,75.0,9.65,11000.0,12000,0.53, NU 2306 ECP,ML;  PH,30,-,58.35,40.5,1.1,1.1,2.4,37.0,39,43.0,65.1,1.0,1,0.25,-,-,-,-
844,53,30,72,27,83.0,75.0,9.65,11000.0,12000,0.54, NJ 2306 ECP,ML;  PH,30,45,58.35,40.5,1.1,1.1,2.4,37.0,39,47.0,65.1,1.0,-,0.25,-,-,-,-
845,54,30,72,27,83.0,75.0,9.65,11000.0,12000,0.54, NUP 2306 ECP,ML;  PH,30,45,58.35,40.5,1.1,1.1,-,37.0,-,47.0,65.1,1.0,-,0.25,-,-,-,-
846,55,30,90,23,60.5,53.0,6.8,9000.0,11000,0.75, NU 406,MA,30,-,66.1,45.0,1.5,1.5,1.6,41.0,43,47.0,81.0,1.5,1.5,0.15,HJ 406,0.08,7,11.5
847,56,30,90,23,60.5,53.0,6.8,9000.0,11000,0.78, NJ 406,MA,30,50.5,66.1,45.0,1.5,1.5,1.6,41.0,43,53.0,81.0,1.5,-,0.15,HJ 406,0.08,7,11.5
848,57,35,62,14,35.8,38.0,4.55,13000.0,13000,0.16, NU 1007 ECP,PH,35,-,53.95,42.0,1.0,0.6,1,38.0,41,44.0,56.5,1.0,0.6,0.1,-,-,-,-
849,58,35,72,17,56.0,48.0,6.1,11000.0,12000,0.29, NU 207 ECP,J; M;  ML;  PH; PHA,35,-,60.2,44.0,1.1,0.6,1.3,39.8,42.2,46.0,65.1,1.0,0.6,0.15,HJ 207 EC,0.033,4,7
850,59,35,72,17,56.0,48.0,6.1,11000.0,12000,0.3, N 207 ECP,-,35,48.1,-,64.0,1.1,0.6,1.3,41.8,62,66.0,67.2,1.0,0.6,0.12,-,-,-,-
851,60,35,72,17,56.0,48.0,6.1,11000.0,12000,0.3, NJ 207 ECP,J; M;  ML;  PH; PHA,35,48.1,60.2,44.0,1.1,0.6,1.3,41.8,42.2,50.0,65.1,1.0,-,0.15,HJ 207 EC,0.033,4,7
852,61,35,72,17,56.0,48.0,6.1,11000.0,12000,0.31, NUP 207 ECP,J; M;  ML;  PH; PHA,35,48.1,60.2,44.0,1.1,0.6,-,41.8,-,50.0,65.1,1.0,-,0.15,-,-,-,-
853,62,35,72,23,69.5,63.0,8.15,11000.0,12000,0.4, NU 2207 ECP,J; ML;  PH,35,-,60.2,44.0,1.1,0.6,2.8,39.8,42.2,46.0,65.1,1.0,0.6,0.2,-,-,-,-
854,63,35,72,23,69.5,63.0,8.15,11000.0,12000,0.41, NJ 2207 ECP,J; ML;  PH,35,48.1,60.2,44.0,1.1,0.6,2.8,41.8,42.2,50.0,65.1,1.0,-,0.2,-,-,-,-
855,64,35,72,23,69.5,63.0,8.15,11000.0,12000,0.42, NUP 2207 ECP,J; ML;  PH,35,48.1,60.2,44.0,1.1,0.6,-,42.0,-,50.0,65.1,1.0,-,0.2,-,-,-,-
856,65,35,80,21,75.0,63.0,8.15,9500.0,11000,0.47, NU 307 ECP,J; M;  ML;  PH,35,-,65.8,46.2,1.5,1.1,1.2,42.0,44,48.0,72.2,1.5,1,0.15,HJ 307 EC,0.058,6,9.5
857,66,35,80,21,75.0,63.0,8.15,9500.0,11000,0.48,N 307 ECP,-,35,51,-,70.2,1.5,1.1,1.2,43.0,68,72.0,73.4,1.5,1,0.12,-,-,-,-
858,67,35,80,21,75.0,63.0,8.15,9500.0,11000,0.49, NJ 307 ECP,J; M;  ML;  PH,35,51,65.8,46.2,1.5,1.1,1.2,43.0,44,53.0,72.2,1.5,-,0.15,HJ 307 EC,0.058,6,9.5
859,68,35,80,21,75.0,63.0,8.15,9500.0,11000,0.49, NUP 307 ECP,J; M;  ML;  PH,35,51,65.8,46.2,1.5,1.1,-,44.0,-,53.0,72.2,1.5,-,0.15,-,-,-,-
860,69,35,80,31,106.0,98.0,12.7,9500.0,11000,0.72, NU 2307 ECP;PH,35,-,65.8,46.2,1.5,1.1,2.7,42.0,44.0,48.0,72.2,1.5,1,0.25,-,-,-,-,
861,70,35,80,31,106.0,98.0,12.7,9500.0,11000,0.73, NJ 2307 ECP;PH,35,51,65.8,46.2,1.5,1.1,2.7,43.0,44.0,53.0,72.2,1.5,-,0.25,-,-,-,-,
862,71,35,80,31,106.0,98.0,12.7,9500.0,11000,0.76, NUP 2307 ECP,PH,35,51,65.8,46.2,1.5,1.1,-,43.0,-,53.0,72.2,1.5,-,0.25,-,-,-,
863,72,35,100,25,76.5,69.5,9.0,8000.0,9500,1.0, NJ 407,-,35,59,77.15,53.0,1.5,1.5,1.7,48.0,51,61.0,90.0,1.5,-,0.15,-,-,-,-
864,73,35,100,25,76.5,69.5,9.0,8000.0,9500,1.0, NU 407,-,35,-,77.15,53.0,1.5,1.5,1.7,48.0,51,55.0,90.0,1.5,1.5,0.15,-,-,-,-
865,74,40,68,15,25.1,26.0,3.0,12000.0,18000,0.23, NU 1008 ML; -,40,-,57.6,47.0,1.0,0.6,2.4,43.0,46.0,49.0,62.3,1.0,0.6,0.15,-,-,-,-,
866,75,40,80,18,62.0,53.0,6.7,9500.0,11000,0.37, N 208 ECP,PH,40,54,-,71.5,1.1,1.1,1.4,47.0,69,73.0,74.1,1.0,1,0.12,-,-,-,-
867,76,40,80,18,62.0,53.0,6.7,9500.0,11000,0.37, NU 208 ECP,J; M;  ML;  PH,40,-,67.4,49.5,1.1,1.1,1.4,47.0,48,51.0,72.8,1.0,1,0.15,HJ 208 EC,0.047,5,8.5
868,77,40,80,18,62.0,53.0,6.7,9500.0,11000,0.38, NJ 208 ECP,J; M;  ML;  PH,40,54,67.4,49.5,1.1,1.1,1.4,47.0,48,56.0,72.8,1.0,-,0.15,HJ 208 EC,0.047,5,8.5
869,78,40,80,18,62.0,53.0,6.7,9500.0,11000,0.39, NUP 208 ECP,J; M;  ML;  PH,40,54,67.4,49.5,1.1,1.1,-,47.0,-,56.0,72.8,1.0,-,0.15,-,-,-,-
870,79,40,80,23,81.5,75.0,9.65,9500.0,11000,0.49, NU 2208 ECP,J; ML;  PH,40,-,67.4,49.5,1.1,1.1,1.9,47.0,48,51.0,72.8,1.0,1,0.2,HJ 2208 EC,0.048,5,9
871,80,40,80,23,81.5,75.0,9.65,9500.0,11000,0.5, NJ 2208 ECP,J; ML;  PH,40,54,67.4,49.5,1.1,1.1,1.9,47.0,48,56.0,72.8,1.0,-,0.2,HJ 2208 EC,0.048,5,9
872,81,40,80,23,81.5,75.0,9.65,9500.0,11000,0.51, NUP 2208 ECP,J; ML;  PH,40,54,67.4,49.5,1.1,1.1,-,47.0,-,56.0,72.8,1.0,-,0.2,-,-,-,-
873,82,40,90,23,93.0,78.0,10.2,8000.0,9500,0.65, N 308 ECP,M,40,57.5,-,80.0,1.5,1.5,1.4,48.0,78,82.0,83.2,1.5,1.5,0.12,-,-,-,-
874,83,40,90,23,93.0,78.0,10.2,8000.0,9500,0.65, NU 308 ECP,J; M;  ML;  PH,40,-,75,52.0,1.5,1.5,1.4,48.0,50,54.0,81.8,1.5,1.5,0.15,HJ 308 EC,0.084,7,11
875,84,40,90,23,93.0,78.0,10.2,8000.0,9500,0.67, NJ 308 ECP,J; M;  ML;  PH,40,57.5,75,52.0,1.5,1.5,1.4,48.0,50,60.0,81.8,1.5,-,0.15,HJ 308 EC,0.084,7,11
876,85,40,90,23,93.0,78.0,10.2,8000.0,9500,0.68, NUP 308 ECP,J; M;  ML;  PH,40,57.5,75,52.0,1.5,1.5,-,48.0,-,60.0,81.8,1.5,-,0.15,-,-,-,-
877,86,40,90,33,129.0,120.0,15.3,8000.0,9500,0.93, NU 2308 ECP,J; M;  ML;  PH,40,-,75,52.0,1.5,1.5,2.9,48.0,50,54.0,81.8,1.5,1.5,0.25,-,-,-,-
878,87,40,90,33,129.0,120.0,15.3,8000.0,9500,0.95, NJ 2308 ECP,J; M;  ML;  PH,40,57.5,75,52.0,1.5,1.5,2.9,48.0,50,60.0,81.8,1.5,-,0.25,-,-,-,-
879,88,40,90,33,129.0,120.0,15.3,8000.0,9500,0.98, NUP 2308 ECP,J; M;  ML;  PH,40,57.5,75,52.0,1.5,1.5,-,48.0,-,60.0,81.8,1.5,-,0.25,-,-,-,-
880,89,40,110,27,96.8,90.0,11.6,7000.0,8500,1.3, NJ 408,M;  MA,40,64.8,85.3,58.0,2.0,2.0,2.5,52.0,56,67.0,99.0,2.0,-,0.15,-,-,-,-
881,90,40,110,27,96.8,90.0,11.6,7000.0,8500,1.3, NU 408,M;  MA,40,-,85.3,58.0,2.0,2.0,2.5,52.0,56,60.0,99.0,2.0,2,0.15,-,-,-,-
882,91,45,75,16,44.6,52.0,6.3,11000.0,11000,0.25, NU 1009 ECP,-,45,-,65.3,52.5,1.0,0.6,0.9,48.4,51,54.0,69.8,1.0,0.6,0.1,-,-,-,-
883,92,45,75,16,44.6,52.0,6.3,11000.0,11000,0.26, NJ 1009 ECP,PH,45,56,65.3,52.5,1.0,0.6,0.9,48.4,51,57.5,69.8,1.0,-,0.1,-,-,-,-
884,93,45,85,19,69.5,64.0,8.15,9000.0,9500,0.42, NU 209 ECP,J; M;  ML,45,-,72.4,54.5,1.1,1.1,1.2,52.0,53,56.0,77.6,1.0,1,0.15,HJ 209 EC,0.052,5,8.5
885,94,45,85,19,69.5,64.0,8.15,9000.0,9500,0.43, N 209 ECP,M,45,59,-,76.5,1.1,1.1,1.2,52.0,74,78.0,79.1,1.0,1,0.12,-,-,-,-
886,95,45,85,19,69.5,64.0,8.15,9000.0,9500,0.44, NJ 209 ECP,J; M;  ML,45,59,72.4,54.5,1.1,1.1,1.2,52.0,53,61.0,77.6,1.0,-,0.15,HJ 209 EC,0.052,5,8.5
887,96,45,85,19,69.5,64.0,8.15,9000.0,9500,0.44, NUP 209 ECP,J; M;  ML,45,59,72.4,54.5,1.1,1.1,-,52.0,-,61.0,77.6,1.0,-,0.15,-,-,-,-
888,97,45,85,23,85.0,81.5,10.6,9000.0,9500,0.52, NU 2209 ECP,J; PH,45,-,72.4,54.5,1.1,1.1,1.7,52.0,53,56.0,77.6,1.0,1,0.2,-,-,-,-
889,98,45,85,23,85.0,81.5,10.6,9000.0,9500,0.54, NJ 2209 ECP,J; PH,45,59,72.4,54.5,1.1,1.1,1.7,52.0,53,61.0,77.6,1.0,-,0.2,-,-,-,-
890,99,45,85,23,85.0,81.5,10.6,9000.0,9500,0.55, NUP 2209 ECP,J; PH,45,59,72.4,54.5,1.1,1.1,-,52.0,-,61.0,77.6,1.0,-,0.2,-,-,-,-
891,100,45,100,25,112.0,100.0,12.9,7500.0,8500,0.88, N 309 ECP,-,45,64.4,-,88.5,1.5,1.5,1.7,54.0,86,91.0,92.3,1.5,1.5,0.12,-,-,-,-
892,101,45,100,25,112.0,100.0,12.9,7500.0,8500,0.89, NJ 309 ECP,J; M;  ML;  PH,45,64.4,83.2,58.5,1.5,1.5,1.7,54.0,56,67.0,91.4,1.5,-,0.15,HJ 309 EC,0.11,7,11.5
893,102,45,100,25,112.0,100.0,12.9,7500.0,8500,0.9, NU 309 ECP,J; M;  ML;  PH,45,-,83.2,58.5,1.5,1.5,1.7,54.0,56,60.0,91.4,1.5,1.5,0.15,HJ 309 EC,0.11,7,11.5
894,103,45,100,25,112.0,100.0,12.9,7500.0,8500,0.93, NUP 309 ECP,J; M;  ML;  PH,45,64.4,83.2,58.5,1.5,1.5,-,54.0,-,67.0,91.4,1.5,-,0.15,-,-,-,-
895,104,45,100,36,160.0,153.0,20.0,7500.0,8500,1.3, NU 2309 ECP,ML,45,-,83.2,58.5,1.5,1.5,3.2,54.0,56,60.0,91.4,1.5,1.5,0.25,-,-,-,-
896,105,45,100,36,160.0,153.0,20.0,7500.0,8500,1.35, NJ 2309 ECP,ML,45,64.4,83.2,58.5,1.5,1.5,3.2,54.0,56,67.0,91.4,1.5,-,0.25,-,-,-,
897,106,45,100,36,160.0,153.0,20.0,7500.0,8500,1.35, NUP 2309 ECP,ML,45,64.4,83.2,58.5,1.5,1.5,-,54.0,-,67.0,91.4,1.5,-,0.25,-,-,-,-
898,107,45,120,29,106.0,102.0,13.4,6700.0,7500,1.65, NJ 409,-,45,71.8,93.4,64.5,2.0,2.0,2.5,58.0,62,75.0,108.0,2.0,-,0.15,HJ 409,0.18,8,13.5
899,108,45,120,29,106.0,102.0,13.4,6700.0,7500,1.65, NU 409,-,45,-,93.4,64.5,2.0,2.0,2.5,58.0,62,66.0,108.0,2.0,2,0.15,HJ 409,0.18,8,13.5
900,109,50,80,16,46.8,56.0,6.7,9500.0,9500,0.27, NU 1010 ECP,-,50,-,70.5,57.5,1.0,0.6,1,57.0,56,59.0,74.6,1.0,0.6,0.1,-,-,-,-
901,110,50,90,20,73.5,69.5,8.8,8500.0,9000,0.47, NU 210 ECP,J; M;  ML;  PH,50,-,77.4,59.5,1.1,1.1,1.5,57.0,57.5,61.0,82.4,1.0,1,0.15,HJ 210 EC,0.058,5,9
902,111,50,90,20,73.5,69.5,8.8,8500.0,9000,0.48,N 210 ECP,M,50,64,-,81.5,1.1,1.1,1.5,57.0,79,83.0,84.0,1.0,1,0.12,-,-,-,-
903,112,50,90,20,73.5,69.5,8.8,8500.0,9000,0.49, NJ 210 ECP,J; M;  ML;  PH,50,64,77.4,59.5,1.1,1.1,1.5,57.0,57.5,66.0,82.4,1.0,-,0.15,-,-,-,-
904,113,50,90,20,73.5,69.5,8.8,8500.0,9000,0.5, NUP 210 ECP,J; M;  ML;  PH,50,64,77.4,59.5,1.1,1.1,-,57.0,-,66.0,82.4,1.0,-,0.15,-,-,-,-
905,114,50,90,23,90.0,88.0,11.4,8500.0,9000,0.56, NU 2210 ECP,J; M;  ML;  PH,50,-,77.4,59.5,1.1,1.1,1.5,57.0,57.5,61.0,82.4,1.0,1,0.2,-,-,-,-
906,115,50,90,23,90.0,88.0,11.4,8500.0,9000,0.57, NJ 2210 ECP,J; M;  ML;  PH,50,64,77.4,59.5,1.1,1.1,1.5,57.0,57.5,66.0,82.4,1.0,-,0.2,-,-,-,-
907,116,50,90,23,90.0,88.0,11.4,8500.0,9000,0.59, NUP 2210 ECP,J; M;  ML;  PH,50,64,77.4,59.5,1.1,1.1,-,57.0,-,66.0,82.4,1.0,-,0.2,-,-,-,-
908,117,50,110,27,127.0,112.0,15.0,6700.0,8000,1.1,N 310 ECP,-,50,71.2,-,97.0,2.0,2.0,1.9,60.0,95,99.0,101.0,2.0,2,0.12,-,-,-,-
909,118,50,110,27,127.0,112.0,15.0,6700.0,8000,1.1, NU 310 ECP,J; M;  ML;  PH,50,-,91.4,65.0,2.0,2.0,1.9,60.0,63,67.0,99.6,2.0,2,0.15,HJ 310 EC,0.15,8,13
910,119,50,110,27,127.0,112.0,15.0,6700.0,8000,1.15, NJ 310 ECP,J; M;  ML;  PH,50,71.2,91.4,65.0,2.0,2.0,1.9,60.0,63,73.0,99.6,2.0,-,0.15,HJ 310 EC,0.15,8,13
911,120,50,110,27,127.0,112.0,15.0,6700.0,8000,1.15, NUP 310 ECP,J; M;  ML;  PH,50,71.2,91.4,65.0,2.0,2.0,-,60.0,-,73.0,99.6,2.0,-,0.15,-,-,-,-
912,121,50,110,40,186.0,186.0,24.5,6700.0,8000,1.75, NJ 2310 ECP,ML;  PH,50,71.2,91.4,65.0,2.0,2.0,3.4,60.0,63,73.0,99.6,2.0,-,0.25,-,-,-,-
913,122,50,110,40,186.0,186.0,24.5,6700.0,8000,1.75, NU 2310 ECP,ML;  PH,50,-,91.4,65.0,2.0,2.0,3.4,60.0,63,67.0,99.6,2.0,2,0.25,-,-,-,-
914,123,50,110,40,186.0,186.0,24.5,6700.0,8000,1.75, NUP 2310 ECP,ML;  PH,50,71.2,91.4,65.0,2.0,2.0,-,60.0,-,73.0,99.6,2.0,-,0.25,-,-,-,-
915,124,50,130,31,130.0,127.0,16.6,6000.0,7000,2.0, NU 410,-,50,-,101.6,70.8,2.1,2.1,2.6,64.0,68,73.0,116.0,2.0,2,0.15,HJ 410,0.15,9,14.5
916,125,50,130,31,130.0,127.0,16.6,6000.0,7000,2.05, NJ 410,-,50,78.8,101.6,70.8,2.1,2.1,2.6,64.0,68,81.0,116.0,2.0,-,0.15,HJ 410,0.15,9,14.5
917,126,55,90,18,57.2,69.5,8.3,8500.0,8500,0.39, NU 1011 ECP,ML,55,-,79,64.5,1.1,1.0,0.5,59.7,63,66.0,83.0,1.0,1,0.1,-,-,-,-
918,127,55,90,18,57.2,69.5,8.3,8500.0,8500,0.42,NJ 1011 ECP,ML,55,68,79,64.5,1.1,1.0,0.5,60.0,63,70.0,83.0,2.0,-,0.1,-,-,-,-
919,128,55,100,21,96.5,95.0,12.2,7500.0,8000,0.65, N 211 ECP,-,55,70.8,-,90.0,1.5,1.1,1,63.0,88,92.0,93.0,1.5,1,0.12,-,-,-,-
920,129,55,100,21,96.5,95.0,12.2,7500.0,8000,0.66, NU 211 ECP,J; M;  ML,55,-,85.6,66.0,1.5,1.1,1,62.0,64,68.0,91.4,1.5,1,0.15,HJ 211 EC,0.083,6,9.5
921,130,55,100,21,96.5,95.0,12.2,7500.0,8000,0.67, NJ 211 ECP,J; M;  ML,55,70.8,85.6,66.0,1.5,1.1,1,63.0,64,73.0,91.4,1.5,-,0.15,HJ 211 EC,0.083,6,9.5
922,131,55,100,21,96.5,95.0,12.2,7500.0,8000,0.68, NUP 211 ECP,J; M;  ML,55,70.8,85.6,66.0,1.5,1.1,-,63.0,-,73.0,91.4,1.5,-,0.15,-,-,-,-
923,132,55,100,25,114.0,118.0,15.3,7500.0,8000,0.79, NU 2211 ECP,J; M;  ML;  PH,55,-,85.6,66.0,1.5,1.1,1.5,62.0,64,68.0,91.4,1.5,1,0.2,HJ 2211 EC,0.085,6,10
924,133,55,100,25,114.0,118.0,15.3,7500.0,8000,0.81, NJ 2211 ECP,J; M;  ML;  PH,55,70.8,85.6,66.0,1.5,1.1,1.5,63.0,64,73.0,91.4,1.0,-,0.2,HJ 2211 EC,0.085,6,10
925,134,55,100,25,114.0,118.0,15.3,7500.0,8000,0.82, NUP 2211 ECP,J; M;  ML;  PH,55,70.8,85.6,66.0,1.5,1.1,-,63.0,-,73.0,91.4,1.5,-,0.2,-,-,-,-
926,135,55,120,29,156.0,143.0,18.6,6000.0,7000,1.45, N 311 ECP,M,55,77.5,-,106.5,2.0,2.0,2,65.0,104,109.0,111.0,2.0,2,0.12,-,-,-,-
927,136,55,120,29,156.0,143.0,18.6,6000.0,7000,1.45, NU 311 ECP,J; M;  ML,55,-,100.3,70.5,2.0,2.0,2,65.0,68,73.0,109.2,2.0,2,0.15,HJ 311 EC,0.19,9,14
928,137,55,120,29,156.0,143.0,18.6,6000.0,7000,1.5, NJ 311 ECP,J; M;  ML,55,77.5,100.3,70.5,2.0,2.0,2,65.0,68,80.0,109.2,2.0,-,0.15,HJ 311 EC,0.19,9,14
929,138,55,120,29,156.0,143.0,18.6,6000.0,7000,1.5, NUP 311 ECP,J; M;  ML,55,77.5,100.3,70.5,2.0,2.0,-,65.0,-,80.0,109.2,2.0,-,0.15,-,-,-,-
930,139,55,120,43,232.0,232.0,30.5,6000.0,7000,2.25, NJ 2311 ECP,ML;  PH,55,77.5,100.3,70.5,2.0,2.0,3.5,65.0,68,80.0,109.2,2.0,-,0.25,HJ 2311 EC,0.19,9,15.5
931,140,55,120,43,232.0,232.0,30.5,6000.0,7000,2.25, NU 2311 ECP,ML;  PH,55,-,100.3,70.5,2.0,2.0,3.5,65.0,68,73.0,109.2,2.0,2,0.25,HJ 2311 EC,0.19,9,15.5
932,141,55,120,43,232.0,232.0,30.5,6000.0,7000,2.3, NUP 2311 ECP,ML;  PH,55,77.5,100.3,70.5,2.0,2.0,-,65.0,-,80.0,109.2,2.0,-,0.25,-,-,-,-
933,142,55,140,33,142.0,140.0,18.6,5600.0,6300,2.5, NU 411,-,55,-,109.45,77.2,2.1,2.1,2.6,69.0,74,79.0,126.0,2.0,2,0.15,-,-,-,-
934,143,55,140,33,142.0,140.0,18.6,5600.0,6300,2.55,NJ 411,-,55,85.2,109.45,77.2,2.1,2.1,2.6,69.0,74,88.0,126.0,2.0,-,0.15,-,-,-,-
935,144,60,95,18,37.4,44.0,5.3,8000.0,13000,0.5, NU 1012 ML, -,60,-,81.8,69.5,1.1,1.0,2.9,64.6,68,71.0,88.0,1.0,1,0.15,-,-,-,-
936,145,60,110,22,108.0,102.0,13.4,6700.0,7500,0.79, N 212 ECP,M,60,77.5,-,100.0,1.5,1.5,1.4,68.0,98,102.0,103.0,1.5,1.5,0.12,-,-,-,-
937,146,60,110,22,108.0,102.0,13.4,6700.0,7500,0.8, NU 212 ECP,J; M;  ML,60,-,95,72.0,1.5,1.5,1.4,68.0,70,74.0,101.0,1.5,1.5,0.15,HJ 212 EC,0.1,6,10
938,147,60,110,22,108.0,102.0,13.4,6700.0,7500,0.82, NJ 212 ECP,J; M;  ML,60,77.5,95,72.0,1.5,1.5,1.4,68.0,70,80.0,101.0,1.5,-,0.15,HJ 212 EC,0.1,6,10
939,148,60,110,22,108.0,102.0,13.4,6700.0,7500,0.86, NUP 212 ECP,J; M;  ML,60,77.5,95,72.0,1.5,1.5,-,68.0,-,80.0,101.0,1.5,-,0.15,-,-,-,-
940,149,60,110,28,146.0,153.0,20.0,6700.0,7500,1.05, NU 2212 ECP,J; M;  ML;  PH,60,-,95,72.0,1.5,1.5,1.4,68.0,70,74.0,101.0,1.5,1.5,0.2,HJ 212 EC,0.1,6,10
941,150,60,110,28,146.0,153.0,20.0,6700.0,7500,1.1, NJ 2212 ECP,J; M;  ML;  PH,60,77.5,95,72.0,1.5,1.5,1.4,68.0,70,80.0,101.0,1.5,-,0.2,HJ 212 EC,0.1,6,10
942,151,60,110,28,146.0,153.0,20.0,6700.0,7500,1.1, NUP 2212 ECP,J; M;  ML;  PH,60,77.5,95,72.0,1.5,1.5,-,68.0,-,80.0,101.0,1.5,-,0.2,-,-,-,-
943,152,60,130,31,173.0,160.0,21.2,5600.0,6700,1.75, N 312 ECP,J; M,60,84.3,-,115.0,2.1,2.1,2.1,72.0,113,118.0,119.0,2.0,2,0.12,-,-,-,-
944,153,60,130,31,173.0,160.0,21.2,5600.0,6700,1.75, NU 312 ECP,J; M;  ML;  PH,60,-,108.5,77.0,2.1,2.1,2.1,72.0,74,79.0,118.1,2.0,2,0.15,HJ 312 EC,0.23,9,14.5
945,154,60,130,31,173.0,160.0,21.2,5600.0,6700,1.85, NJ 312 ECP,J; M;  ML;  PH,60,84.3,108.5,77.0,2.1,2.1,2.1,72.0,74,87.0,118.1,2.0,-,0.15,HJ 312 EC,0.23,9,14.5
946,155,60,130,31,173.0,160.0,21.2,5600.0,6700,1.9, NUP 312 ECP,J; M;  ML;  PH,60,84.3,108.5,77.0,2.1,2.1,-,72.0,-,87.0,118.1,2.0,-,0.15,-,-,-,-
947,156,60,130,46,260.0,265.0,34.5,5600.0,6700,2.75, NU 2312 ECP,M;  ML;  PH,60,-,108.5,77.0,2.1,2.1,3.6,72.0,74,79.0,118.1,2.0,2,0.25,HJ 2312 EC,0.24,9,16
948,157,60,130,46,260.0,265.0,34.5,5600.0,6700,2.8, NJ 2312 ECP,M;  ML;  PH,60,84.3,108.5,77.0,2.1,2.1,3.6,72.0,74,87.0,118.1,2.0,-,0.25,HJ 2312 EC,0.24,9,16
949,158,60,130,46,260.0,265.0,34.5,5600.0,6700,2.85, NUP 2312 ECP,M;  ML;  PH,60,84.3,108.5,77.0,2.1,2.1,-,72.0,-,87.0,118.1,2.0,-,0.25,-,-,-,-
950,159,60,150,35,168.0,173.0,22.0,5000.0,6000,3.0, NU 412,-,60,-,118.5,83.0,2.1,2.1,2.5,74.0,80,85.0,136.0,2.0,2,0.15,-,-,-,-
951,160,60,150,35,168.0,173.0,22.0,5000.0,6000,3.05, NJ 412,-,60,91.8,118.5,83.0,2.1,2.1,2.5,74.0,80,94.0,136.0,2.0,-,0.15,-,-,-,-
952,161,65,100,18,38.0,46.5,5.5,7500.0,12000,0.51, NU 1013 ML; -,65,-,86.6,74.5,1.1,1.0,2.9,69.6,72.0,76.0,94.0,1.0,1,0.15,-,-,-,-,
953,162,65,100,18,62.7,81.5,9.8,7500.0,7500,0.45, NU 1013 ECP,PH,65,-,88.5,74.0,1.1,1.0,1,69.6,72,76.0,94.0,1.0,1,0.1,-,-,-,-
954,163,65,120,23,122.0,118.0,15.6,6300.0,6700,1.0, NU 213 ECP,J; M;  ML;  PH,65,-,103.2,78.5,1.5,1.5,1.4,74.0,76,81.0,110.6,1.5,1.5,0.15,HJ 213 EC,0.12,6,10
955,164,65,120,23,122.0,118.0,15.6,6300.0,6700,1.05, N 213 ECP,-,65,84.4,-,108.5,1.5,1.5,1.4,74.0,106,111.0,112.0,1.5,1.5,0.12,-,-,-,-
956,165,65,120,23,122.0,118.0,15.6,6300.0,6700,1.05, NJ 213 ECP,J; M;  ML;  PH,65,84.4,103.2,78.5,1.5,1.5,1.4,74.0,76,87.0,110.6,1.5,-,0.15,HJ 213 EC,0.12,6,10
957,166,65,120,23,122.0,118.0,15.6,6300.0,6700,1.05, NUP 213 ECP,J; M;  ML;  PH,65,84.4,103.2,78.5,1.5,1.5,-,76.0,-,87.0,110.6,1.5,-,0.15,-,-,-,-
958,167,65,120,31,170.0,180.0,24.0,6300.0,6700,1.4, NU 2213 ECP,J; ML;  PH,65,-,103.2,78.5,1.5,1.5,1.9,74.0,76,81.0,110.6,1.5,1.5,0.2,HJ 2213 EC,0.12,6,10.5
959,168,65,120,31,170.0,180.0,24.0,6300.0,6700,1.45, NJ 2213 ECP,J; ML;  PH,65,84.4,103.2,78.5,1.5,1.5,1.9,74.0,76,87.0,110.6,1.5,-,0.2,HJ 2213 EC,0.12,6,10.5
960,169,65,120,31,170.0,180.0,24.0,6300.0,6700,1.45, NUP 2213 ECP,J; ML;  PH,65,84.4,103.2,78.5,1.5,1.5,-,74.0,-,87.0,110.6,1.5,-,0.2,-,-,-,-
961,170,65,140,33,212.0,196.0,25.5,5300.0,6000,2.2, N 313 ECP,M,65,90.5,-,124.5,2.1,2.1,2.2,77.0,122,127.0,129.0,2.0,2,0.12,-,-,-,-
962,171,65,140,33,212.0,196.0,25.5,5300.0,6000,2.2, NU 313 ECP,J; M;  ML;  PH,65,-,117.4,82.5,2.1,2.1,2.2,77.0,80,85.0,127.8,2.0,2,0.15,HJ 313 EC,0.27,10,15.5
963,172,65,140,33,212.0,196.0,25.5,5300.0,6000,2.3, NJ 313 ECP,J; M;  ML;  PH,65,90.5,117.4,82.5,2.1,2.1,2.2,77.0,80,93.0,127.8,2.0,-,0.15,HJ 313 EC,0.27,10,15.5
964,173,65,140,33,212.0,196.0,25.5,5300.0,6000,2.35, NUP 313 ECP,J; M;  ML;  PH,65,90.5,117.4,82.5,2.1,2.1,-,77.0,-,93.0,127.8,2.0,-,0.15,-,-,-,-
965,174,65,140,48,285.0,290.0,38.0,5300.0,6000,3.2, NU 2313 ECP,ML;  PH,65,-,117.4,82.5,2.1,2.1,4.7,77.0,80,85.0,127.8,2.0,2,0.25,HJ 2313 EC,0.3,10,18
966,175,65,140,48,285.0,290.0,38.0,5300.0,6000,3.35, NJ 2313 ECP,ML;  PH,65,90.5,117.4,82.5,2.1,2.1,4.7,77.0,80,93.0,127.8,2.0,-,0.25,HJ 2313 EC,0.3,10,18
967,176,65,140,48,285.0,290.0,38.0,5300.0,6000,3.45, NUP 2313 ECP,ML;  PH,65,90.5,117.4,82.5,2.1,2.1,-,77.0,-,93.0,127.8,2.0,-,0.25,-,-,-,-
968,177,65,160,37,183.0,190.0,24.0,4800.0,5600,3.55, NU 413,-,65,-,126.85,89.3,2.1,2.1,2.6,78.0,86,91.0,146.0,2.0,2,0.15,HJ 413,0.42,11,18
969,178,65,160,37,183.0,190.0,24.0,4800.0,5600,3.65, NJ 413,-,65,98.5,126.85,89.3,2.1,2.1,2.6,78.0,86,101.0,146.0,2.0,-,0.15,HJ 413,0.42,11,18
970,179,70,110,20,56.1,67.0,8.0,7000.0,11000,0.7, NU 1014 ML, -,70,-,95.7,80.0,1.1,1.0,3,74.6,78,82.0,104.0,1.0,1,0.15,-,-,-,-
971,180,70,110,20,76.5,93.0,12.0,7000.0,7000,0.61, NU 1014 ECP,-,70,-,97.55,79.5,1.1,1.0,1.3,74.6,78,82.0,104.0,1.0,1,0.1,HJ 1014 EC,0.082,5,10
972,181,70,125,24,137.0,137.0,18.0,6000.0,6300,1.1, N 214 ECP,M,70,89.4,-,113.5,1.5,1.5,1.2,79.0,111,116.0,117.0,1.5,1.5,0.12,-,-,-,-
973,182,70,125,24,137.0,137.0,18.0,6000.0,6300,1.15, NU 214 ECP,J; M;  ML;  PH,70,-,108.3,83.5,1.5,1.5,1.2,79.0,81,86.0,115.4,1.5,1.5,0.15,HJ 214 EC,0.15,7,11
974,183,70,125,24,137.0,137.0,18.0,6000.0,6300,1.2, NJ 214 ECP,J; M;  ML;  PH,70,89.4,108.3,83.5,1.5,1.5,1.2,79.0,81,92.0,115.4,1.5,-,0.15,HJ 214 EC,0.15,7,11
975,184,70,125,24,137.0,137.0,18.0,6000.0,6300,1.2, NUP 214 ECP,J; M;  ML;  PH,70,89.4,108.3,83.5,1.5,1.5,-,79.0,-,92.0,115.4,1.5,-,0.15,-,-,-,-
976,185,70,125,31,180.0,193.0,25.5,6000.0,6300,1.5, NJ 2214 ECP,J; M;  ML;  PH,70,89.4,108.2,83.5,1.5,1.5,1.7,79.0,81,92.0,115.4,1.5,-,0.2,HJ 2214 EC,0.15,7,11.5
977,186,70,125,31,180.0,193.0,25.5,6000.0,6300,1.5, NU 2214 ECP,J; M;  ML;  PH,70,-,108.2,83.5,1.5,1.5,1.7,79.0,81,86.0,115.4,1.5,1.5,0.2,HJ 2214 EC,0.15,7,11.5
978,187,70,125,31,180.0,193.0,25.5,6000.0,6300,1.55, NUP 2214 ECP,J; M;  ML;  PH,70,89.4,108.2,83.5,1.5,1.5,-,79.0,-,92.0,115.4,1.5,-,0.2,-,-,-,-
979,188,70,150,35,236.0,228.0,29.0,4800.0,5600,2.65, N 314 ECP,M,70,97.3,-,133.0,2.1,2.1,1.8,82.0,130,136.0,138.0,2.0,2,0.12,-,-,-,-
980,189,70,150,35,236.0,228.0,29.0,4800.0,5600,2.7, NU 314 ECP,J; M;  ML;  PH,70,-,125.6,89.0,2.1,2.1,1.8,82.0,86,92.0,137.5,2.0,2,0.15,HJ 314 EC,0.32,10,15.5
981,190,70,150,35,236.0,228.0,29.0,4800.0,5600,2.75, NJ 314 ECP,J; M;  ML;  PH,70,97.3,125.6,89.0,2.1,2.1,1.8,82.0,86,100.0,137.5,2.0,-,0.15,HJ 314 EC,0.32,10,15.5
982,191,70,150,35,236.0,228.0,29.0,4800.0,5600,2.85, NUP 314 ECP,J; M;  ML;  PH,70,97.3,125.6,89.0,2.1,2.1,-,82.0,-,100.0,137.5,2.0,-,0.15,-,-,-,-
983,192,70,150,51,315.0,325.0,41.5,4800.0,5600,3.95, NU 2314 ECP,ML;  PH,70,-,125.6,89.0,2.1,2.1,4.8,82.0,86,92.0,137.5,2.0,2,0.25,HJ 2314 EC,0.35,10,18.5
984,193,70,150,51,315.0,325.0,41.5,4800.0,5600,4.0, NJ 2314 ECP,ML;  PH,70,97.3,125.6,89.0,2.1,2.1,4.8,82.0,86,100.0,137.5,2.0,-,0.25,HJ 2314 EC,0.35,10,18.5
985,194,70,150,51,315.0,325.0,41.5,4800.0,5600,4.15, NUP 2314 ECP,ML;  PH,70,97.3,125.6,89.0,2.1,2.1,-,82.0,-,100.0,137.5,2.0,-,0.25,-,-,-,-
986,195,70,180,42,229.0,240.0,30.0,4300.0,5000,5.25, NU 414,MA,70,-,141,100.0,3.0,3.0,3.5,87.0,97,102.0,164.0,2.5,2.5,0.15,HJ 414,0.61,12,20
987,196,70,180,42,229.0,240.0,30.0,4300.0,5000,5.45, NJ 414,MA,70,110,141,100.0,3.0,3.0,3.5,87.0,97,113.0,164.0,2.5,-,0.15,HJ 414,0.61,12,20
988,197,75,115,20,58.3,71.0,8.5,6700.0,10000,0.75, NU 1015 ML, M,75,-,100.4,85.0,1.1,1.0,3,80.0,83,87.0,109.0,1.0,1,0.15,-,-,-,-
989,198,75,130,25,150.0,156.0,20.4,5600.0,6000,1.2, N 215 ECP,-,75,94.3,-,118.5,1.5,1.5,1.2,84.0,116,121.0,122.0,1.5,1.5,0.12,-,-,-,-
990,199,75,130,25,150.0,156.0,20.4,5600.0,6000,1.25, NU 215 ECP,J; M;  ML;  PH,75,-,113.3,88.5,1.5,1.5,1.2,84.0,86,91.0,121.5,1.5,1.5,0.15,HJ 215 EC,0.16,7,11
991,200,75,130,25,150.0,156.0,20.4,5600.0,6000,1.3, NJ 215 ECP,J; M;  ML;  PH,75,94.3,113.3,88.5,1.5,1.5,1.2,84.0,86,97.0,121.5,1.5,-,0.15,HJ 215 EC,0.16,7,11
992,201,75,130,25,150.0,156.0,20.4,5600.0,6000,1.3, NUP 215 ECP,J; M;  ML;  PH,75,94.3,113.3,88.5,1.5,1.5,-,84.0,-,97.0,121.5,1.5,-,0.15,-,-,-,-
993,202,75,130,31,186.0,208.0,27.0,5600.0,6000,1.6, NJ 2215 ECP,J; ML;  PH,75,94.3,113.2,88.5,1.5,1.5,1.7,84.0,86,97.0,121.5,1.5,-,0.2,-,-,-,-
994,203,75,130,31,186.0,208.0,27.0,5600.0,6000,1.6, NU 2215 ECP,J; ML;  PH,75,-,113.2,88.5,1.5,1.5,1.7,84.0,86,91.0,121.5,1.5,1.5,0.2,-,-,-,-
995,204,75,130,31,186.0,208.0,27.0,5600.0,6000,1.6, NUP 2215 ECP,J; ML;  PH,75,94.3,113.2,88.5,1.5,1.5,-,84.0,-,97.0,121.5,1.5,-,0.2,-,-,-,-
996,205,75,160,37,280.0,265.0,33.5,4500.0,5300,3.3, N 315 ECP,M,75,104,-,143.0,2.1,2.1,1.8,87.0,140,146.0,148.0,2.0,2,0.12,-,-,-,-
997,206,75,160,37,280.0,265.0,33.5,4500.0,5300,3.3, NU 315 ECP,J; M;  ML;  PH,75,-,135,95.0,2.1,2.1,1.8,87.0,92,97.0,148.0,2.0,2,0.15,HJ 315 EC,0.39,11,16.5
998,207,75,160,37,280.0,265.0,33.5,4500.0,5300,3.35, NJ 315 ECP,J; M;  ML;  PH,75,104,135,95.0,2.1,2.1,1.8,87.0,92,107.0,148.0,2.0,-,0.15,HJ 315 EC,0.39,11,16.5
999,208,75,160,37,280.0,265.0,33.5,4500.0,5300,3.45, NUP 315 ECP,J; M;  ML;  PH,75,104,135,95.0,2.1,2.1,-,87.0,-,107.0,148.0,2.0,-,0.15,-,-,-,-
1000,209,75,160,55,380.0,400.0,50.0,4500.0,5300,4.8, NU 2315 ECP,J; ML,75,-,135,95.0,2.1,2.1,4.8,87.0,92,97.0,148.0,2.0,2,0.25,HJ 2315 EC,0.42,11,19.5
1001,210,75,160,55,380.0,400.0,50.0,4500.0,5300,5.0, NJ 2315 ECP,J; ML,75,104,135,95.0,2.1,2.1,4.8,87.0,92,107.0,148.0,2.0,-,0.25,HJ 2315 EC,0.42,11,19.5
1002,211,75,160,55,380.0,400.0,50.0,4500.0,5300,5.1, NUP 2315 ECP,J; ML,75,104,135,95.0,2.1,2.1,-,87.0,-,107.0,148.0,2.0,-,0.25,-,-,-,-
1003,212,75,190,45,264.0,280.0,34.0,4000.0,4800,6.2,NU 415,-,75,-,149.1,104.5,3.0,3.0,3.8,91.0,101,107.0,174.0,2.5,2.5,0.15,HJ 415,0.71,13,21.5
1004,213,75,190,45,264.0,280.0,34.0,4000.0,4800,6.4,NJ 415,-,75,116,149.1,104.5,3.0,3.0,3.8,91.0,101,119.0,174.0,2.5,-,0.15,HJ 415,0.71,13,21.5
1005,214,80,125,22,64.4,78.0,9.8,6300.0,6300,0.88, NU 1016,-,80,-,108.55,91.5,1.1,1.0,3.3,86.0,90,94.0,119.0,1.0,1,0.1,-,-,-,-
1006,215,80,125,22,99.0,127.0,16.3,6000.0,9500,1.05,NJ 1016 ECML, M,80,96.2,111.6,91.5,1.1,1.0,1.5,86.0,90,99.0,119.0,1.0,-,0.15,-,-,-,-
1007,216,80,140,26,160.0,166.0,21.2,5300.0,5600,1.55, N 216 ECP,-,80,101,-,127.3,2.0,2.0,1.4,90.0,125,130.0,131.0,2.0,2,0.12,-,-,-,-
1008,217,80,140,26,160.0,166.0,21.2,5300.0,5600,1.55, NJ 216 ECP,J; M;  ML;  PH,80,101,121.7,95.3,2.0,2.0,1.4,90.0,93,104.0,129.8,2.0,-,0.15,HJ 216 EC,0.21,8,12.5
1009,218,80,140,26,160.0,166.0,21.2,5300.0,5600,1.55, NU 216 ECP,J; M;  ML;  PH,80,-,121.7,95.3,2.0,2.0,1.4,90.0,93,98.0,129.8,2.0,2,0.15,HJ 216 EC,0.21,8,12.5
1010,219,80,140,26,160.0,166.0,21.2,5300.0,5600,1.55, NUP 216 ECP,J; M;  ML;  PH,80,101,121.7,95.3,2.0,2.0,-,90.0,-,104.0,129.8,2.0,-,0.15,-,-,-,-
1011,220,80,140,33,212.0,245.0,31.0,5300.0,5600,1.95, NU 2216 ECP,J; M;  ML;  PH,80,-,121.7,95.3,2.0,2.0,1.4,90.0,93,98.0,129.8,2.0,2,0.2,HJ 216 EC,0.21,8,12.5
1012,221,80,140,33,212.0,245.0,31.0,5300.0,5600,2.0, NUP 2216 ECP,J; M;  ML;  PH,80,101,121.7,95.3,2.0,2.0,-,90.0,-,104.0,129.8,2.0,-,0.2,-,-,-,-
1013,222,80,140,33,212.0,245.0,31.0,5300.0,5600,2.05, NJ 2216 ECP,J; M;  ML;  PH,80,101,121.7,95.3,2.0,2.0,1.4,90.0,93,104.0,129.8,2.0,-,0.2,HJ 216 EC,0.21,8,12.5
1014,223,80,170,39,300.0,290.0,36.0,4300.0,5000,3.85, NU 316 ECP,J; M;  ML;  PH,80,-,142.7,101.0,2.1,2.1,2.1,92.0,98,104.0,157.8,2.0,2,0.15,HJ 316 EC,0.44,11,17
1015,224,80,170,39,300.0,290.0,36.0,4300.0,5000,3.9, N 316 ECP,M,80,110,-,151.0,2.1,2.1,2.1,92.0,148,154.0,157.0,2.0,2,0.12,-,-,-,-
1016,225,80,170,39,300.0,290.0,36.0,4300.0,5000,4.0, NJ 316 ECP,J; M;  ML;  PH,80,110,142.7,101.0,2.1,2.1,2.1,92.0,98,113.0,157.8,2.0,-,0.15,HJ 316 EC,0.44,11,17
1017,226,80,170,39,300.0,290.0,36.0,4300.0,5000,4.1, NUP 316 ECP,J; M;  ML;  PH,80,110,142.7,101.0,2.1,2.1,-,92.0,-,113.0,157.8,2.0,-,0.15,-,-,-,-
1018,227,80,170,58,415.0,440.0,55.0,4300.0,5000,5.75, NU 2316 ECP,M;  ML,80,-,142.7,101.0,2.1,2.1,5.1,92.0,98,104.0,157.8,2.0,2,0.25,HJ 2316 EC,0.48,11,20
1019,228,80,170,58,415.0,440.0,55.0,4300.0,5000,5.95, NJ 2316 ECP,M;  ML,80,110,142.7,101.0,2.1,2.1,5.1,92.0,98,113.0,157.8,2.0,-,0.25,HJ 2316 EC,0.48,11,20
1020,229,80,170,58,415.0,440.0,55.0,4300.0,5000,6.0,NUP 2316 ECP,M;  ML,80,110,142.7,101.0,2.1,2.1,-,92.0,-,113.0,157.8,2.0,-,0.25,-,-,-,-
1021,230,80,200,48,303.0,320.0,39.0,3800.0,4500,7.25, NU 416,-,80,-,158.1,110.0,3.0,3.0,3.7,96.0,107,112.0,184.0,2.5,2.5,0.15,HJ 416,0.8,13,22
1022,231,80,200,48,303.0,320.0,39.0,3800.0,4500,7.55,NJ 416,-,80,122,158.1,110.0,3.0,3.0,3.7,96.0,107,125.0,184.0,2.5,-,0.15,HJ 416,0.8,13,22
1023,232,85,130,22,68.2,86.5,10.8,6000.0,9000,1.05, NU 1017 ML, -,85,-,114,96.5,1.1,1.0,3.3,91.0,94,99.0,123.0,1.0,1,0.15,-,-,-,-
1024,233,85,130,22,68.2,86.5,10.8,6000.0,9000,1.1,NJ 1017 ML, -,85,101,114,96.5,1.1,1.0,3.3,91.0,94,104.0,123.0,1.0,-,0.15,-,-,-,-
1025,234,85,130,22,68.2,86.5,10.8,6000.0,9000,1.1,NUP 1017 ML, -,85,101,114,96.5,1.1,1.0,-,91.0,-,104.0,123.0,1.0,-,0.15,-,-,-,-
1026,235,85,150,28,190.0,200.0,25.0,4800.0,5300,1.9, N 217 ECP,M,85,107,-,136.5,2.0,2.0,1.5,96.0,134,139.0,140.0,2.0,2,0.12,-,-,-,-
1027,236,85,150,28,190.0,200.0,25.0,4800.0,5300,1.9, NJ 217 ECP,J; M;  ML,85,107,130.3,100.5,2.0,2.0,1.5,96.0,98,110.0,138.5,2.0,-,0.15,HJ 217 EC,0.24,8,12.5
1028,237,85,150,28,190.0,200.0,25.0,4800.0,5300,1.9, NU 217 ECP,J; M;  ML,85,-,130.3,100.5,2.0,2.0,1.5,96.0,98,103.0,138.5,2.0,2,0.15,HJ 217 EC,0.24,8,12.5
1029,238,85,150,28,190.0,200.0,25.0,4800.0,5300,1.9, NUP 217 ECP,J; M;  ML,85,107,130.3,100.5,2.0,2.0,-,96.0,-,110.0,138.5,2.0,-,0.15,-,-,-,-
1030,239,85,150,36,250.0,280.0,34.5,4800.0,5300,2.5, NU 2217 ECP,J; M;  ML;  PH,85,-,130.3,100.5,2.0,2.0,2,96.0,98,103.0,138.5,2.0,2,0.2,-,-,-,-
1031,240,85,150,36,250.0,280.0,34.5,4800.0,5300,2.55, NJ 2217 ECP,J; M;  ML;  PH,85,107,130.3,100.5,2.0,2.0,2,96.0,98,110.0,138.5,2.0,-,0.2,-,-,-,-
1032,241,85,150,36,250.0,280.0,34.5,4800.0,5300,2.6, NUP 2217 ECP,J; M;  ML;  PH,85,107,130.3,100.5,2.0,2.0,-,96.0,-,110.0,138.5,2.0,-,0.2,-,-,-,-
1033,242,85,180,41,340.0,335.0,41.5,4000.0,4800,4.55, N 317 ECP,M,85,117,-,160.0,3.0,3.0,2.3,99.0,157,163.0,166.0,2.5,2.5,0.12,-,-,-,-
1034,243,85,180,41,340.0,335.0,41.5,4000.0,4800,4.65, NU 317 ECP,J; M;  ML;  PH,85,-,151.4,108.0,3.0,3.0,2.3,99.0,105,111.0,165.5,2.5,2.5,0.15,HJ 317 EC,0.55,12,18.5
1035,244,85,180,41,340.0,335.0,41.5,4000.0,4800,4.8, NJ 317 ECP,J; M;  ML;  PH,85,117,151.4,108.0,3.0,3.0,2.3,99.0,105,120.0,165.5,2.5,-,0.15,HJ 317 EC,0.55,12,18.5
1036,245,85,180,41,340.0,335.0,41.5,4000.0,4800,4.9, NUP 317 ECP,J; M;  ML;  PH,85,117,151.4,108.0,3.0,3.0,-,99.0,-,120.0,165.5,2.5,-,0.15,-,-,-,-
1037,246,85,180,60,455.0,490.0,60.0,4000.0,4800,6.85, NU 2317 ECP,J; M;  ML,85,-,151.4,108.0,3.0,3.0,5.8,99.0,105,111.0,165.5,2.5,2.5,0.25,HJ 2317 EC,0.59,12,22
1038,247,85,180,60,455.0,490.0,60.0,4000.0,4800,7.0, NJ 2317 ECP,J; M;  ML,85,117,151.4,108.0,3.0,3.0,5.8,99.0,105,120.0,165.5,2.5,-,0.25,HJ 2317 EC,0.59,12,22
1039,248,85,180,60,455.0,490.0,60.0,4000.0,4800,7.0,NUP 2317 ECP,J; M;  ML,85,117,151.4,108.0,3.0,3.0,-,99.0,-,120.0,165.5,2.5,-,0.25,-,-,-,-
1040,249,90,140,24,80.9,104.0,12.7,5600.0,8500,1.35, NU 1018 ML, M,90,-,122.1,103.0,1.5,1.1,3.5,96.0,101,106.0,133.0,1.5,1,0.15,-,-,-,-
1041,250,90,140,24,80.9,104.0,12.7,5600.0,8500,1.4,NJ 1018 ML, M,90,108,122.1,103.0,1.5,1.1,3.5,96.0,101,111.0,133.0,1.5,-,0.15,-,-,-,-
1042,251,90,160,30,208.0,220.0,27.0,4500.0,5000,2.3, N 218 ECP,M,90,114,-,145.0,2.0,2.0,1.8,101.0,142,148.0,149.0,2.0,2,0.12,-,-,-,-
1043,252,90,160,30,208.0,220.0,27.0,4500.0,5000,2.3, NJ 218 ECP,J; M;  ML,90,114,138.45,107.0,2.0,2.0,1.8,101.0,104,117.0,149.0,2.0,-,0.15,HJ 218 EC,0.31,9,14
1044,253,90,160,30,208.0,220.0,27.0,4500.0,5000,2.3, NU 218 ECP,J; M;  ML,90,-,138.45,107.0,2.0,2.0,1.8,101.0,104,110.0,149.0,2.0,2,0.15,HJ 218 EC,0.31,9,14
1045,254,90,160,30,208.0,220.0,27.0,4500.0,5000,2.45, NUP 218 ECP,J; M;  ML,90,114,138.45,107.0,2.0,2.0,-,101.0,-,117.0,149.0,2.0,-,0.15,-,-,-,-
1046,255,90,160,40,280.0,315.0,39.0,4500.0,5000,3.15, NU 2218 ECP,J; M;  ML,90,-,138.5,107.0,2.0,2.0,2.6,101.0,104,110.0,149.0,2.0,2,0.2,HJ 2218 EC,0.31,9,15
1047,256,90,160,40,280.0,315.0,39.0,4500.0,5000,3.25, NJ 2218 ECP,J; M;  ML,90,114,138.5,107.0,2.0,2.0,2.6,101.0,104,117.0,149.0,2.0,-,0.2,HJ 2218 EC,0.31,9,15
1048,257,90,160,40,280.0,315.0,39.0,4500.0,5000,3.3, NUP 2218 ECP,J; M;  ML,90,114,138.5,107.0,2.0,2.0,-,101.0,-,117.0,149.0,2.0,-,0.2,-,-,-,-
1049,258,90,190,43,365.0,360.0,43.0,3800.0,4500,5.25, NU 318 ECP,J; M;  ML,90,-,160.3,113.5,3.0,3.0,2.5,104.0,110,116.0,175.3,2.5,2.5,0.15,HJ 318 EC,0.62,12,18.5
1050,259,90,190,43,365.0,360.0,43.0,3800.0,4500,5.3, N 318 ECP,M,90,124,-,169.5,3.0,3.0,2.5,104.0,166,173.0,175.0,2.5,2.5,0.12,-,-,-,-
1051,260,90,190,43,365.0,360.0,43.0,3800.0,4500,5.45, NJ 318 ECP,J; M;  ML,90,124,160.3,113.5,3.0,3.0,2.5,104.0,110,127.0,175.3,2.5,-,0.15,HJ 318 EC,0.62,12,18.5
1052,261,90,190,43,365.0,360.0,43.0,3800.0,4500,5.55, NUP 318 ECJ,M;  ML;  P,90,124,160.3,113.5,3.0,3.0,-,104.0,-,127.0,175.3,2.5,-,0.15,-,-,-,-
1053,262,90,190,64,500.0,540.0,65.5,3800.0,4500,8.0, NU 2318 ECP,J; M;  ML,90,-,160.3,113.5,3.0,3.0,6,104.0,110,116.0,175.3,2.5,2.5,0.25,HJ 2318 EC,0.66,12,22
1054,263,90,190,64,500.0,540.0,65.5,3800.0,4500,8.15, NJ 2318 ECP,J; M;  ML,90,124,160.3,113.5,3.0,3.0,6,104.0,110,127.0,175.3,2.5,-,0.25,HJ 2318 EC,0.66,12,22
1055,264,90,190,64,500.0,540.0,65.5,3800.0,4500,8.25,NUP 2318 ECP,J; M;  ML,90,124,160.3,113.5,3.0,3.0,-,104.0,-,127.0,175.3,2.5,-,0.25,-,-,-,-
1056,265,90,225,54,380.0,415.0,48.0,3400.0,4000,10.0,NU 418,M,90,-,179.5,123.5,4.0,4.0,4.9,108.0,120,126.0,205.0,3.0,3,0.15,-,-,-,-
1057,266,95,145,24,84.2,110.0,13.2,5300.0,8000,1.45, NU 1019 ML, -,95,-,127.1,108.0,1.5,1.1,3.5,101.0,106,111.0,138.0,1.5,1,0.15,-,-,-,-
1058,267,95,170,32,255.0,265.0,32.5,4300.0,4800,2.85, N 219 ECP,-,95,120,-,154.5,2.1,2.1,1.7,107.0,152,157.0,159.0,2.0,2,0.12,-,-,-,-
1059,268,95,170,32,255.0,265.0,32.5,4300.0,4800,2.85, NU 219 ECP,J; M;  ML,95,-,147.4,112.5,2.1,2.1,1.7,107.0,110,115.0,157.8,2.0,2,0.15,HJ 219 EC,0.33,9,14
1060,269,95,170,32,255.0,265.0,32.5,4300.0,4800,2.9, NJ 219 ECP,J; M;  ML,95,120,147.4,112.5,2.1,2.1,1.7,107.0,110,123.0,157.8,2.0,-,0.15,HJ 219 EC,0.33,9,14
1061,270,95,170,32,255.0,265.0,32.5,4300.0,4800,2.9, NUP 219 ECP,J; M;  ML,95,120,147.4,112.5,2.1,2.1,-,107.0,-,123.0,157.8,2.0,-,0.15,-,-,-,-
1062,271,95,170,43,325.0,375.0,45.5,4300.0,4800,3.8, NU 2219 ECP,J; ML,95,-,147.4,112.5,2.1,2.1,3,107.0,110,115.0,157.8,2.0,2,0.2,-,-,-,-
1063,272,95,170,43,325.0,375.0,45.5,4300.0,4800,3.95, NJ 2219 ECP,J; ML,95,120,147.4,112.5,2.1,2.1,3,107.0,110,123.0,157.8,2.0,-,0.2,-,-,-,-
1064,273,95,170,43,325.0,375.0,45.5,4300.0,4800,4.0,NUP 2219 ECP,J; ML,95,120,147.4,112.5,2.1,2.1,-,107.0,-,123.0,157.8,2.0,-,0.2,-,-,-,-
1065,274,95,200,45,390.0,390.0,46.5,3600.0,4300,6.2, N 319 ECP,M,95,132,-,177.5,3.0,3.0,2.9,110.0,174,181.0,185.0,2.5,2.5,0.12,-,-,-,-
1066,275,95,200,45,390.0,390.0,46.5,3600.0,4300,6.2, NU 319 ECP,J; M;  ML,95,-,168.3,121.5,3.0,3.0,2.9,110.0,118,125.0,185.0,2.5,2.5,0.15,HJ 319 EC,0.78,13,20.5
1067,276,95,200,45,390.0,390.0,46.5,3600.0,4300,6.3, NJ 319 ECP,J; M;  ML,95,132,168.3,121.5,3.0,3.0,2.9,110.0,118,135.0,185.0,2.5,-,0.15,HJ 319 EC,0.78,13,20.5
1068,277,95,200,45,390.0,390.0,46.5,3600.0,4300,6.3,NUP 319 ECP,J; M;  ML,95,132,168.3,121.5,3.0,3.0,-,110.0,-,135.0,185.0,2.5,-,0.15,-,-,-,-
1069,278,95,200,67,530.0,585.0,69.5,3600.0,4300,9.35, NU 2319 ECP,J; ML,95,-,168.3,121.5,3.0,3.0,6.9,110.0,118,125.0,185.0,2.5,2.5,0.25,HJ 2319 EC,0.76,13,24.5
1070,279,95,200,67,530.0,585.0,69.5,3600.0,4300,9.55, NJ 2319 ECJ,ML;  P,95,132,168.3,121.5,3.0,3.0,6.9,110.0,118,135.0,185.0,2.5,-,0.25,HJ 2319 EC,0.76,13,24.5
1071,280,95,200,67,530.0,585.0,69.5,3600.0,4300,9.7, NUP 2319 ECJ,ML;  P,95,132,168.3,121.5,3.0,3.0,-,110.0,-,135.0,185.0,2.5,-,0.25,-,-,-,-
1072,281,95,240,55,413.0,455.0,52.0,3200.0,3600,13.5,NU 419 M, -,95,-,188,133.5,4.0,4.0,5,114.0,130,136.0,220.0,3.0,3,0.15,-,-,-,-
1073,282,100,150,24,85.8,114.0,13.7,5000.0,7500,1.45, NU 1020 ML, M,100,-,132.1,113.0,1.5,1.1,3.5,106.0,111,116.0,143.0,1.5,1,0.15,-,-,-,-
1074,283,100,180,34,285.0,305.0,36.5,4000.0,4500,3.35, NU 220 ECP,J; M;  ML,100,-,155.6,119.0,2.1,2.1,1.7,113.0,116,122.0,167.5,2.0,2,0.15,HJ 220 EC,0.43,10,15
1075,284,100,180,34,285.0,305.0,36.5,4000.0,4500,3.45, N 220 ECP,-,100,127,-,163.0,2.1,2.1,1.7,113.0,160,166.0,168.0,2.0,2,0.12,-,-,-,-
1076,285,100,180,34,285.0,305.0,36.5,4000.0,4500,3.45, NJ 220 ECP,J; M;  ML,100,127,155.6,119.0,2.1,2.1,1.7,113.0,116,130.0,167.5,2.0,-,0.15,HJ 220 EC,0.43,10,15
1077,286,100,180,34,285.0,305.0,36.5,4000.0,4500,3.6, NUP 220 ECP,J; M;  ML,100,127,155.6,119.0,2.1,2.1,-,113.0,-,130.0,167.5,2.0,-,0.15,-,-,-,-
1078,287,100,180,46,380.0,450.0,54.0,4000.0,4500,4.75, NU 2220 ECP,J; M;  ML;  PH,100,-,155.6,119.0,2.1,2.1,2.5,113.0,116,122.0,167.5,2.0,2,0.2,HJ 2220 EC,0.43,10,16
1079,288,100,180,46,380.0,450.0,54.0,4000.0,4500,4.8, NJ 2220 ECP,J; M;  ML;  PH,100,127,155.6,119.0,2.1,2.1,2.5,113.0,116,130.0,167.5,2.0,-,0.2,HJ 2220 EC,0.43,10,16
1080,289,100,180,46,380.0,450.0,54.0,4000.0,4500,4.8, NUP 2220 ECP,J; M;  ML;  PH,100,127,155.6,119.0,2.1,2.1,-,113.0,-,130.0,167.5,2.0,-,0.2,-,-,-,-
1081,290,100,215,47,450.0,440.0,51.0,3200.0,3800,7.35, N 320 ECP,M,100,139,-,191.5,3.0,3.0,2.9,114.0,188,195.0,200.0,2.5,2.5,0.12,-,-,-,-
1082,291,100,215,47,450.0,440.0,51.0,3200.0,3800,7.45, NU 320 ECP,J; M;  ML,100,-,181.1,127.5,3.0,3.0,2.9,114.0,124,131.0,199.6,2.5,2.5,0.15,HJ 320 EC,0.87,13,20.5
1083,292,100,215,47,450.0,440.0,51.0,3200.0,3800,7.65, NJ 320 ECJ,M;  ML;  P,100,139,181.1,127.5,3.0,3.0,2.9,114.0,124,142.0,199.6,2.5,-,0.15,HJ 320 EC,0.87,13,20.5
1084,293,100,215,47,450.0,440.0,51.0,3200.0,3800,7.7, NUP 320 ECJ,M;  ML;  P,100,139,181.1,127.5,3.0,3.0,-,114.0,-,142.0,199.6,2.5,-,0.15,-,-,-,-
1085,294,100,215,73,670.0,735.0,85.0,3200.0,3800,12.0, NJ 2320 ECJ,M;  ML;  P,100,139,181.1,127.5,3.0,3.0,5.9,114.0,124,142.0,199.6,2.5,-,0.25,HJ 2320 EC,0.91,13,23.5
1086,295,100,215,73,670.0,735.0,85.0,3200.0,3800,12.0, NU 2320 ECP,J; M;  ML,100,-,181.1,127.5,3.0,3.0,5.9,114.0,124,131.0,199.6,2.5,2.5,0.25,HJ 2320 EC,0.91,13,23.5
1087,296,100,215,73,670.0,735.0,85.0,3200.0,3800,12.5, NUP 2320 ECJ,M;  ML;  P,100,139,181.1,127.5,3.0,3.0,-,114.0,-,142.0,199.6,2.5,-,0.25,-,-,-,-
1088,297,100,250,58,457.0,520.0,58.5,3000.0,3600,15.5,NU 420 M, -,100,-,197.45,139.0,4.0,4.0,4.9,119.0,135,142.0,230.0,3.0,3,0.15,HJ 420,1.5,16,27
1089,298,105,160,26,101.0,137.0,16.0,4800.0,7500,1.9, NU 1021 ML, -,105,-,140.8,119.5,2.0,1.1,3.8,111.0,117,122.0,151.0,2.0,1,0.15,-,-,-,-
1090,299,105,190,36,300.0,315.0,36.5,3800.0,4300,3.9,N 221 ECP,-,105,134,-,173.0,2.1,2.1,2,117.0,170,176.0,178.0,2.0,2,0.12,-,-,-,-
1091,300,105,190,36,300.0,315.0,36.5,3800.0,4300,3.95, NU 221 ECP,J; ML,105,-,164,125.0,2.1,2.1,2,117.0,122,128.0,177.3,2.0,2,0.15,HJ 221 EC,0.5,10,16
1092,301,105,190,36,300.0,315.0,36.5,3800.0,4300,4.0, NJ 221 ECP,J; ML,105,134,164,125.0,2.1,2.1,2,117.0,122,137.0,177.3,2.0,-,0.15,HJ 221 EC,0.5,10,16
1093,302,105,190,36,300.0,315.0,36.5,3800.0,4300,4.2,NUP 221 ECP,J; ML,105,134,164,125.0,2.1,2.1,-,117.0,-,137.0,177.3,2.0,-,0.15,-,-,-,-
1094,303,105,225,49,500.0,500.0,57.0,3200.0,3800,8.5, NU 321 ECP,J; ML,105,-,189,133.0,3.0,3.0,3.4,119.0,129,136.0,209.4,2.5,2.5,0.15,-,-,-,-
1095,304,105,225,49,500.0,500.0,57.0,3200.0,3800,8.6, N 321 ECP,-,105,145,-,201.0,3.0,3.0,3.4,119.0,198,205.0,210.0,2.5,2.5,0.12,-,-,-,-
1096,305,105,225,49,500.0,500.0,57.0,3200.0,3800,9.05,NJ 321 ECP,J; ML,105,145,189,133.0,3.0,3.0,3.4,119.0,129,148.0,209.4,2.5,-,0.15,-,-,-,-
1097,306,105,260,60,501.0,570.0,64.0,2800.0,3400,17.5,NU 421 M, -,105,-,206.3,144.5,4.0,4.0,4.9,124.0,140,147.0,241.0,3.0,3,0.15,-,-,-,-
1098,307,110,170,28,128.0,166.0,19.3,4500.0,7000,2.3, NU 1022 ML, M,110,-,149.7,125.0,2.0,1.1,3.8,116.0,122,128.0,160.0,2.0,1,0.15,-,-,-,-
1099,308,110,200,38,335.0,365.0,42.5,3600.0,4000,4.7, NU 222 ECP,J; M;  ML,110,-,172.5,132.5,2.1,2.1,2.1,122.0,129,135.0,187.0,2.0,2,0.15,HJ 222 EC,0.62,11,17
1100,309,110,200,38,335.0,365.0,42.5,3600.0,4000,4.8, N 222 ECP, M,110,141,-,180.5,2.1,2.1,2.1,122.0,177,184.0,188.0,2.0,2,0.12,-,-,-,-
1101,310,110,200,38,335.0,365.0,42.5,3600.0,4000,4.8, NJ 222 ECP,J; M;  ML,110,141,172.5,132.5,2.1,2.1,2.1,122.0,129,144.0,187.0,2.0,-,0.15,HJ 222 EC,0.62,11,17
1102,311,110,200,38,335.0,365.0,42.5,3600.0,4000,5.0, NUP 222 ECP,J; M;  ML,110,141,172.5,132.5,2.1,2.1,-,122.0,-,144.0,187.0,2.0,-,0.15,-,-,-,-
1103,312,110,200,53,440.0,520.0,61.0,3600.0,4000,6.7, NJ 2222 ECP,J; ML,110,141,172.5,132.5,2.1,2.1,3.7,122.0,129,144.0,187.0,2.0,-,0.2,-,-,-,-
1104,313,110,200,53,440.0,520.0,61.0,3600.0,4000,6.7, NU 2222 ECP,J; ML,110,-,172.5,132.5,2.1,2.1,3.7,122.0,129,135.0,187.0,2.0,2,0.2,-,-,-,-
1105,314,110,200,53,440.0,520.0,61.0,3600.0,4000,7.0, NUP 2222 ECP,J; ML,110,141,172.5,132.5,2.1,2.1,-,122.0,-,144.0,187.0,2.0,-,0.2,-,-,-,-
1106,315,110,240,50,530.0,540.0,61.0,3000.0,3400,10.0, N 322 ECP,M,110,155,-,211.0,3.0,3.0,3,124.0,208,215.0,225.0,2.5,2.5,0.12,-,-,-,-
1107,316,110,240,50,530.0,540.0,61.0,3000.0,3400,10.5, NJ 322 ECJ,M;  ML;  P,110,155,200,143.0,3.0,3.0,3,124.0,139,159.0,225.2,2.5,-,0.15,HJ 322 EC,1.2,14,22
1108,317,110,240,50,530.0,540.0,61.0,3000.0,3400,10.5, NU 322 ECP,J; M;  ML,110,-,200,143.0,3.0,3.0,3,124.0,139,146.0,225.2,2.5,2.5,0.15,HJ 322 EC,1.2,14,22
1109,318,110,240,50,530.0,540.0,61.0,3000.0,3400,10.5,NUP 322 ECP,J; M;  ML,110,155,200,143.0,3.0,3.0,-,124.0,-,159.0,225.2,2.5,-,0.15,-,-,-,-
1110,319,110,240,80,780.0,900.0,102.0,3000.0,3400,17.0,NJ 2322 ECP,ML,110,155,200,143.0,3.0,3.0,7.5,124.0,139,159.0,225.2,2.5,-,0.25,HJ 2322 EC,1.25,14,26.5
1111,320,110,240,80,780.0,900.0,102.0,3000.0,3400,17.0, NU 2322 ECP,ML,110,-,200,143.0,3.0,3.0,7.5,124.0,139,146.0,225.2,2.5,2.5,0.25,HJ 2322 EC,1.25,14,26.5
1112,321,110,240,80,780.0,900.0,102.0,3000.0,3400,17.5,NUP 2322 ECP,ML,110,155,200,143.0,3.0,3.0,-,124.0,-,159.0,225.2,2.5,-,0.25,-,-,-,-
1113,322,110,280,65,550.0,630.0,69.5,2600.0,3200,22.5,NJ 422 M, -,110,171,219.65,155.0,4.0,4.0,4.8,131.0,151,175.0,260.0,3.0,-,0.15,HJ 422,2.1,17,29.5
1114,323,120,180,28,134.0,183.0,20.8,4000.0,6300,2.55, NU 1024 ML, M,120,-,159.7,135.0,2.0,1.1,3.8,126.0,133,138.0,171.0,2.0,1,0.15,-,-,-,-
1115,324,120,215,40,390.0,430.0,49.0,3400.0,3600,5.75, N 224 ECP,M,120,153,-,195.5,2.1,2.1,1.9,132.0,192,199.0,203.0,2.0,2,0.12,-,-,-,-
1116,325,120,215,40,390.0,430.0,49.0,3400.0,3600,5.75, NU 224 ECP,J; M;  ML,120,-,186.55,143.5,2.1,2.1,1.9,132.0,140,146.0,201.6,2.0,2,0.15,HJ 224 EC,0.71,11,17
1117,326,120,215,40,390.0,430.0,49.0,3400.0,3600,5.85, NJ 224 ECP,J; M;  ML,120,153,186.55,143.5,2.1,2.1,1.9,132.0,140,156.0,201.6,2.0,-,0.15,HJ 224 EC,0.71,11,17
1118,327,120,215,40,390.0,430.0,49.0,3400.0,3600,5.95, NUP 224 ECJ,M;  ML;  P,120,153,186.55,143.5,2.1,2.1,-,132.0,-,156.0,201.6,2.0,-,0.15,-,-,-,-
1119,328,120,215,58,520.0,630.0,72.0,3400.0,3600,8.2, NU 2224 ECP,J; M;  ML,120,-,186.9,143.5,2.1,2.1,3.8,132.0,140,146.0,201.6,2.0,2,0.2,HJ 2224 EC,0.73,11,20
1120,329,120,215,58,520.0,630.0,72.0,3400.0,3600,8.65, NJ 2224 ECJ,M;  ML;  P,120,153,186.9,143.5,2.1,2.1,3.8,132.0,140,156.0,201.6,2.0,-,0.2,HJ 2224 EC,0.73,11,20
1121,330,120,215,58,520.0,630.0,72.0,3400.0,3600,8.65,NUP 2224 ECP,J; M;  ML,120,153,186.9,143.5,2.1,2.1,-,132.0,-,156.0,201.6,2.0,-,0.2,-,-,-,-
1122,331,120,260,55,610.0,620.0,69.5,2800.0,3200,13.0, N 324 ECP,M,120,168,-,230.0,3.0,3.0,3.7,134.0,226,235.0,245.0,2.5,2.5,0.12,-,-,-,-
1123,332,120,260,55,610.0,620.0,69.5,2800.0,3200,13.0, NU 324 ECP,J; M;  ML,120,-,217.8,154.0,3.0,3.0,3.7,134.0,150,157.0,244.8,2.5,2.5,0.15,HJ 324 EC,1.4,14,22.5
1124,333,120,260,55,610.0,620.0,69.5,2800.0,3200,13.5, NJ 324 ECJ,M;  ML;  P,120,168,217.8,154.0,3.0,3.0,3.7,134.0,150,171.0,244.8,2.5,-,0.15,HJ 324 EC,1.4,14,22.5
1125,334,120,260,55,610.0,620.0,69.5,2800.0,3200,14.0,NUP 324 ECP,J; M;  ML,120,168,217.8,154.0,3.0,3.0,-,134.0,-,171.0,244.8,2.5,-,0.15,-,-,-,-
1126,335,120,260,86,915.0,1040.0,116.0,2800.0,5000,22.5, NU 2324 ECML, M,120,-,218.7,154.0,3.0,3.0,7.2,134.0,150,157.0,244.8,2.5,2.5,0.38,HJ 2324 EC,1.45,14,26
1127,336,120,260,86,915.0,1040.0,116.0,2800.0,5000,23.0, NJ 2324 ECML, M,120,168,218.7,154.0,3.0,3.0,7.2,134.0,150,171.0,244.8,2.5,-,0.38,HJ 2324 EC,1.45,14,26
1128,337,120,260,86,915.0,1040.0,116.0,2800.0,5000,23.5,NUP 2324 ECML, M,120,168,218.7,154.0,3.0,3.0,-,134.0,-,171.0,244.8,2.5,-,0.38,-,-,-,-
1129,338,120,310,72,644.0,735.0,78.0,2400.0,2800,27.5,NU 424,M,120,-,238.5,170.0,5.0,5.0,6.3,144.0,165,173.0,286.0,4.0,4,0.15,HJ 424,2.6,17,30.5
1130,339,130,200,33,165.0,224.0,25.0,3800.0,5600,3.85, NU 1026 ML, M,130,-,175.2,148.0,2.0,1.1,4.7,137.0,145,151.0,191.0,2.0,1,0.15,-,-,-,-
1131,340,130,200,33,165.0,224.0,25.0,3800.0,5600,3.9,NJ 1026 ML, M,130,154,175.2,148.0,2.0,1.1,4.7,137.0,145,158.0,191.0,2.0,-,0.15,-,-,-,-
1132,341,130,230,40,415.0,455.0,51.0,3200.0,3400,6.45, N 226 ECP,-,130,164,-,209.5,3.0,3.0,2.1,144.0,206,213.0,217.0,2.5,2.5,0.12,-,-,-,-
1133,342,130,230,40,415.0,455.0,51.0,3200.0,3400,6.45, NU 226 ECP,J; M;  ML,130,-,200.3,153.5,3.0,3.0,2.1,144.0,150,157.0,215.4,2.5,2.5,0.15,HJ 226 EC,0.75,11,17
1134,343,130,230,40,415.0,455.0,51.0,3200.0,3400,6.5, NUP 226 ECJ,M;  ML;  P,130,164,200.3,153.5,3.0,3.0,-,144.0,-,167.0,215.4,2.5,-,0.15,-,-,-,-
1135,344,130,230,40,415.0,455.0,51.0,3200.0,3400,6.6, NJ 226 ECP,J; M;  ML,130,164,200.3,153.5,3.0,3.0,2.1,144.0,150,167.0,215.4,2.5,-,0.15,HJ 226 EC,0.75,11,17
1136,345,130,230,64,610.0,735.0,83.0,3200.0,3400,10.0, NU 2226 ECP,ML,130,-,200.3,153.5,3.0,3.0,4.3,144.0,150,157.0,215.4,2.5,2.5,0.2,HJ 2226 EC,0.83,11,21
1137,346,130,230,64,610.0,735.0,83.0,3200.0,3400,10.5,NUP 2226 ECP,-,130,164,200.3,153.5,3.0,3.0,-,144.0,-,167.0,215.4,2.5,-,0.2,-,-,-,-
1138,347,130,230,64,610.0,735.0,83.0,3200.0,5300,12.0, NJ 2226 ECML, P,130,164,201.2,153.5,3.0,3.0,4.3,144.0,150,167.0,215.4,2.5,-,0.3,HJ 2226 EC,0.83,11,21
1139,348,130,280,58,720.0,750.0,81.5,2400.0,3000,16.0, NU 326 ECP,J; M;  ML,130,-,234.2,167.0,4.0,4.0,3.7,147.0,163,170.0,261.4,3.0,3,0.15,HJ 326 EC,1.65,14,23
1140,349,130,280,58,720.0,750.0,81.5,2400.0,3000,16.5, NJ 326 ECJ,M;  ML;  P,130,181,234.2,167.0,4.0,4.0,3.7,147.0,163,184.0,261.4,3.0,-,0.15,HJ 326 EC,1.65,14,23
1141,350,130,280,58,720.0,750.0,81.5,2400.0,3000,18.0, N 326 ECM, P,130,181,-,247.0,4.0,4.0,3.7,147.0,243,251.0,262.0,3.0,3,0.12,-,-,-,-
1142,351,130,280,58,720.0,750.0,81.5,2400.0,3000,19.5,NUP 326 ECP,J; M;  ML,130,181,234.2,167.0,4.0,4.0,-,147.0,-,184.0,261.4,3.0,-,0.15,-,-,-,-
1143,352,130,280,93,1060.0,1250.0,137.0,2400.0,4500,28.5, NU 2326 ECML, PA,130,-,235.2,167.0,4.0,4.0,8.7,147.0,163,170.0,261.4,3.0,3,0.38,HJ 2326 EC,1.6,14,28
1144,353,130,280,93,1060.0,1250.0,137.0,2400.0,4500,29.5, NJ 2326 ECML, PA,130,181,235.2,167.0,4.0,4.0,8.7,147.0,163,184.0,261.4,3.0,-,0.38,HJ 2326 EC,1.6,14,28
1145,354,130,280,93,1060.0,1250.0,137.0,2400.0,4500,29.5,NUP 2326 ECML, -,130,181,235.2,167.0,4.0,4.0,-,147.0,-,184.0,261.4,3.0,-,0.38,-,-,-,-
1146,355,140,210,33,179.0,255.0,28.0,3600.0,5300,4.05, NU 1028 ML, M,140,-,184.2,158.0,2.0,1.1,4.4,147.0,155,161.0,201.0,2.0,1,0.15,-,-,-,-
1147,356,140,250,42,450.0,510.0,57.0,2800.0,3200,8.45, NUP 228 ECJ,M;  ML,140,179,215.78,169.0,3.0,3.0,-,154.0,-,182.0,235.0,2.5,-,0.15,-,-,-,-
1148,357,140,250,42,450.0,510.0,57.0,2800.0,3200,8.6, NJ 228 ECJ,M;  ML,140,179,215.78,169.0,3.0,3.0,2.5,154.0,165,182.0,235.0,2.5,-,0.15,HJ 228 EC,0.97,11,18
1149,358,140,250,42,450.0,510.0,57.0,2800.0,3200,9.4, NU 228 ECM, J; ML,140,-,215.78,169.0,3.0,3.0,2.5,154.0,165,172.0,235.0,2.5,2.5,0.15,HJ 228 EC,0.97,11,18
1150,359,140,250,68,655.0,830.0,93.0,2800.0,4800,15.0, NU 2228 ECML, PA,140,-,216.7,169.0,3.0,3.0,4.4,154.0,165,172.0,235.0,2.5,2.5,0.3,HJ 2228 EC,1.05,11,23
1151,360,140,250,68,655.0,830.0,93.0,2800.0,4800,15.5, NJ 2228 ECML, PA,140,179,216.7,169.0,3.0,3.0,4.4,154.0,165,182.0,235.0,2.5,-,0.3,HJ 2228 EC,1.05,11,23
1152,361,140,250,68,655.0,830.0,93.0,2800.0,4800,15.5,NUP 2228 ECML, -,140,179,216.7,169.0,3.0,3.0,-,154.0,-,182.0,235.0,2.5,-,0.3,-,-,-,-
1153,362,140,300,62,780.0,830.0,88.0,2400.0,2800,20.0, NJ 328 ECJ,M;  ML,140,195,250.6,180.0,4.0,4.0,3.7,157.0,175,199.0,282.5,3.0,-,0.15,HJ 328 EC,2.05,15,25
1154,363,140,300,62,780.0,830.0,88.0,2400.0,2800,22.5, NU 328 ECM, J; ML,140,-,250.6,180.0,4.0,4.0,3.7,157.0,175,183.0,282.5,3.0,3,0.15,HJ 328 EC,2.05,15,25
1155,364,140,300,62,780.0,830.0,88.0,2400.0,2800,23.5,NUP 328 ECM, -,140,195,250.6,180.0,4.0,4.0,-,157.0,-,199.0,282.5,3.0,-,0.15,-,-,-,-
1156,365,140,300,102,1200.0,1430.0,150.0,2400.0,4300,36.0, NU 2328 ECML, -,140,-,251.7,180.0,4.0,4.0,9.7,157.0,175,183.0,282.5,3.0,3,0.38,HJ 2328 EC,2.15,15,31
1157,366,140,300,102,1200.0,1430.0,150.0,2400.0,4300,36.5, NJ 2328 ECML, -,140,195,251.7,180.0,4.0,4.0,9.7,157.0,175,199.0,282.5,3.0,-,0.38,HJ 2328 EC,2.15,15,31
1158,367,140,300,102,1200.0,1430.0,150.0,2400.0,4300,37.0,NUP 2328 ECML, -,140,195,251.7,180.0,4.0,4.0,-,157.0,-,199.0,282.5,3.0,-,0.38,-,-,-,-
1159,368,140,150,225,35.0,198.0,290.0,31.5,3200,5000.0,4.9, NU 1030 ML; M,150,-,199.05,169.5,2.1,1.5,4.9,158.0,167,173.0,215.0,2.0,1.5,0.15,-,-,-,-
1160,369,140,270,45,510.0,600.0,64.0,2600.0,2800,10.5, NUP 230 ECJ,M;  ML,150,193,232.2,182.0,3.0,3.0,-,164.0,-,196.0,254.6,2.5,-,0.15,-,-,-,-
1161,370,140,270,45,510.0,600.0,64.0,2600.0,2800,11.5, NU 230 ECM, J; ML,150,-,232.2,182.0,3.0,3.0,2.5,164.0,178,186.0,254.6,2.5,2.5,0.15,HJ 230 EC,1.25,12,19.5
1162,371,150,270,45,510.0,600.0,64.0,2600.0,2800,12.0, NJ 230 ECM, J; ML,150,193,232.2,182.0,3.0,3.0,2.5,164.0,178,196.0,254.6,2.5,-,0.15,HJ 230 EC,1.25,12,19.5
1163,372,150,270,73,735.0,930.0,100.0,2600.0,2800,18.5, NU 2230 ECM, ML,150,-,232.2,182.0,3.0,3.0,4.9,164.0,178,186.0,254.6,2.5,2.5,0.2,HJ 2230 EC,1.35,12,24.5
1164,373,150,270,73,735.0,930.0,100.0,2600.0,2800,19.0,NJ 2230 ECM, ML,150,194,232.2,182.0,3.0,3.0,4.9,164.0,178,197.0,254.6,2.5,-,0.2,HJ 2230 EC,1.35,12,24.5
1165,374,150,320,65,900.0,965.0,100.0,2200.0,2600,26.5, NU 330 ECM, ML,150,-,268.7,193.0,4.0,4.0,4,167.0,188,196.0,302.2,3.0,3,0.15,HJ 330 EC,2.3,15,25
1166,375,150,320,65,900.0,965.0,100.0,2200.0,4000,26.5,NJ 330 ECML, M,150,209,269.8,193.0,4.0,4.0,4,167.0,188,213.0,302.2,3.0,-,0.23,HJ 330 EC,2.3,15,25
1167,376,150,320,108,1370.0,1630.0,170.0,2200.0,4000,42.5, NU 2330 ECML, -,150,-,269.8,193.0,4.0,4.0,10.5,167.0,188,196.0,302.2,3.0,3,0.38,-,-,-,-
1168,377,150,320,108,1370.0,1630.0,170.0,2200.0,4000,43.0, NJ 2330 ECML, -,150,209,269.8,193.0,4.0,4.0,10.5,167.0,188,213.0,302.2,3.0,-,0.38,-,-,-,-
1169,378,160,240,38,229.0,325.0,35.5,3000.0,4800,6.0, NU 1032 ML, M,160,-,210.8,180.0,2.1,1.5,5.2,167.0,177,183.0,230.0,2.0,1.5,0.15,HJ 1032,0.72,10,19
1170,379,160,290,48,585.0,680.0,72.0,2400.0,2600,14.0, NU 232 ECM, ML,160,-,248.6,195.0,3.0,3.0,2.7,175.0,191,198.0,274.2,2.5,2.5,0.15,HJ 232 EC,1.5,12,20
1171,380,160,290,48,585.0,680.0,72.0,2400.0,2600,15.5,NUP 232 ECM, -,160,206,248.6,195.0,3.0,3.0,-,175.0,-,210.0,274.2,2.5,-,0.15,-,-,-,-
1172,381,160,290,48,585.0,680.0,72.0,2400.0,4000,14.5, NJ 232 ECML, M,160,206,249.6,195.0,3.0,3.0,2.7,175.0,191,210.0,274.2,2.5,-,0.23,HJ 232 EC,1.5,12,20
1173,382,160,290,80,930.0,1200.0,129.0,2400.0,4000,23.0, NU 2232 ECML, M,160,-,251.1,193.0,3.0,3.0,4.5,174.0,189,196.0,274.2,2.5,2.5,0.3,HJ 2232 EC,1.55,12,24.5
1174,383,160,290,80,930.0,1200.0,129.0,2400.0,4000,23.5,NJ 2232 ECML, M,160,205,251.1,193.0,3.0,3.0,4.5,174.0,189,209.0,274.2,2.5,-,0.3,HJ 2232 EC,1.55,12,24.5
1175,384,160,340,68,1000.0,1080.0,112.0,2000.0,3600,31.0, NJ 332 ECML,M,160,221,286,204.0,4.0,4.0,4,177.0,199,225.0,321.9,3.0,-,0.23,HJ 332 EC,2.6,15,25
1176,385,160,340,68,1000.0,1080.0,112.0,2000.0,3600,31.0, NU 332 ECML, M,160,-,286,204.0,4.0,4.0,4,177.0,199,207.0,321.9,3.0,3,0.23,HJ 332 EC,2.6,15,25
1177,386,160,340,114,1250.0,1730.0,173.0,1800.0,3600,50.0,NU 2332 ECML, -,160,-,286,204.0,4.0,4.0,11,177.0,199,207.0,321.9,3.0,3,0.38,-,-,-,-
1178,387,160,340,114,1250.0,1730.0,173.0,1800.0,3600,50.5, NJ 2332 ECML, -,160,221,286,204.0,4.0,4.0,11,177.0,199,225.0,321.9,3.0,-,0.38,-,-,-,-
1179,388,170,260,42,275.0,400.0,41.5,2800.0,4300,8.0, NU 1034 ML, M,170,-,226.9,193.0,2.1,2.1,5.8,180.0,189,197.0,250.0,2.0,2,0.15,HJ 1034,0.93,11,21
1180,389,170,260,42,275.0,400.0,41.5,2800.0,4300,8.2,NJ 1034 ML, M,170,201,226.9,193.0,2.1,2.1,5.8,180.0,189,206.0,250.0,2.0,-,0.15,HJ 1034,0.93,11,21
1181,390,170,310,52,695.0,815.0,85.0,2200.0,3800,17.5, NJ 234 ECML, M,170,220,268.5,207.0,4.0,4.0,2.9,188.0,203,224.0,292.4,3.0,-,0.23,HJ 234 EC,1.65,12,20
1182,391,170,310,52,695.0,815.0,85.0,2200.0,3800,17.5, NU 234 ECML, M,170,-,268.5,207.0,4.0,4.0,2.9,188.0,203,210.0,292.4,3.0,3,0.23,HJ 234 EC,1.65,12,20
1183,392,170,310,86,1060.0,1340.0,140.0,2200.0,3800,28.0, NU 2234 ECML, -,170,-,269.9,205.0,4.0,4.0,4.2,187.0,201,208.0,292.4,3.0,3,0.3,HJ 2234 EC,1.8,12,24
1184,393,170,310,86,1060.0,1340.0,140.0,2200.0,3800,29.0,NJ 2234 ECML, -,170,220,269.9,205.0,4.0,4.0,4.2,187.0,201,226.0,292.0,3.0,-,0.3,HJ 2234 EC,1.8,12,24
1185,394,170,360,72,952.0,1180.0,116.0,1700.0,2200,33.0, NU 334 ECM, -,170,-,300.45,218.0,4.0,4.0,4.6,187.0,213,221.0,341.6,3.0,3,0.15,-,-,-,-
1186,395,170,360,120,1450.0,2040.0,204.0,1700.0,3400,60.5,NJ 2334 ECML, -,170,234,300.2,216.0,4.0,4.0,10,186.0,211,238.0,341.6,3.0,-,0.38,-,-,-,-
1187,396,170,360,120,1450.0,2040.0,204.0,1700.0,3400,60.5, NU 2334 ECML, -,170,-,300.2,216.0,4.0,4.0,10,186.0,211,219.0,341.6,3.0,3,0.38,-,-,-,-
1188,397,180,280,46,336.0,475.0,51.0,2600.0,4000,10.5,NJ 1036 ML, M,180,215,246.1,205.0,2.1,2.1,6.1,190.0,202,218.0,270.0,2.0,-,0.15,-,-,-,-
1189,398,180,280,46,336.0,475.0,51.0,2600.0,4000,10.5, NU 1036 ML, M,180,-,246.1,205.0,2.1,2.1,6.1,190.0,202,208.0,270.0,2.0,2,0.15,HJ 1036,1.25,12,22.5
1190,399,180,320,52,720.0,850.0,88.0,2200.0,3600,18.5, NJ 236 ECML, M,180,230,278.6,217.0,4.0,4.0,2.9,198.0,213,234.0,302.2,3.0,-,0.23,HJ 236 EC,1.7,12,20
1191,400,180,320,52,720.0,850.0,88.0,2200.0,3600,18.5, NU 236 ECML, M,180,-,278.6,217.0,4.0,4.0,2.9,198.0,213,220.0,302.2,3.0,3,0.23,HJ 236 EC,1.7,12,20
1192,401,180,320,86,1100.0,1430.0,146.0,2200.0,3600,30.0,NJ 2236 ECML, M,180,229,280,215.0,4.0,4.0,4.2,197.0,211,233.0,302.2,3.0,-,0.3,HJ 2236 EC,1.9,12,24
1193,402,180,320,86,1100.0,1430.0,146.0,2200.0,3600,30.0, NU 2236 ECML, M,180,-,280,215.0,4.0,4.0,4.2,197.0,211,218.0,302.2,3.0,3,0.3,HJ 2236 EC,1.9,12,24
1194,403,180,380,75,1020.0,1290.0,125.0,1600.0,2200,42.5, NU 336 ECM, -,180,-,318.6,231.0,4.0,4.0,4.2,197.0,226,234.0,361.3,3.0,3,0.15,-,-,-,-
1195,404,180,380,75,1020.0,1290.0,125.0,1600.0,2200,44.0,NJ 336 ECM, -,180,250,318.6,231.0,4.0,4.0,4.2,197.0,226,254.5,361.0,3.0,-,0.15,-,-,-,-
1196,405,180,380,126,1610.0,2240.0,216.0,1600.0,3200,69.5,NU 2336 ECML, -,180,-,321.4,227.0,4.0,4.0,10.5,196.0,222,230.0,361.3,3.0,3,0.38,-,-,-,-
1197,406,180,380,126,1610.0,2240.0,216.0,1600.0,3200,70.5,NJ 2336 ECML, -,180,248,321.4,227.0,4.0,4.0,10.5,196.0,222,252.0,361.0,3.0,-,0.38,-,-,-,-
1198,407,190,290,46,347.0,500.0,53.0,2600.0,3800,11.0,NJ 1038 ML, M,190,225,256.1,215.0,2.1,2.1,6.1,200.0,212,231.0,280.0,2.0,-,0.15,HJ 1038,1.35,12,22.5
1199,408,190,290,46,347.0,500.0,53.0,2600.0,3800,11.0, NU 1038 ML, M,190,-,256.1,215.0,2.1,2.1,6.1,200.0,212,219.0,280.0,2.0,2,0.15,HJ 1038,1.35,12,22.5
1200,409,190,340,55,800.0,965.0,98.0,2000.0,3400,22.0, NJ 238 ECML, M,190,244,295,230.0,4.0,4.0,3,207.0,226,248.0,321.9,3.0,-,0.23,HJ 238 EC,2.2,13,21.5
1201,410,190,340,55,800.0,965.0,98.0,2000.0,3400,22.5, NU 238 ECML, M,190,-,295,230.0,4.0,4.0,3,207.0,226,233.0,321.9,3.0,3,0.23,HJ 238 EC,2.2,13,21.5
1202,411,190,340,55,800.0,965.0,98.0,2000.0,3400,22.5,NUP 238 ECML, M,190,244,295,230.0,4.0,4.0,-,207.0,-,248.0,321.9,3.0,-,0.23,-,-,-,-
1203,412,190,340,92,1220.0,1600.0,160.0,2000.0,3400,35.5, NU 2238 ECML, M,190,-,296.4,228.0,4.0,4.0,5,207.0,224,231.0,321.9,3.0,3,0.3,-,-,-,-
1204,413,190,340,92,1220.0,1600.0,160.0,2000.0,3400,37.0,NJ 2238 ECML, M,190,243,296.4,228.0,4.0,4.0,5,207.0,224,247.0,322.0,3.0,-,0.3,-,-,-,-
1205,414,190,400,78,1140.0,1500.0,143.0,1500.0,2000,50.0, NU 338 ECM,-,190,-,336.3,245.0,5.0,5.0,4.3,210.0,240,249.0,380.0,4.0,4,0.15,HJ 338 EC,4.3,18,29
1206,415,190,400,132,1830.0,2550.0,236.0,1500.0,3000,80.5,NU 2338 ECML, -,190,-,342.75,240.0,5.0,5.0,9.5,209.0,234,244.0,380.0,4.0,4,0.38,-,-,-,-
1207,416,190,400,132,1830.0,2550.0,236.0,1500.0,3000,82.0,NJ 2338 ECML, -,190,262,342.75,240.0,5.0,5.0,9.5,209.0,234,266.0,378.0,4.0,-,0.38,-,-,-,-
1208,417,200,310,51,380.0,570.0,58.5,2400.0,3600,14.0, NU 1040 ML, M,200,-,269,229.0,2.1,2.1,7,211.0,225,234.0,300.0,2.0,2,0.15,HJ 1040,1.65,13,25.5
1209,418,200,360,58,880.0,1060.0,106.0,1900.0,3200,26.5, NU 240 ECML, M,200,-,311.5,243.0,4.0,4.0,2.6,217.0,238,247.0,341.6,3.0,3,0.23,HJ 240 EC,2.55,14,23
1210,419,200,360,58,880.0,1060.0,106.0,1900.0,3200,27.0, NJ 240 ECML, M,200,258,311.5,243.0,4.0,4.0,2.6,217.0,238,262.0,341.6,3.0,-,0.23,HJ 240 EC,2.55,14,23
1211,420,200,360,98,1370.0,1800.0,180.0,1900.0,3200,44.0,NJ 2240 ECML, -,200,256,312.9,241.0,4.0,4.0,5.1,217.0,236,260.0,342.0,3.0,-,0.3,-,-,-,-
1212,421,200,360,98,1370.0,1800.0,180.0,1900.0,3200,44.0, NU 2240 ECML, -,200,-,312.9,241.0,4.0,4.0,5.1,217.0,236,245.0,341.6,3.0,3,0.3,-,-,-,-
1213,422,200,420,80,1230.0,1630.0,150.0,1400.0,2800,56.5,NJ 340 ECML, -,200,278,352.4,258.0,5.0,5.0,6,220.0,253,282.0,400.0,4.0,-,0.23,-,-,-,-
1214,423,200,420,80,1230.0,1630.0,150.0,1400.0,2800,57.0,NU 340 ECML, -,200,-,352.4,258.0,5.0,5.0,6,220.0,253,262.0,399.8,4.0,4,0.23,-,-,-,-
1215,424,200,420,138,1980.0,2800.0,255.0,1400.0,2800,92.5,NU 2340 ECML, -,200,-,357.6,253.0,5.0,5.0,9.4,220.0,247,257.0,399.8,4.0,4,0.38,-,-,-,-
1216,425,200,420,138,1980.0,2800.0,255.0,1400.0,2800,94.0,NJ 2340 ECML, -,200,278,357.6,253.0,5.0,5.0,9.4,220.0,247,282.0,399.8,4.0,-,0.38,-,-,-,-
1217,426,220,340,56,495.0,735.0,73.5,2200.0,3200,18.5,NJ 1044 ML, M,220,262,296.2,250.0,3.0,3.0,7.5,233.0,246,266.0,328.0,2.5,-,0.15,HJ 1044,2.15,14,27
1218,427,220,340,56,495.0,735.0,73.5,2200.0,3200,18.5, NU 1044 ML, -,220,-,296.2,250.0,3.0,3.0,7.5,233.0,246,254.0,328.0,2.5,2.5,0.15,HJ 1044,2.15,14,27
1219,428,220,400,65,1060.0,1290.0,125.0,1700.0,3000,37.0, NJ 244 ECML, M,220,284,343.7,268.0,4.0,4.0,2.3,238.0,263,288.0,383.0,3.0,-,0.23,HJ 244 EC,3.25,15,25
1220,429,220,400,65,1060.0,1290.0,125.0,1700.0,3000,37.0, NU 244 ECML, M,220,-,343.7,268.0,4.0,4.0,2.3,238.0,263,272.0,383.0,3.0,3,0.23,HJ 244 EC,3.25,15,25
1221,430,220,400,65,1060.0,1290.0,125.0,1700.0,3000,37.5,NUP 244 ECML, M,220,284,343.7,268.0,4.0,4.0,-,238.0,-,288.0,383.0,3.0,-,0.23,-,-,-,-
1222,431,220,400,108,1570.0,2280.0,212.0,1600.0,3000,58.0, NU 2244 ECML, -,220,-,350,259.0,4.0,4.0,7.9,237.0,254,263.0,383.0,3.0,3,0.3,-,-,-,-
1223,432,220,400,108,1570.0,2280.0,212.0,1600.0,3000,60.0,NJ 2244 ECML, -,220,278,350,259.0,4.0,4.0,7.9,237.0,254,282.0,383.0,3.0,-,0.3,-,-,-,-
1224,433,220,460,88,1210.0,1630.0,150.0,1500.0,1700,73.5,NJ 344 M, -,220,307,371,284.0,5.0,5.0,5.2,240.0,277,311.0,440.0,4.0,-,0.15,-,-,-,-
1225,434,220,460,88,1210.0,1630.0,150.0,1500.0,1700,75.0, NU 344 M, -,220,-,371,284.0,5.0,5.0,5.2,240.0,277,288.0,440.0,4.0,4,0.15,-,-,-,-
1226,435,220,460,145,2380.0,3450.0,310.0,1300.0,2600,118.0, NU 2344 ECML, -,220,-,391,277.0,5.0,5.0,10.4,238.0,272,272.0,442.0,4.0,4,0.1,-,-,-,-
1227,436,240,360,56,523.0,800.0,78.0,2000.0,3000,19.5, NU 1048 ML, M,240,-,316.2,270.0,3.0,3.0,7.5,252.0,266,274.0,348.0,2.5,2.5,0.15,HJ 1048,2.25,14,27
1228,437,240,440,72,952.0,1370.0,129.0,1600.0,2200,51.5, NU 248 MA,-,240,-,365,295.0,4.0,4.0,3.4,257.0,288,299.0,423.0,3.0,3,0.15,-,-,-,-
1229,438,240,440,72,952.0,1370.0,129.0,1600.0,2200,53.0, NJ 248 MA,-,240,313,365,295.0,4.0,4.0,3.4,257.0,288,317.0,423.0,3.0,-,0.15,-,-,-,-
1230,439,240,440,72,952.0,1370.0,129.0,1600.0,2200,53.0,NUP 248 MA,-,240,313,365,295.0,4.0,4.0,-,257.0,-,316.0,423.0,3.0,-,0.15,-,-,-,-
1231,440,240,440,120,1450.0,2360.0,216.0,1500.0,2200,84.0, NU 2248 MA,-,240,-,365,295.0,4.0,4.0,4.3,257.0,284,299.0,423.0,3.0,3,0.2,-,-,-,-
1232,441,240,440,120,1450.0,2360.0,224.0,1500.0,2200,86.0, NJ 2248 MA,-,240,313,365,295.0,4.0,4.0,4.3,257.0,284,317.0,423.0,3.0,-,0.2,-,-,-,-
1233,442,240,500,95,1450.0,2000.0,180.0,1300.0,2000,94.5,NU 348 MA,-,240,-,410,310.0,5.0,5.0,5,258.0,305,314.0,482.0,4.0,4,0.1,-,-,-,-
1234,443,240,500,95,1450.0,2000.0,180.0,1300.0,2000,98.5,NJ 348 MA,-,240,322,403,310.0,5.0,5.0,5.6,260.0,302,339.0,480.0,4.0,-,0.15,-,-,-,-
1235,444,240,500,155,2750.0,4000.0,345.0,1200.0,2400,137.0, NU 2348 ECML, -,240,-,425,299.0,5.0,5.0,1.5,258.0,294,314.0,482.0,4.0,4,0.38,-,-,-,-
1236,445,260,400,65,627.0,965.0,96.5,1800.0,2800,29.5, NU 1052 ML, M,260,-,353.1,296.0,4.0,4.0,8,275.0,292,300.0,385.0,3.0,3,0.15,HJ 1052,3.4,16,31.5
1237,446,260,400,65,627.0,965.0,96.5,1800.0,2800,30.0,NJ 1052 ML, M,260,309,353.1,296.0,4.0,4.0,8,275.0,292,313.0,385.0,3.0,-,0.15,HJ 1052,3.4,16,31.5
1238,447,260,480,80,1170.0,1700.0,150.0,1400.0,2000,68.5, NU 252 MA,-,260,-,397,320.0,5.0,5.0,3.4,280.0,313,324.0,460.0,4.0,4,0.15,-,-,-,-
1239,448,260,480,80,1170.0,1700.0,150.0,1400.0,2000,69.0, NJ 252 MA,-,260,340,397,320.0,5.0,5.0,3.4,280.0,313,344.0,460.0,4.0,-,0.15,-,-,-,-
1240,449,260,480,80,1170.0,1700.0,150.0,1400.0,2000,72.0,NUP 252 MA,-,260,340,397,320.0,5.0,5.0,-,280.0,-,344.0,460.0,4.0,-,0.23,-,-,-,-
1241,450,260,480,130,1790.0,3000.0,265.0,1300.0,2000,112.0,NJ 2252 MA,-,260,340,397,320.0,5.0,5.0,4.3,280.0,309,344.0,460.0,4.0,-,0.3,-,-,-,-
1242,451,260,480,130,1790.0,3000.0,265.0,1400.0,2000,110.0, NU 2252 MA,-,260,-,397,320.0,5.0,5.0,4.3,280.0,309,324.0,460.0,4.0,4,0.2,-,-,-,-
1243,452,260,540,102,1940.0,2700.0,236.0,1100.0,1800,121.0,NU 352 ECMA,-,260,-,455,337.0,6.0,6.0,4.2,286.0,330,341.0,514.0,5.0,5,0.15,-,-,-,-
1244,453,260,540,165,3140.0,4550.0,400.0,1100.0,1900,196.0,NJ 2352 ECMA,-,260,350,458,324.0,6.0,6.0,5,284.0,320,355.0,516.0,5.0,-,0.4,-,-,-,-
1245,454,260,540,165,3190.0,4550.0,400.0,1100.0,1800,193.0,NU 2352 ECMA,-,260,-,463,324.0,6.0,6.0,1.8,286.0,310,323.0,514.0,5.0,5,0.25,-,-,-,-
1246,455,280,420,65,660.0,1060.0,102.0,1700.0,2600,31.0, NU 1056 ML, M,280,-,373.1,316.0,4.0,4.0,8,295.0,312,321.0,405.0,3.0,3,0.15,HJ 1056,3.6,16,31.5
1247,456,280,460,146,2290.0,3900.0,335.0,1200.0,2000,101.0,NU 3156 ECMA,-,280,-,406,321.0,5.0,5.0,0.4,300.0,316,325.0,440.0,4.0,4,0.21,-,-,-,-
1248,457,280,500,80,1140.0,1800.0,156.0,1400.0,1900,73.0,NJ 256 MA,-,280,360,417,340.0,5.0,5.0,3.8,300.0,333,364.0,480.0,4.0,-,0.15,-,-,-,-
1249,458,280,500,80,1190.0,1800.0,156.0,1400.0,1900,71.5, NU 256 MA,-,280,-,417,340.0,5.0,5.0,3.8,300.0,333,344.0,480.0,4.0,4,0.15,-,-,-,-
1250,459,280,500,130,2330.0,3750.0,320.0,1200.0,2200,115.0, NU 2256 ECML, -,280,-,433,333.0,5.0,5.0,4.5,298.0,328,331.0,482.0,4.0,4,0.3,-,-,-,-
1251,460,280,580,175,2700.0,4300.0,365.0,1000.0,1700,230.0,NU 2356 MA,-,280,-,467,362.0,6.0,6.0,6.6,306.0,347,366.0,554.0,5.0,5,0.25,-,-,-,-
1252,461,300,460,74,858.0,1370.0,129.0,1500.0,2000,46.0,NJ 1060 MA,-,300,356,402,340.0,4.0,4.0,9.7,317.0,335,360.0,443.0,3.0,-,0.1,-,-,-,-
1253,462,300,460,74,858.0,1370.0,129.0,1500.0,2000,46.0, NU 1060 MA,-,300,-,402,340.0,4.0,4.0,9.7,317.0,335,344.0,443.0,3.0,3,0.15,-,-,-,-
1254,463,300,460,95,1510.0,2600.0,245.0,1300.0,2000,62.0,NU 2060 ECMA,-,300,-,410,341.0,4.0,4.0,4.1,317.0,336,345.0,443.0,3.0,3,0.14,-,-,-,-
1255,464,300,540,85,1420.0,2120.0,183.0,1300.0,1400,89.5, NU 260 M; -,300,-,451,364.0,5.0,5.0,4.8,320.0,358.0,368.0,520.0,4.0,4,0.15,-,-,-,-,
1256,465,300,540,140,2090.0,3450.0,300.0,1200.0,1800,145.0,NU 2260 MA,-,300,-,451,364.0,5.0,5.0,5.6,320.0,352,368.0,520.0,4.0,4,0.2,-,-,-,-
1257,466,300,620,109,2330.0,3350.0,280.0,950.0,1200,174.0,NU 360 ECM, -,300,-,505,385.0,7.5,7.5,4,328.0,380,368.0,592.0,6.0,6,0.1,-,-,-,-
1258,467,300,620,185,4020.0,5850.0,480.0,950.0,1600,270.0,NU 2360 ECMA,-,300,-,535,371.0,7.5,7.5,11,332.0,365,375.0,588.0,6.0,6,0.27,-,-,-,-
1259,468,320,440,56,693.0,1200.0,110.0,1500.0,2000,26.0,NU 1964 ECMA,-,320,-,404,348.0,3.0,3.0,1.5,333.0,347,355.0,427.0,2.5,2.5,0.11,-,-,-,-
1260,469,320,480,74,880.0,1430.0,132.0,1400.0,1400,48.0, NJ 1064 MA,-,320,376,422,360.0,4.0,4.0,9.7,335.0,355,380.0,465.0,3.0,-,0.1,-,-,-,-
1261,470,320,480,74,880.0,1430.0,132.0,1400.0,1400,48.5, NU 1064 MA,-,320,-,422,360.0,4.0,4.0,9.7,335.0,355,364.0,465.0,3.0,3,0.15,-,-,-,-
1262,471,320,580,92,1830.0,2750.0,232.0,1000.0,1200,115.0,NU 264 ECM, -,320,-,494,392.0,5.0,5.0,4.8,338.0,386,394.0,562.0,4.0,4,0.13,-,-,-,-
1263,472,320,580,150,3190.0,5000.0,415.0,1000.0,1900,176.0,NU 2264 ECML, -,320,-,506,380.0,5.0,5.0,5,338.0,376,394.0,562.0,4.0,4,0.1,-,-,-,-
1264,473,320,670,200,4730.0,7500.0,600.0,850.0,1500,370.0,NU 2364 ECMA,-,320,-,565,405.0,7.5,7.5,11,348.0,400,394.0,642.0,6.0,6,0.15,-,-,-,-
1265,474,340,460,56,682.0,1200.0,108.0,1400.0,1900,27.5,NU 1968 ECMA,-,340,-,421,370.0,3.0,3.0,1.8,353.0,365,374.0,447.0,2.5,2.5,0.07,-,-,-,-
1266,475,340,460,72,1020.0,2040.0,186.0,1400.0,1900,37.0,NJ 2968 ECMA,-,340,377,421,367.0,3.0,3.0,3.8,353.0,363,381.0,447.0,2.5,-,0.07,-,-,-,-
1267,476,340,520,133,2200.0,4150.0,365.0,1100.0,1700,109.0,NU 3068 MA,-,340,-,465,385.0,5.0,5.0,7,360.0,380,389.0,502.0,4.0,4,0.15,-,-,-,-
1268,477,340,580,190,3470.0,5850.0,490.0,950.0,1600,217.0,NU 3168 ECMA,-,340,-,507,390.5,5.0,5.0,14,360.0,388,403.0,560.0,4.0,4,0.27,-,-,-,-
1269,478,340,620,165,2640.0,4500.0,365.0,1000.0,1500,226.0, NU 2268 MA,-,340,-,515,416.0,6.0,6.0,8,366.0,401,421.0,594.0,5.0,5,0.3,-,-,-,-
1270,479,340,710,212,5610.0,8650.0,680.0,800.0,1400,439.0,NU 2368 ECMA,-,340,-,602,425.0,7.5,7.5,11,368.0,420,389.0,682.0,6.0,6,0.15,-,-,-,-
1271,480,360,480,56,781.0,1460.0,129.0,1400.0,2000,29.0,NU 1972 ECMP,-,360,-,438,387.5,3.0,3.0,2,375.0,382,392.0,465.0,2.5,2.5,0.1,-,-,-,-
1272,481,360,540,82,1100.0,1830.0,163.0,1300.0,1600,67.5, NU 1072 MA,-,360,-,475,405.0,5.0,5.0,6.5,378.0,400,410.0,522.0,4.0,4,0.15,-,-,-,-
1273,482,360,600,192,3410.0,6100.0,490.0,900.0,1500,226.0,NU 3172 ECMA,-,360,-,475,420.0,5.0,5.0,9.4,380.0,407,425.0,580.0,4.0,4,0.21,-,-,-,-
1274,483,360,650,170,2920.0,4900.0,400.0,950.0,1400,257.0,NU 2272 MA,-,360,-,542,437.0,6.0,6.0,16.7,386.0,428,442.0,624.0,5.0,5,0.2,-,-,-,-
1275,484,360,750,224,5010.0,8150.0,630.0,850.0,1300,510.0,NU 2372 ECMA,-,360,-,617,465.0,7.5,7.5,10,392.0,453,470.0,718.0,6.0,6,0.25,-,-,-,-
1276,485,380,480,46,561.0,1120.0,98.0,1300.0,2000,20.0,NU 1876 ECMP,-,380,-,449,406.0,2.1,2.1,2.5,390.0,400,410.0,470.0,1.0,1,0.1,-,-,-,-
1277,486,380,480,46,561.0,1120.0,98.0,1300.0,2000,21.0,NJ 1876 ECMP,-,380,415,449,406.0,2.1,2.1,1.5,392.0,400,421.0,469.0,2.0,-,0.1,-,-,-,-
1278,487,380,560,82,1140.0,1930.0,170.0,1200.0,1600,70.0, NU 1076 MA,-,380,-,495,425.0,5.0,5.0,10.8,398.0,420,430.0,542.0,4.0,4,0.15,-,-,-,-
1279,488,380,560,82,1140.0,1930.0,170.0,1200.0,1600,71.0, NJ 1076 MA,-,380,443,495,425.0,5.0,5.0,10.8,398.0,420,448.0,542.0,4.0,-,0.1,-,-,-,-
1280,489,380,560,135,2380.0,4750.0,400.0,1000.0,1800,109.0,NU 3076 ECMP,-,380,-,506,425.0,5.0,5.0,8.5,398.0,417,430.0,542.0,4.0,4,0.17,-,-,-,-
1281,490,380,680,175,3960.0,6400.0,510.0,850.0,1300,288.0,NU 2276 ECMA,-,380,-,595,451.0,6.0,6.0,8.3,406.0,445,457.0,654.0,5.0,5,0.2,-,-,-,-
1282,491,400,500,46,572.0,1180.0,100.0,1300.0,1900,21.5,NU 1880 MP,-,400,-,465,423.0,2.1,2.1,3.3,410.0,419,428.0,490.0,2.0,2,0.05,-,-,-,-
1283,492,400,500,46,572.0,1180.0,96.5,1300.0,1900,22.0,NJ 1880 MP,-,400,433,465,423.0,2.1,2.1,3.3,410.0,419,436.0,490.0,2.0,-,0.05,-,-,-,-
1284,493,400,500,46,572.0,1180.0,96.5,1300.0,1900,22.5,NUP 1880 MP,-,400,432,464,423.0,2.1,2.1,-,410.0,-,438.0,488.0,2.0,-,0.1,-,-,-,-
1285,494,400,540,82,1380.0,2800.0,245.0,1200.0,1600,57.0,NJ 2980 ECMA,-,400,448,495,435.0,4.0,4.0,0.9,415.0,430,454.0,525.0,3.0,-,0.15,-,-,-,-
1286,495,400,540,106,1760.0,3750.0,320.0,1000.0,1500,74.5,NU 3980 ECMA,-,400,-,500,434.5,4.0,4.0,4,415.0,429,439.0,524.0,3.0,3,0.1,-,-,-,-
1287,496,400,600,90,1380.0,2320.0,196.0,1100.0,1500,90.0, NU 1080 MA,-,400,-,527,450.0,5.0,5.0,14,418.0,446,455.0,582.0,4.0,4,0.15,-,-,-,-
1288,497,400,600,90,1380.0,2320.0,196.0,1100.0,1500,93.0,NJ 1080 MA,-,400,472,526,450.0,5.0,5.0,5,418.0,445,478.0,582.0,4.0,-,0.15,-,-,-,-
1289,498,420,520,46,572.0,1200.0,102.0,1200.0,1800,22.0,NU 1884 MP,-,420,-,488,447.0,2.1,2.1,3.3,431.0,442,452.0,508.0,2.0,2,0.1,-,-,-,-
1290,499,420,560,82,1400.0,2850.0,255.0,1100.0,1500,60.0,NU 2984 ECMA,-,420,-,512,449.0,4.0,4.0,2.4,435.0,444,463.0,545.0,3.0,3,0.07,-,-,-,-
1291,500,420,560,106,1680.0,3650.0,310.0,950.0,1500,79.5,NUP 3984 ECMA,-,420,468,518,455.0,4.0,4.0,-,436.0,-,472.0,544.0,3.0,0.15,-,-,-,-,-
1292,501,420,620,90,1420.0,2450.0,200.0,1100.0,1400,94.0,NU 1084 MA,-,420,-,547,470.0,5.0,5.0,14,438.0,466,475.0,602.0,4.0,4,0.15,-,-,-,-
1293,502,420,700,224,4950.0,9000.0,695.0,750.0,1300,365.0,NU 3184 ECMA,-,420,-,613,485.0,6.0,6.0,14.2,446.0,478,490.0,694.0,5.0,5,0.21,-,-,-,-
1294,503,440,600,74,1060.0,2000.0,170.0,1100.0,1400,53.0,NU 1988 MA,-,440,-,544,482.0,4.0,4.0,5.5,455.0,477,487.0,585.0,3.0,3,0.07,-,-,-,-
1295,504,440,600,95,1870.0,3900.0,340.0,1100.0,1600,81.0, NU 2988 ECML, -,440,-,552,481.5,4.0,4.0,2.4,455.0,476,487.0,584.0,3.0,3,0.07,-,-,-,-
1296,505,440,600,95,1870.0,3900.0,340.0,1100.0,1600,83.0,NJ 2988 ECML, -,440,496,551,481.5,4.0,4.0,1.5,455.0,475,502.0,585.0,3.0,-,0.15,-,-,-,-
1297,506,440,650,122,2550.0,4900.0,390.0,8500.0,1300,145.0,NU 2088 ECMA,-,440,-,577,487.0,6.0,6.0,11.9,463.0,483,492.0,627.0,5.0,5,0.14,-,-,-,-
1298,507,440,720,226,5120.0,10000.0,765.0,700.0,1200,388.0,NU 3188 ECMA/HB1,-,440,-,637,509.0,6.0,6.0,12.5,466.0,500,514.0,694.0,5.0,5,0.21,-,-,-,-
1299,508,460,580,72,1080.0,2400.0,193.0,1100.0,1400,48.0,NJ 2892 ECMA,-,460,499,543,489.0,3.0,3.0,1.1,473.0,485,505.0,567.0,2.5,-,0.07,-,-,-,-
1300,509,460,620,95,1720.0,3600.0,310.0,1000.0,1300,89.0,NJ 2992 ECMA,-,460,508,566,495.0,4.0,4.0,4,475.0,490,515.0,605.0,3.0,-,0.07,-,-,-,-
1301,510,460,620,118,2050.0,4550.0,375.0,850.0,1300,112.0,NUP 3992 ECMA,-,460,515,571,501.0,4.0,4.0,-,476.0,-,520.0,604.0,3.0,-,0.15,-,-,-,-
1302,511,460,680,100,1650.0,2850.0,224.0,950.0,1200,115.0,NU 1092 MA,-,460,-,600,516.0,6.0,6.0,15.9,483.0,511,521.0,657.0,5.0,5,0.15,-,-,-,-
1303,512,460,760,240,5280.0,9650.0,735.0,670.0,1100,450.0,NU 3192 ECMA/HB1,-,460,-,662,529.3,7.5,7.5,13,492.0,519,534.0,728.0,6.0,6,0.27,-,-,-,-
1304,513,460,830,165,4180.0,6800.0,510.0,750.0,1100,415.0,NU 1292 MA,-,460,-,715,554.0,7.5,7.5,6.4,492.0,542,559.0,798.0,6.0,6,0.13,-,-,-,-
1305,514,460,830,212,5120.0,8650.0,655.0,700.0,1100,527.0, NU 2292 MA,-,460,-,706,554.0,7.5,7.5,16.5,492.0,542,559.0,798.0,6.0,6,0.2,-,-,-,-
1306,515,480,650,78,1170.0,2240.0,183.0,950.0,1300,76.0,NU 1996 MA,-,480,-,592,525.0,5.0,5.0,6.5,498.0,517,530.0,632.0,4.0,4,0.07,-,-,-,-
1307,516,480,700,100,1680.0,3000.0,232.0,900.0,1200,130.0,NU 1096 MA,-,480,-,620,536.0,6.0,6.0,15.9,503.0,531,541.0,677.0,5.0,5,0.15,-,-,-,-
1308,517,480,700,128,2860.0,5600.0,430.0,750.0,1200,179.0,NU 2096 ECMA,-,480,-,629,533.0,6.0,6.0,12.7,503.0,529,538.0,677.0,5.0,5,0.14,-,-,-,-
1309,518,480,790,248,5940.0,10800.0,800.0,630.0,1100,507.0,NU 3196 ECMA/HB1,-,480,-,699,547.0,7.5,7.5,16,512.0,536,552.0,758.0,6.0,6,0.21,-,-,-,-
1310,519,500,670,100,2050.0,4250.0,355.0,900.0,1200,107.0,NU 29/500 ECMA,-,500,-,619,539.5,5.0,5.0,3,518.0,534,549.0,652.0,4.0,4,0.1,-,-,-,-
1311,520,500,720,100,1720.0,3100.0,236.0,900.0,1100,135.0, NU 10/500 MA,-,500,-,640,556.0,6.0,6.0,11.2,523.0,550,561.0,697.0,5.0,5,0.15,-,-,-,-
1312,521,500,720,128,2920.0,5850.0,440.0,750.0,1100,180.0,NU 20/500 ECMA,-,500,-,649,553.0,6.0,6.0,12.7,523.0,549,558.0,697.0,5.0,5,0.14,-,-,-,-
1313,522,500,720,167,3800.0,7350.0,560.0,750.0,1100,233.0,NU 30/500 ECMA,-,500,-,650,540.8,6.0,6.0,8.6,523.0,532,546.0,697.0,5.0,5,0.21,-,-,-,-
1314,523,500,830,264,6440.0,12000.0,880.0,600.0,1000,595.0,NU 31/500 ECMA/HB1,-,500,-,728,576.0,7.5,7.5,14.5,532.0,564,581.0,798.0,6.0,6,0.21,-,-,-,-
1315,524,500,920,185,5280.0,8500.0,620.0,670.0,950,575.0,NU 12/500 MA,-,500,-,780,603.1,7.5,7.5,13.9,532.0,593,610.0,888.0,6.0,6,0.17,-,-,-,-
1316,525,530,710,106,2380.0,5000.0,390.0,850.0,1100,130.0,NUP 29/530 ECMA,-,530,590,656,573.0,5.0,5.0,-,548.0,-,595.0,692.0,4.0,-,0.15,-,-,-,-
1317,526,530,780,112,2290.0,4050.0,305.0,800.0,1000,190.0,NU 10/530 MA,-,530,-,692,593.0,6.0,6.0,10.4,553.0,585,598.0,757.0,5.0,5,0.15,-,-,-,-
1318,527,530,780,145,3740.0,7350.0,550.0,670.0,1000,253.0,NU 20/530 ECMA,-,530,-,704,591.0,6.0,6.0,6.8,553.0,587,596.0,757.0,5.0,5,0.2,-,-,-,-
1319,528,530,870,272,7480.0,14600.0,1040.0,560.0,950,660.0,NU 31/530 ECMA/HB1,-,530,-,764,612.0,7.5,7.5,3,562.0,605,617.0,838.0,6.0,6,0.21,-,-,-,-
1320,529,560,750,112,2460.0,5700.0,450.0,800.0,1000,145.0,NU 29/560 ECMA,-,560,-,693,608.0,5.0,5.0,4.5,578.0,600,613.0,732.0,4.0,4,0.07,-,-,-,-
1321,530,560,820,115,2330.0,4250.0,310.0,750.0,1000,210.0,NU 10/560 MA,-,560,-,726,625.0,6.0,6.0,12.3,583.0,617,630.0,797.0,5.0,5,0.15,-,-,-,-
1322,531,560,820,150,3800.0,7650.0,560.0,630.0,1000,290.0,NU 20/560 ECMA,-,560,-,741,626.0,6.0,6.0,6.7,583.0,616,631.0,797.0,5.0,5,0.14,-,-,-,-
1323,532,560,1030,206,7210.0,11200.0,780.0,560.0,800,805.0,NU 12/560 MA,-,560,-,892,668.0,9.5,9.5,10.3,600.0,657,674.0,990.0,8.0,8,0.13,-,-,-,-
1324,533,560,1030,272,9900.0,16600.0,1160.0,530.0,800,1090.0,NU 22/560 ECMA,-,560,-,900,664.0,9.5,9.5,3,594.0,658,674.0,990.0,8.0,8,0.1,-,-,-,-
1325,534,600,730,60,897.0,2080.0,108.0,800.0,1000,54.0,NU 18/600 ECMA/HB1,-,600,-,681,632.0,3.0,3.0,0.7,613.0,625,637.0,717.0,2.5,2.5,0.05,-,-,-,-
1326,535,600,870,118,2750.0,5100.0,365.0,700.0,900,240.0,NU 10/600 MA,-,600,-,779,667.0,6.0,6.0,14,623.0,658,672.0,847.0,5.0,5,0.15,-,-,-,-
1327,536,600,870,155,4180.0,8000.0,570.0,600.0,900,325.0,NU 20/600 ECMA,-,600,-,793,661.0,6.0,6.0,6.1,623.0,652,667.0,847.0,5.0,5,0.14,-,-,-,-
1328,537,630,780,69,1100.0,2500.0,183.0,750.0,950,75.0,NJ 18/630 ECMA/HB1,-,630,682,724,667.0,4.0,4.0,1.5,645.0,662,685.0,765.0,3.0,-,0.1,-,-,-,-
1329,538,630,850,100,2240.0,4400.0,315.0,700.0,900,168.0,NU 19/630 ECMA/HB1,-,630,-,785,683.0,6.0,6.0,4.5,653.0,678,688.0,827.0,5.0,5,0.07,-,-,-,-
1330,539,630,850,128,3300.0,7200.0,510.0,700.0,900,224.0,NU 29/630 ECMA/HB1,-,630,-,782,683.0,6.0,6.0,7.1,653.0,678,688.0,827.0,5.0,5,0.07,-,-,-,-
1331,540,630,850,128,3300.0,7200.0,510.0,700.0,900,230.0,NJ 29/630 ECMA/HB1,-,630,703,782,683.0,6.0,6.0,7.1,653.0,678,709.0,827.0,5.0,-,0.07,-,-,-,-
1332,541,630,920,170,4730.0,9500.0,670.0,560.0,850,400.0,NU 20/630 ECMA,-,630,-,832,699.0,7.5,7.5,8.7,658.0,690,705.0,892.0,6.0,6,0.14,-,-,-,-
1333,542,710,870,95,1940.0,5000.0,375.0,630.0,850,130.0,NJ 28/710 ECMA,-,710,766,817,751.0,4.0,4.0,1.5,728.0,745,771.0,853.0,3.0,-,0.15,-,-,-,-
1334,543,710,950,140,3740.0,8300.0,570.0,600.0,800,297.0,NU 29/710 ECMA,-,710,-,875,766.0,6.0,6.0,8.7,734.0,760,772.0,648.0,5.0,5,0.1,-,-,-,-
1335,544,710,1030,140,4680.0,8500.0,570.0,560.0,750,415.0,NU 10/710 ECMA,-,710,-,939,778.0,7.5,7.5,17,738.0,769,783.0,1002.0,6.0,6,0.15,-,-,-,-
1336,545,710,1030,185,5940.0,12000.0,815.0,480.0,700,540.0,NU 20/710 ECMA/HB1,-,710,-,939,787.0,7.5,7.5,10,738.0,780,793.0,1002.0,6.0,6,0.14,-,-,-,-
1337,546,750,1090,150,4730.0,8800.0,585.0,430.0,670,487.0,NU 10/750 ECMA/HB1,-,750,-,993,830.0,7.5,7.5,12.8,778.0,823,838.0,1062.0,6.0,6,0.15,-,-,-,-
1338,547,750,1090,195,7040.0,14600.0,980.0,430.0,670,635.0,NU 20/750 ECMA,-,750,-,993,832.0,7.5,7.5,12.8,778.0,823,838.0,1062.0,6.0,6,0.14,-,-,-,-
1339,548,800,980,82,1720.0,4150.0,190.0,530.0,700,137.0,NU 18/800 ECMA,-,800,-,920,846.0,5.0,5.0,1,818.0,840,861.0,962.0,4.0,4,0.15,-,-,-,-
1340,549,800,1150,200,7040.0,14600.0,950.0,400.0,630,715.0,NU 20/800 ECMA,-,800,-,1051,882.0,7.5,7.5,2,828.0,868,888.0,1122.0,6.0,6,0.14,-,-,-,-
1341,550,850,1030,106,2120.0,6000.0,240.0,500.0,670,193.0,NU 28/850 MA,-,850,-,961,902.0,5.0,5.0,7,868.0,891,908.0,1012.0,4.0,4,0.07,-,-,-,-
1342,551,850,1220,212,8420.0,18600.0,1200.0,360.0,560,880.0,NU 20/850 ECMA,-,850,-,1110,942.0,7.5,7.5,2,878.0,936,956.0,1190.0,6.0,6,0.17,-,-,-,-
1343,552,900,1090,85,1980.0,4900.0,240.0,450.0,600,169.0,NU 18/900 ECMA,-,900,-,1026,948.0,5.0,5.0,4.7,918.0,942,956.0,1072.0,4.0,4,0.05,-,-,-,-
1344,553,900,1180,165,5280.0,12500.0,800.0,430.0,560,514.0,NU 29/900 ECMA/HB1,-,900,-,1096,969.0,6.0,6.0,5.9,923.0,958,975.0,1157.0,5.0,5,0.07,-,-,-,-
1345,554,1000,1220,100,2640.0,6550.0,400.0,400.0,530,265.0,NU 18/1000 MA/HB1,-,1000,-,1143,1053.0,6.0,6.0,12.1,1023.0,1040,1060.0,1197.0,5.0,5,0.05,-,-,-,-
1346,555,1000,1220,100,2640.0,6550.0,400.0,400.0,530,269.0,NUP 18/1000 MA/HB1,-,1000,1072,1146,1053.0,6.0,6.0,-,1025.0,-,1080.0,1196.0,5.0,-,0.2,-,-,-,-