ID,d,D,B,C,C0,Pu,Referenzdrehzahl,Grenzdrehzahl,Gewicht_kg,Kurzzeichen_Lager_offen_oder_beidseitig_abgedichtet,Kurzzeichen_einseitig_abgedichtet,d.1,d1,d2,D1,D2,r12_min,da_min,da_max,Da_max,ra_max,kr,f0
0,3,10,4.0,0.54,0.18,0.007,130000,80000,0.0015,623,-,3,5.2,-,-,8.2,0.15,4.2,-,8.8,0.1,0.025,7.5,
1,3,10,4.0,0.54,0.18,0.007,-,40000,0.0015,623-2RS1,623-RS1,3,5.2,-,-,8.2,0.15,4.2,5.1,8.8,0.1,0.025,7.5,
2,3,10,4.0,0.54,0.18,0.007,130000,60000,0.0015,623-2Z,623-Z,3,5.2,-,-,8.2,0.15,4.2,5.1,8.8,0.1,0.025,7.5,
3,4,9,2.5,0.423,0.116,0.005,140000,85000,0.0007,618/4,-,4,5.2,-,7.5,-,0.1,4.6,-,8.4,0.1,0.015,6.5,
4,4,9,3.5,0.54,0.18,0.07,140000,70000,0.001,628/4-2Z,-,4,5.2,-,-,8.1,0.1,4.6,5.1,8.4,0.1,0.015,10.0,
5,4,9,4.0,0.54,0.18,0.07,140000,70000,0.0013,638/4-2Z,-,4,5.2,-,-,8.1,0.1,4.6,5.1,8.4,0.1,0.015,10.0,
6,4,11,4.0,0.624,0.18,0.008,130000,63000,0.0017,619/4-2Z,-,4,6.1,-,-,9.9,0.15,4.8,5.8,10.2,0.1,0.02,6.4,
7,4,11,4.0,0.624,0.18,0.008,130000,80000,0.0017,619/4,-,4,6.1,-,-,9.9,0.15,4.8,-,10.2,0.1,0.02,6.4,
8,4,12,4.0,0.806,0.28,0.012,120000,75000,0.0021,604,-,4,6.1,-,-,9.8,0.2,5.4,-,10.6,0.2,0.025,10.0,
9,4,12,4.0,0.806,0.28,0.012,120000,60000,0.0021,604-2Z,604-Z,4,6.1,-,-,9.8,0.2,5.4,6,10.6,0.2,0.025,10.0,
10,4,13,5.0,0.936,0.29,0.012,110000,67000,0.0031,624,-,4,6.7,-,-,11.2,0.2,5.8,-,11.2,0.2,0.025,10.0,
11,4,13,5.0,0.936,0.29,0.012,110000,53000,0.0031,624-2Z,624-Z,4,6.7,-,-,11.2,0.2,5.8,6.6,11.2,0.2,0.025,7.3,
12,4,16,5.0,1.11,0.38,0.016,95000,60000,0.0054,634,-,4,8.4,-,-,13.3,0.3,6.4,-,13.6,0.3,0.03,8.4,
13,4,16,5.0,1.11,0.38,0.016,-,28000,0.0054,634-2RS1,634-RS1,4,8.4,-,-,13.3,0.3,6.4,8.3,13.6,0.3,0.03,8.4,
14,4,16,5.0,1.11,0.38,0.016,95000,48000,0.0054,634-2RZ,634-RZ,4,8.4,-,-,13.3,0.3,6.4,8.3,13.6,0.3,0.03,8.4,
15,4,16,5.0,1.11,0.38,0.016,95000,48000,0.0054,634-2Z,634-Z,4,8.4,-,-,13.3,0.3,6.4,8.3,13.6,0.3,0.03,8.4,
16,5,11,3.0,0.468,0.143,0.006,120000,75000,0.0012,618/5,-,5,6.8,-,9.2,-,0.15,5.8,-,10.2,0.1,0.015,7.1,
17,5,11,4.0,0.64,0.26,0.011,120000,60000,0.0014,628/5-2Z,-,5,6.8,-,-,9.9,0.15,5.8,6.7,10.2,0.1,0.015,11.0,
18,5,11,5.0,0.64,0.26,0.011,120000,60000,0.0016,638/5-2Z,-,5,-,6.2,-,9.9,0.15,5.8,6,10.2,0.1,0.015,11.0,
19,5,13,4.0,0.884,0.335,0.014,110000,50000,0.0025,619/5-2Z,-,5,7.5,-,-,11.2,0.2,6.4,7.5,11.6,0.2,0.02,11.0,
20,5,13,4.0,0.884,0.335,0.014,110000,70000,0.0025,619/5,-,5,7.5,-,-,11.2,0.2,6.4,-,11.6,0.2,0.02,11.0,
21,5,16,5.0,1.14,0.38,0.016,95000,60000,0.005,625,-,5,8.4,-,-,13.3,0.3,7.4,-,13.6,0.3,0.025,8.4,
22,5,16,5.0,1.14,0.38,0.016,95000,48000,0.005,625-2Z,625-Z,5,8.4,-,-,13.3,0.3,7.4,8.3,13.6,0.3,0.025,8.4,
23,5,19,6.0,2.34,0.95,0.04,80000,50000,0.0085,635,-,5,11.1,-,-,16.5,0.3,7.4,-,16.6,0.3,0.03,13.0,
24,5,19,6.0,2.34,0.95,0.04,-,24000,0.009,635-2RS1,635-RS1,5,11.1,-,-,16.5,0.3,7.4,10.6,16.6,0.3,0.03,13.0,
25,5,19,6.0,2.34,0.95,0.04,80000,40000,0.009,635-2RZ,635-RZ,5,11.1,-,-,16.5,0.3,7.4,10.6,16.6,0.3,0.03,13.0,
26,5,19,6.0,2.34,0.95,0.04,80000,40000,0.0093,635-2Z,635-Z,5,11.1,-,-,16.5,0.3,7.4,10.6,16.6,0.3,0.03,13.0,
27,6,13,3.5,0.715,0.224,0.01,110000,67000,0.002,618/6,-,6,8,-,11,-,0.15,6.8,-,12.2,0.1,0.015,7.0,
28,6,13,5.0,0.88,0.35,0.015,110000,53000,0.0026,628/6-2Z,-,6,-,7.4,-,11.7,0.15,6.8,7.2,12.2,0.1,0.015,11.0,
29,6,15,5.0,0.884,0.27,0.011,100000,50000,0.0039,619/6-2Z,-,6,8.2,-,-,13,0.2,7.4,8,13.6,0.2,0.02,6.8,
30,6,15,5.0,0.884,0.27,0.011,100000,63000,0.0039,619/6,-,6,8.2,-,-,13,0.2,7.4,-,13.6,0.2,0.02,6.8,
31,6,19,6.0,2.34,0.95,0.04,80000,50000,0.0081,626,-,6,11.1,-,-,16.5,0.3,8.4,-,16.6,0.3,0.025,13.0,
32,6,19,6.0,2.34,0.95,0.04,-,24000,0.0083,626-2RSH,626-RSH,6,-,9.5,-,16.5,0.3,8.4,9.4,16.6,0.3,0.025,13.0,
33,6,19,6.0,2.34,0.95,0.04,80000,40000,0.0083,626-2RSL,626-RSL,6,-,9.5,-,16.5,0.3,8.4,9.4,16.6,0.3,0.025,13.0,
34,6,19,6.0,2.34,0.95,0.04,80000,40000,0.0088,626-2Z,626-Z,6,11.1,-,-,16.5,0.3,8.4,11,16.6,0.3,0.025,13.0,
35,7,14,3.5,0.78,0.26,0.011,100000,63000,0.0022,618/7,-,7,9,-,12,-,0.15,7.8,-,13.2,0.1,0.015,,
36,7,14,5.0,0.956,0.4,0.017,100000,50000,0.0031,628/7-2Z,-,7,-,8.5,-,12.7,0.15,7.8,8,13.2,0.1,0.015,,
37,7,17,5.0,1.06,0.375,0.016,90000,45000,0.0049,619/7-2Z,-,7,10.4,-,-,14.3,0.3,9.0,9.7,15.0,0.3,0.02,,
38,7,17,5.0,1.06,0.375,0.016,90000,56000,0.0049,619/7,-,7,10.4,-,-,14.3,0.3,9.0,-,15.0,0.3,0.02,,
39,7,19,6.0,2.34,0.95,0.04,85000,53000,0.0076,607,-,7,11.1,-,-,16.5,0.3,9.0,-,17.0,0.3,0.025,,
40,7,19,6.0,2.34,0.95,0.04,-,24000,0.0078,607-2RSH,607-RSH,7,-,9.5,-,16.5,0.3,9.0,9.4,17.0,0.3,0.025,,
41,7,19,6.0,2.34,0.95,0.04,85000,43000,0.0078,607-2RSL,607-RSL,7,-,9.5,-,16.5,0.3,9.0,9.4,17.0,0.3,0.025,,
42,7,19,6.0,2.34,0.95,0.04,85000,43000,0.0084,607-2Z,607-Z,7,11.1,-,-,16.5,0.3,9.0,11,17.0,0.3,0.025,,
43,7,22,7.0,3.45,1.37,0.057,70000,45000,0.012,627,-,7,12.1,-,-,19.2,0.3,9.4,-,19.6,0.3,0.025,,
44,7,22,7.0,3.45,1.37,0.057,-,22000,0.013,627-2RSH,627-RSH,7,-,10.5,-,19.2,0.3,9.4,10.5,19.6,0.3,0.025,,
45,7,22,7.0,3.45,1.37,0.057,70000,36000,0.013,627-2RSL,627-RSL,7,-,10.5,-,19.2,0.3,9.4,10.5,19.6,0.3,0.025,,
46,7,22,7.0,3.45,1.37,0.057,70000,36000,0.013,627-2Z,627-Z,7,12.1,-,-,19.2,0.3,9.4,12.1,19.6,0.3,0.025,,
47,8,16,4.0,0.819,0.3,0.012,90000,56000,0.003,618/8,-,8,10.5,-,13.5,-,0.2,9.4,-,14.6,0.2,0.015,,
48,8,16,5.0,1.33,0.57,0.024,-,26000,0.0036,628/8-2RS1,-,8,10.1,-,-,14.2,0.2,9.4,9.4,14.6,0.2,0.015,,
49,8,16,5.0,1.33,0.57,0.024,90000,45000,0.0036,628/8-2Z,-,8,10.1,-,-,14.2,0.2,9.4,10,14.6,0.2,0.015,,
50,8,16,6.0,1.33,0.57,0.024,90000,45000,0.0043,638/8-2Z,-,8,-,9.6,-,14.2,0.2,9.4,9.5,14.6,0.2,0.015,,
51,8,19,6.0,1.46,0.465,0.02,-,24000,0.0071,619/8-2RS1,-,8,-,9.8,-,16.7,0.3,9.5,9.8,17.0,0.3,0.02,,
52,8,19,6.0,1.46,0.465,0.02,85000,43000,0.0071,619/8-2Z,-,8,-,9.8,-,16.7,0.3,9.5,9.8,17.0,0.3,0.02,,
53,8,19,6.0,1.46,0.465,0.02,85000,53000,0.0071,619/8,-,8,10.5,-,-,16.7,0.3,10.0,-,17.0,0.3,0.02,,
54,8,19,6.0,2.34,0.95,0.04,85000,43000,0.0072,607/8-2Z,607/8-Z,8,11.1,-,-,16.5,0.3,10.0,11,17.0,0.3,0.025,,
55,8,22,7.0,3.45,1.37,0.057,75000,48000,0.012,608,-,8,12.1,-,-,19.2,0.3,10.0,-,20.0,0.3,0.025,,
56,8,22,7.0,3.45,1.37,0.057,-,22000,0.012,608-2RSH,608-RSH,8,-,10.5,-,19.2,0.3,10.0,10.5,20.0,0.3,0.025,,
57,8,22,7.0,3.45,1.37,0.057,75000,38000,0.012,608-2RSL,608-RSL,8,-,10.5,-,19.2,0.3,10.0,10.5,20.0,0.3,0.025,,
58,8,22,7.0,3.45,1.37,0.057,75000,38000,0.013,608-2Z,608-Z,8,12.1,-,-,19.2,0.3,10.0,12,20.0,0.3,0.025,,
59,8,22,11.0,3.45,1.37,0.057,-,22000,0.016,630/8-2RS1,-,8,11.8,-,-,19,0.3,10.0,11.7,20.0,0.3,0.025,,
60,8,24,8.0,3.9,1.66,0.071,63000,40000,0.018,628,-,8,14.4,-,-,21.2,0.3,10.4,-,21.6,0.3,0.025,,
61,8,24,8.0,3.9,1.66,0.071,-,19000,0.017,628-2RS1,628-RS1,8,14.4,-,-,21.2,0.3,10.4,14.4,21.6,0.3,0.025,,
62,8,24,8.0,3.9,1.66,0.071,63000,32000,0.017,628-2RZ,628-RZ,8,14.4,-,-,21.2,0.3,10.4,14.4,21.6,0.3,0.025,,
63,8,24,8.0,3.9,1.66,0.071,63000,32000,0.018,628-2Z,628-Z,8,14.4,-,-,21.2,0.3,10.4,14.4,21.6,0.3,0.025,,
64,8,28,9.0,1.33,0.57,0.024,60000,30000,0.03,638-2RZ,638-RZ,8,14.8,-,-,22.6,0.3,10.4,14.7,25.6,0.3,0.03,,
65,9,17,4.0,0.871,0.34,0.014,85000,53000,0.0034,618/9,-,9,11.5,-,14.5,-,0.2,10.4,-,15.6,0.2,0.015,,
66,9,17,5.0,1.43,0.64,0.027,-,24000,0.0043,628/9-2RS1,-,9,-,10.7,-,15.2,0.2,10.4,10.5,15.6,0.2,0.015,,
67,9,17,5.0,1.43,0.64,0.027,85000,43000,0.0043,628/9-2Z,628/9-Z,9,-,10.7,-,15.2,0.2,10.4,10.5,15.6,0.2,0.015,,
68,9,20,6.0,2.34,0.98,0.043,80000,40000,0.0076,619/9-2Z,-,9,11.6,-,-,17.5,0.3,11.0,11.5,18.0,0.3,0.02,,
69,9,20,6.0,2.34,0.98,0.043,80000,50000,0.0076,619/9,-,9,11.6,-,-,17.5,0.3,11.0,-,18.0,0.3,0.02,,
70,9,24,7.0,3.9,1.66,0.071,70000,43000,0.014,609,-,9,14.4,-,-,21.2,0.3,11.0,-,22.0,0.3,0.025,,
71,9,24,7.0,3.9,1.66,0.071,-,19000,0.015,609-2RSH,609-RSH,9,-,12.8,-,21.2,0.3,11.0,12.5,22.0,0.3,0.025,13.0,
72,9,24,7.0,3.9,1.66,0.071,70000,34000,0.014,609-2RSL,609-RSL,9,-,12.8,-,21.2,0.3,11.0,12.5,22.0,0.3,0.025,13.0,
73,9,24,7.0,3.9,1.66,0.071,70000,34000,0.015,609-2Z,609-Z,9,14.4,-,-,21.2,0.3,11.0,14.3,22.0,0.3,0.025,13.0,
74,9,26,8.0,4.75,1.96,0.083,60000,38000,0.02,629,-,9,14.8,-,-,22.6,0.3,11.4,-,23.6,0.3,0.025,12.0,
75,9,26,8.0,4.75,1.96,0.083,-,19000,0.02,629-2RSH,629-RSH,9,-,12.5,-,22.6,0.3,11.4,12.5,23.6,0.3,0.025,12.0,
76,9,26,8.0,4.75,1.96,0.083,60000,30000,0.02,629-2RSL,629-RSL,9,-,12.5,-,22.6,0.3,11.4,12.5,23.6,0.3,0.025,12.0,
77,9,26,8.0,4.75,1.96,0.083,60000,30000,0.021,629-2Z,629-Z,9,14.8,-,-,22.6,0.3,11.4,14.7,23.6,0.3,0.025,12.0,
78,10,19,5.0,1.72,0.83,0.036,-,22000,0.0055,61800-2RS1,-,10,-,11.8,-,17.2,0.3,11.8,11.8,17.0,0.3,0.015,15.0,
79,10,19,5.0,1.72,0.83,0.036,80000,38000,0.0055,61800-2Z,-,10,12.7,-,-,17.2,0.3,12.0,12.5,17.0,0.3,0.015,15.0,
80,10,19,5.0,1.72,0.83,0.036,80000,48000,0.0053,61800,-,10,12.7,-,16.3,-,0.3,12.0,-,17.0,0.3,0.015,15.0,
81,10,22,6.0,2.7,1.27,0.054,-,20000,0.01,61900-2RS1,-,10,-,13.2,-,19.4,0.3,12.0,12,20.0,0.3,0.02,14.0,
82,10,22,6.0,2.7,1.27,0.054,70000,36000,0.01,61900-2Z,-,10,13.9,-,-,19.4,0.3,12.0,12.9,20.0,0.3,0.02,14.0,
83,10,22,6.0,2.7,1.27,0.054,70000,45000,0.01,61900,-,10,13.9,-,18.2,-,0.3,12.0,-,20.0,0.3,0.02,14.0,
84,10,26,8.0,4.75,1.96,0.083,67000,40000,0.019,6000,-,10,14.8,-,-,22.6,0.3,12.0,-,24.0,0.3,0.025,12.0,
85,10,26,8.0,4.75,1.96,0.083,-,19000,0.019,6000-2RSH,6000-RSH,10,-,12.5,-,22.6,0.3,12.0,12.5,24.0,0.3,0.025,12.0,
86,10,26,8.0,4.75,1.96,0.083,67000,34000,0.019,6000-2RSL,6000-RSL,10,-,12.5,-,22.6,0.3,12.0,12.5,24.0,0.3,0.025,12.0,
87,10,26,8.0,4.75,1.96,0.083,67000,34000,0.02,6000-2Z,6000-Z,10,14.8,-,-,22.6,0.3,12.0,14.7,24.0,0.3,0.025,12.0,
88,10,26,12.0,4.62,1.96,0.083,-,19000,0.025,63000-2RS1,-,10,14.8,-,-,22.6,0.3,12.0,14.7,24.0,0.3,0.025,12.0,
89,10,28,8.0,5.07,2.36,0.1,60000,30000,0.026,16100-2Z,-,10,17,-,-,24.8,0.3,14.2,16.6,23.8,0.3,0.025,13.0,
90,10,28,8.0,5.07,2.36,0.1,60000,38000,0.024,16100,-,10,17,-,-,24.8,0.3,14.2,-,23.8,0.3,0.025,13.0,
91,10,30,9.0,5.4,2.36,0.1,56000,36000,0.031,6200,-,10,17,-,-,24.8,0.6,14.2,-,25.8,0.6,0.025,13.0,
92,10,30,9.0,5.4,2.36,0.1,-,17000,0.032,6200-2RSH,6200-RSH,10,-,15,-,24.8,0.6,14.2,15,25.8,0.6,0.025,13.0,
93,10,30,9.0,5.4,2.36,0.1,56000,28000,0.032,6200-2RSL,6200-RSL,10,-,15,-,24.8,0.6,14.2,15,25.8,0.6,0.025,13.0,
94,10,30,9.0,5.4,2.36,0.1,56000,28000,0.034,6200-2Z,6200-Z,10,17,-,-,24.8,0.6,14.2,16.9,25.8,0.6,0.025,13.0,
95,10,30,14.0,5.07,2.36,0.1,-,17000,0.04,62200-2RS1,-,10,17,-,-,24.8,0.6,14.2,16.9,25.8,0.6,0.025,13.0,
96,10,35,11.0,8.52,3.4,0.143,50000,32000,0.053,6300,-,10,17.5,-,-,28.7,0.6,14.2,-,30.8,0.6,0.03,11.0,
97,10,35,11.0,8.52,3.4,0.143,-,15000,0.054,6300-2RSH,6300-RSH,10,-,15.5,-,28.7,0.6,14.2,15.5,30.8,0.6,0.03,11.0,
98,10,35,11.0,8.52,3.4,0.143,50000,26000,0.053,6300-2RSL,6300-RSL,10,-,15.5,-,28.7,0.6,14.2,15.5,30.8,0.6,0.03,11.0,
99,10,35,11.0,8.52,3.4,0.143,50000,26000,0.055,6300-2Z,6300-Z,10,17.5,-,-,28.7,0.6,14.2,17.4,30.8,0.6,0.03,11.0,
100,10,35,17.0,8.06,3.4,0.143,-,15000,0.06,62300-2RS1,-,10,17.5,-,-,28.7,0.6,14.2,17.4,30.8,0.6,0.03,11.0,
101,12,21,5.0,1.74,0.915,0.039,-,20000,0.0063,61801-2RS1,-,12,-,14.1,-,19,0.3,13.6,13.8,19.0,0.3,0.015,13.0,
102,12,21,5.0,1.74,0.915,0.039,70000,36000,0.0063,61801-2Z,-,12,14.8,-,-,19,0.3,14.0,14.7,19.0,0.3,0.015,13.0,
103,12,21,5.0,1.74,0.915,0.039,70000,43000,0.0063,61801,-,12,14.8,-,18.3,-,0.3,14.0,-,19.0,0.3,0.015,13.0,
104,12,24,6.0,2.91,1.46,0.062,-,19000,0.011,61901-2RS1,-,12,-,15.3,-,21.4,0.3,14.0,15.2,22.0,0.3,0.02,15.0,
105,12,24,6.0,2.91,1.46,0.062,67000,32000,0.011,61901-2Z,-,12,16,-,-,21.4,0.3,14.0,15.8,22.0,0.3,0.02,15.0,
106,12,24,6.0,2.91,1.46,0.062,67000,40000,0.011,61901,-,12,16,-,20.3,-,0.3,14.0,-,22.0,0.3,0.02,15.0,
107,12,28,8.0,5.4,2.36,0.1,60000,38000,0.021,6001,-,12,17,-,-,24.8,0.3,14.0,-,26.0,0.3,0.025,13.0,
108,12,28,8.0,5.4,2.36,0.1,-,17000,0.022,6001-2RSH,6001-RSH,12,-,14.7,-,24.8,0.3,14.0,15,26.0,0.3,0.025,13.0,
109,12,28,8.0,5.4,2.36,0.1,60000,30000,0.021,6001-2RSL,6001-RSL,12,-,14.7,-,24.8,0.3,14.0,15,26.0,0.3,0.025,13.0,
110,12,28,8.0,5.4,2.36,0.1,60000,30000,0.022,6001-2Z,6001-Z,12,17,-,-,24.8,0.3,14.0,16.9,26.0,0.3,0.025,13.0,
111,12,28,12.0,5.07,2.36,0.1,-,17000,0.029,63001-2RS1,-,12,17,-,-,24.8,0.3,14.0,16.9,26.0,0.3,0.025,13.0,
112,12,30,8.0,5.07,2.36,0.1,-,17000,0.028,16101-2RS1,-,12,17,-,-,24.8,0.3,14.4,16.6,27.6,0.3,0.025,13.0,
113,12,30,8.0,5.07,2.36,0.1,56000,28000,0.028,16101-2Z,-,12,17,-,-,24.8,0.3,14.4,16.6,27.6,0.3,0.025,13.0,
114,12,30,8.0,5.07,2.36,0.1,60000,38000,0.026,16101,-,12,17,-,-,24.8,0.3,14.4,-,27.6,0.3,0.025,13.0,
115,12,32,10.0,7.28,3.1,0.132,50000,32000,0.037,6201,-,12,18.4,-,-,27.4,0.6,16.2,-,27.8,0.6,0.025,12.0,
116,12,32,10.0,7.28,3.1,0.132,-,15000,0.038,6201-2RSH,6201-RSH,12,-,16.2,-,27.4,0.6,16.2,16.5,27.8,0.6,0.025,12.0,
117,12,32,10.0,7.28,3.1,0.132,50000,26000,0.038,6201-2RSL,6201-RSL,12,-,16.2,-,27.4,0.6,16.2,16.5,27.8,0.6,0.025,12.0,
118,12,32,10.0,7.28,3.1,0.132,50000,26000,0.039,6201-2Z,6201-Z,12,18.4,-,-,27.4,0.6,16.2,18.4,27.8,0.6,0.025,12.0,
119,12,32,14.0,6.89,3.1,0.132,-,15000,0.045,62201-2RS1,-,12,18.5,-,-,27.4,0.6,16.2,18.4,27.8,0.6,0.025,12.0,
120,12,37,12.0,10.1,4.15,0.176,45000,28000,0.06,6301,-,12,19.5,-,-,31.5,1.0,17.6,-,31.4,1.0,0.03,11.0,
121,12,37,12.0,10.1,4.15,0.176,-,14000,0.062,6301-2RSH,6301-RSH,12,-,17.5,-,31.5,1.0,17.6,17.8,31.4,1.0,0.03,11.0,
122,12,37,12.0,10.1,4.15,0.176,45000,22000,0.06,6301-2RSL,6301-RSL,12,-,17.5,-,31.5,1.0,17.6,17.6,31.4,1.0,0.03,11.0,
123,12,37,12.0,10.1,4.15,0.176,45000,22000,0.063,6301-2Z,6301-Z,12,19.5,-,-,31.5,1.0,17.6,19.4,31.4,1.0,0.03,11.0,
124,12,37,17.0,9.75,4.15,0.176,-,14000,0.07,62301-2RS1,-,12,19.5,-,-,31.5,1.0,17.6,19.4,31.4,1.0,0.03,11.0,
125,15,24,5.0,1.9,1.1,0.048,-,17000,0.0074,61802-2RS1,-,15,17.8,-,-,22.2,0.3,17.0,17.8,22.0,0.3,0.015,14.0,
126,15,24,5.0,1.9,1.1,0.048,60000,30000,0.0074,61802-2Z,-,15,17.8,-,-,22.2,0.3,17.0,17.8,22.0,0.3,0.015,14.0,
127,15,24,5.0,1.9,1.1,0.048,60000,38000,0.0065,61802,-,15,17.8,-,21.3,-,0.3,17.0,-,22.0,0.3,0.015,14.0,
128,15,28,7.0,4.36,2.24,0.095,-,16000,0.016,61902-2RS1,-,15,18.8,-,-,25.3,0.3,17.0,18.3,26.0,0.3,0.02,14.0,
129,15,28,7.0,4.36,2.24,0.095,56000,28000,0.016,61902-2RZ,-,15,18.8,-,-,25.3,0.3,17.0,18.3,26.0,0.3,0.02,14.0,
130,15,28,7.0,4.36,2.24,0.095,56000,28000,0.016,61902-2Z,-,15,18.8,-,-,25.3,0.3,17.0,18.3,26.0,0.3,0.02,14.0,
131,15,28,7.0,4.36,2.24,0.095,56000,34000,0.016,61902,-,15,18.8,-,-,25.3,0.3,17.0,-,26.0,0.3,0.02,14.0,
132,15,32,8.0,5.85,2.85,0.12,50000,32000,0.027,16002,-,15,20.5,-,-,28.2,0.3,17.0,-,30.0,0.3,0.02,14.0,
133,15,32,8.0,5.85,2.85,0.12,50000,26000,0.025,16002-2Z,16002-Z,15,20.5,-,-,28.2,0.3,17.0,20.1,30.0,0.3,0.02,14.0,
134,15,32,9.0,5.85,2.85,0.12,50000,32000,0.03,6002,-,15,20.5,-,-,28.2,0.3,17.0,-,30.0,0.3,0.025,14.0,
135,15,32,9.0,5.85,2.85,0.12,-,14000,0.03,6002-2RSH,6002-RSH,15,-,18.3,-,28.2,0.3,17.0,18.5,30.0,0.3,0.025,14.0,
136,15,32,9.0,5.85,2.85,0.12,50000,26000,0.03,6002-2RSL,6002-RSL,15,-,18.3,-,28.2,0.3,17.0,18.5,30.0,0.3,0.025,14.0,
137,15,32,9.0,5.85,2.85,0.12,50000,26000,0.032,6002-2Z,6002-Z,15,20.5,-,-,28.2,0.3,17.0,20.4,30.0,0.3,0.025,14.0,
138,15,32,13.0,5.59,2.85,0.12,-,14000,0.039,63002-2RS1,-,15,20.5,-,-,28.2,0.3,17.0,20.4,30.0,0.3,0.025,14.0,
139,15,35,11.0,8.06,3.75,0.16,43000,28000,0.045,6202,-,15,21.7,-,-,30.5,0.6,19.2,-,30.8,0.6,0.025,13.0,
140,15,35,11.0,8.06,3.75,0.16,-,13000,0.046,6202-2RSH,6202-RSH,15,-,18.6,-,30.5,0.6,19.2,19.4,31.3,0.6,0.025,13.0,
141,15,35,11.0,8.06,3.75,0.16,43000,22000,0.046,6202-2RSL,6202-RSL,15,-,18.6,-,30.5,0.6,19.2,19.4,30.8,0.6,0.025,13.0,
142,15,35,11.0,8.06,3.75,0.16,43000,22000,0.048,6202-2Z,6202-Z,15,21.7,-,-,30.5,0.6,19.2,21.6,30.8,0.6,0.025,13.0,
143,15,35,14.0,7.8,3.75,0.16,-,13000,0.054,62202-2RS1,-,15,21.7,-,-,30.4,0.6,19.2,21.6,30.8,0.6,0.025,13.0,
144,15,42,13.0,11.9,5.4,0.228,38000,24000,0.082,6302,-,15,23.7,-,-,36.3,1.0,20.6,-,36.4,1.0,0.03,12.0,
145,15,42,13.0,11.9,5.4,0.228,-,12000,0.085,6302-2RSH,6302-RSH,15,-,20.6,-,36.3,1.0,20.6,21,36.4,1.0,0.03,12.0,
146,15,42,13.0,11.9,5.4,0.228,38000,19000,0.085,6302-2RSL,6302-RSL,15,-,20.6,-,36.3,1.0,20.6,21,36.4,1.0,0.03,12.0,
147,15,42,13.0,11.9,5.4,0.228,38000,19000,0.086,6302-2Z,6302-Z,15,23.7,-,-,36.3,1.0,20.6,23.6,36.4,1.0,0.03,12.0,
148,15,42,17.0,11.4,5.4,0.228,-,12000,0.11,62302-2RS1,-,15,23.7,-,-,36.3,1.0,20.6,23.6,36.4,1.0,0.03,12.0,
149,15,52,7.0,4.49,3.75,0.16,-,7500,0.034,61808-2RS1,-,15,-,42.1,-,49.3,0.3,42.0,42,50.0,0.3,0.015,15.0,
150,17,26,5.0,2.03,1.27,0.054,-,16000,0.0082,61803-2RS1,-,17,19.8,-,-,24.2,0.3,18.0,18.6,24.0,0.3,0.015,14.0,
151,17,26,5.0,2.03,1.27,0.054,56000,28000,0.0082,61803-2RZ,-,17,19.8,-,-,24.2,0.3,19.0,19.6,24.0,0.3,0.015,14.0,
152,17,26,5.0,2.03,1.27,0.054,56000,28000,0.0082,61803-2Z,-,17,19.8,-,-,24.2,0.3,19.0,19.6,24.0,0.3,0.015,14.0,
153,17,26,5.0,2.03,1.27,0.054,56000,34000,0.0075,61803,-,17,19.8,-,23.3,-,0.3,19.0,-,24.0,0.3,0.015,14.0,
154,17,30,7.0,4.62,2.55,0.108,-,14000,0.017,61903-2RS1,-,17,-,19.4,-,27.7,0.3,19.0,19.3,28.0,0.3,0.02,15.0,
155,17,30,7.0,4.62,2.55,0.108,50000,26000,0.017,61903-2Z,-,17,20.4,-,-,27.7,0.3,19.0,20.3,28.0,0.3,0.02,15.0,
156,17,30,7.0,4.62,2.55,0.108,50000,26000,0.018,61903-2RZ,-,17,20.4,-,-,27.7,0.3,19.0,20.3,28.0,0.3,0.02,15.0,
157,17,30,7.0,4.62,2.55,0.108,50000,32000,0.016,61903,-,17,20.4,-,-,27.7,0.3,19.0,-,28.0,0.3,0.02,15.0,
158,17,35,8.0,6.37,3.25,0.137,45000,22000,0.032,16003-2Z,-,17,23,-,-,31.2,0.3,19.0,22.6,33.0,0.3,0.02,14.0,
159,17,35,8.0,6.37,3.25,0.137,45000,28000,0.031,16003,-,17,23,-,-,31.2,0.3,19.0,-,33.0,0.3,0.02,14.0,
160,17,35,10.0,6.37,3.25,0.137,45000,28000,0.038,6003,-,17,23,-,-,31.2,0.3,19.0,-,33.0,0.3,0.025,14.0,
161,17,35,10.0,6.37,3.25,0.137,-,13000,0.039,6003-2RSH,6003-RSH,17,-,20.4,-,31.2,0.3,19.0,20.5,33.0,0.3,0.025,14.0,
162,17,35,10.0,6.37,3.25,0.137,45000,22000,0.039,6003-2RSL,6003-RSL,17,-,20.4,-,31.2,0.3,19.0,20.5,33.0,0.3,0.025,14.0,
163,17,35,10.0,6.37,3.25,0.137,45000,22000,0.041,6003-2Z,6003-Z,17,23,-,-,31.2,0.3,19.0,22.9,33.0,0.3,0.025,14.0,
164,17,35,14.0,6.05,3.25,0.137,-,13000,0.052,63003-2RS1,-,17,23,-,-,31.2,0.3,19.0,22.9,33.0,0.3,0.025,14.0,
165,17,40,12.0,9.95,4.75,0.2,38000,24000,0.065,6203,-,17,24.5,-,-,35,0.6,21.2,-,35.8,0.6,0.025,13.0,
166,17,40,12.0,9.95,4.75,0.2,-,12000,0.067,6203-2RSH,6203-RSH,17,-,21.7,-,35,0.6,21.2,22,35.8,0.6,0.025,13.0,
167,17,40,12.0,9.95,4.75,0.2,38000,19000,0.067,6203-2RSL,6203-RSL,17,-,21.7,-,35,0.6,21.2,22,35.8,0.6,0.025,13.0,
168,17,40,12.0,9.95,4.75,0.2,38000,19000,0.068,6203-2Z,6203-Z,17,24.5,-,-,35,0.6,21.2,24.4,35.8,0.6,0.025,13.0,
169,17,40,12.0,11.4,5.4,0.228,38000,24000,0.064,6203 ETN9,-,17,24.5,-,32.7,-,0.6,21.2,-,35.8,0.6,0.03,12.0,
170,17,40,16.0,9.56,4.75,0.2,-,12000,0.089,62203-2RS1,-,17,-,21.5,-,35,0.6,21.2,24.4,35.8,0.6,0.025,13.0,
171,17,47,14.0,14.3,6.55,0.275,34000,22000,0.11,6303,-,17,26.5,-,-,39.6,1.0,22.6,-,41.4,1.0,0.03,12.0,
172,17,47,14.0,14.3,6.55,0.275,-,11000,0.12,6303-2RSH,6303-RSH,17,-,23.4,-,39.6,1.0,22.6,23.5,41.4,1.0,0.03,12.0,
173,17,47,14.0,14.3,6.55,0.275,34000,17000,0.12,6303-2RSL,6303-RSL,17,-,23.4,-,39.6,1.0,22.6,23.5,41.4,1.0,0.03,12.0,
174,17,47,14.0,14.3,6.55,0.275,34000,17000,0.12,6303-2Z,6303-Z,17,26.5,-,-,39.6,1.0,22.6,26.4,41.4,1.0,0.03,12.0,
175,17,47,19.0,13.5,6.55,0.275,-,11000,0.16,62303-2RS1,-,17,26.5,-,-,39.6,1.0,22.6,26.4,41.4,1.0,0.03,12.0,
176,17,62,17.0,22.9,10.8,0.455,28000,18000,0.27,6403,-,17,32.4,-,-,48.7,1.1,23.5,-,55.0,1.0,0.035,11.0,
177,20,32,7.0,4.03,2.32,0.104,-,13000,0.018,61804-2RS1,-,20,23.8,-,-,29.4,0.6,22.0,23.6,30.0,0.3,0.015,15.0,
178,20,32,7.0,4.03,2.32,0.104,45000,22000,0.018,61804-2RZ,-,20,23.8,-,-,29.4,0.6,22.0,23.6,30.0,0.3,0.015,15.0,
179,20,32,7.0,4.03,2.32,0.104,45000,28000,0.018,61804,-,20,23.8,-,28.3,-,0.3,22.0,-,30.0,0.3,0.015,15.0,
180,20,37,9.0,6.37,3.65,0.156,-,12000,0.038,61904-2RS1,-,20,25.5,-,-,32.7,0.3,22.0,23,35.0,0.3,0.02,15.0,
181,20,37,9.0,6.37,3.65,0.156,43000,20000,0.038,61904-2RZ,-,20,25.5,-,-,32.7,0.3,22.0,25.5,35.0,0.3,0.02,15.0,
182,20,37,9.0,6.37,3.65,0.156,43000,26000,0.037,61904,-,20,25.5,-,-,32.7,0.3,22.0,-,35.0,0.3,0.02,15.0,
183,20,42,8.0,7.28,4.05,0.173,38000,24000,0.051,16004,-,20,27.2,-,-,37.2,0.3,22.0,-,40.0,0.3,0.02,15.0,
184,20,42,12.0,9.95,5.0,0.212,38000,24000,0.067,6004,-,20,27.2,-,-,37.2,0.6,23.2,-,38.8,0.6,0.025,14.0,
185,20,42,12.0,9.95,5.0,0.212,-,11000,0.067,6004-2RSH,6004-RSH,20,-,24.6,-,37.2,0.6,23.2,24.5,38.8,0.6,0.025,14.0,
186,20,42,12.0,9.95,5.0,0.212,38000,19000,0.069,6004-2RSL,6004-RSL,20,-,24.6,-,37.2,0.6,23.2,24.5,38.8,0.6,0.025,14.0,
187,20,42,12.0,9.95,5.0,0.212,38000,19000,0.071,6004-2Z,6004-Z,20,27.2,-,-,37.2,0.6,23.2,27.1,38.8,0.6,0.025,14.0,
188,20,42,16.0,9.36,5.0,0.212,-,11000,0.086,63004-2RS1,-,20,27.2,-,-,37.2,0.6,23.2,27.1,38.8,0.6,0.025,14.0,
189,20,47,14.0,13.5,6.55,0.28,32000,20000,0.11,6204,-,20,28.8,-,-,40.6,1.0,25.6,-,41.4,1.0,0.025,13.0,
190,20,47,14.0,13.5,6.55,0.28,-,10000,0.11,6204-2RSH,6204-RSH,20,-,26,-,40.6,1.0,25.6,26,41.4,1.0,0.025,13.0,
191,20,47,14.0,13.5,6.55,0.28,32000,17000,0.11,6204-2RSL,6204-RSL,20,-,26,-,40.6,1.0,25.6,26,41.4,1.0,0.025,13.0,
192,20,47,14.0,13.5,6.55,0.28,32000,17000,0.11,6204-2Z,6204-Z,20,28.8,-,-,40.6,1.0,25.6,28.7,41.4,1.0,0.025,13.0,
193,20,47,14.0,15.6,7.65,0.325,32000,20000,0.098,6204 ETN9,-,20,28.2,-,39.6,-,1.0,25.6,-,41.4,1.0,0.025,12.0,
194,20,47,18.0,12.7,6.55,0.28,-,10000,0.13,62204-2RS1,-,20,28.8,-,-,40.6,1.0,25.6,28.7,41.4,1.0,0.025,13.0,
195,20,52,15.0,15.9,7.8,0.335,30000,15000,0.15,6304-2RSL,6304-RSL,20,-,26.9,-,44.8,1.1,27.0,27,45.0,1.0,0.03,12.0,
196,20,52,15.0,16.8,7.8,0.335,30000,19000,0.14,6304,-,20,30.3,-,-,44.8,1.1,27.0,-,45.0,1.0,0.03,12.0,
197,20,52,15.0,16.8,7.8,0.335,-,9500,0.15,6304-2RSH,6304-RSH,20,-,26.9,-,44.8,1.1,27.0,27.3,45.0,1.0,0.03,12.0,
198,20,52,15.0,16.8,7.8,0.335,30000,15000,0.15,6304-2Z,6304-Z,20,30.3,-,-,44.8,1.1,27.0,30.3,45.0,1.0,0.03,12.0,
199,20,52,15.0,18.2,9.0,0.38,30000,19000,0.14,6304 ETN9,-,20,30.3,-,42.6,-,1.1,27.0,-,45.0,1.0,0.03,12.0,
200,20,52,21.0,15.9,7.8,0.335,-,9500,0.21,62304-2RS1,-,20,30.3,-,-,44.8,1.1,27.0,30.3,45.0,1.0,0.03,12.0,
201,20,72,19.0,30.7,15.0,0.64,24000,15000,0.41,6404,-,20,37.1,-,54.8,-,1.1,29.0,-,63.0,1.0,0.035,11.0,
202,22,50,14.0,14.0,7.65,0.325,-,9000,0.12,62/22-2RS1,-,22,32.2,-,-,44,1.0,27.6,32,44.4,1.0,0.025,14.0,
203,22,50,14.0,14.0,7.65,0.325,30000,19000,0.12,62/22,-,22,32.2,-,-,44,1.0,27.6,-,44.4,1.0,0.025,14.0,
204,22,56,16.0,18.6,9.3,0.39,28000,18000,0.18,63/22,-,22,32.9,-,45.3,-,1.1,29.0,-,47.0,1.0,0.03,12.0,
205,25,37,7.0,4.36,2.6,0.125,-,11000,0.022,61805-2RS1,-,25,-,27.4,-,34.2,0.6,27.0,27.3,35.0,0.3,0.015,14.0,
206,25,37,7.0,4.36,2.6,0.125,38000,19000,0.022,61805-2RZ,-,25,28.5,-,-,34.2,0.3,27.0,28.4,35.0,0.3,0.015,14.0,
207,25,37,7.0,4.36,2.6,0.125,38000,24000,0.022,61805,-,25,28.5,-,33.2,-,0.6,27.0,-,35.0,0.3,0.015,14.0,
208,25,42,9.0,7.02,4.3,0.193,-,10000,0.045,61905-2RS1,-,25,30.2,-,-,37.7,0.6,27.0,29,40.0,0.3,0.02,15.0,
209,25,42,9.0,7.02,4.3,0.193,36000,18000,0.045,61905-2RZ,-,25,30.2,-,-,37.7,0.6,27.0,29,40.0,0.3,0.02,15.0,
210,25,42,9.0,7.02,4.3,0.193,36000,22000,0.045,61905,-,25,30.2,-,-,37.7,0.6,27.0,-,40.0,0.3,0.02,15.0,
211,25,47,8.0,8.06,4.75,0.212,32000,20000,0.055,16005,-,25,33.3,-,-,42.4,0.3,27.0,-,45.0,0.3,0.02,15.0,
212,25,47,12.0,11.9,6.55,0.275,32000,20000,0.078,6005,-,25,32,-,-,42.2,0.6,28.2,-,43.8,0.6,0.025,14.0,
213,25,47,12.0,11.9,6.55,0.275,-,9500,0.081,6005-2RSH,6005-RSH,25,-,29.4,-,42.2,0.6,28.2,29.5,43.8,0.6,0.025,14.0,
214,25,47,12.0,11.9,6.55,0.275,32000,16000,0.08,6005-2RSL,6005-RSL,25,-,29.4,-,42.2,0.6,28.2,29.5,43.8,0.6,0.025,14.0,
215,25,47,12.0,11.9,6.55,0.275,32000,16000,0.083,6005-2Z,6005-Z,25,32,-,-,42.2,0.6,28.2,31.9,43.8,0.6,0.025,14.0,
216,25,47,16.0,11.2,6.55,0.275,-,9500,0.11,63005-2RS1,-,25,32,-,-,42.2,0.6,29.2,31.9,43.8,0.6,0.025,14.0,
217,25,52,15.0,14.8,7.8,0.335,28000,18000,0.13,6205,-,25,34.3,-,-,46.3,1.0,30.6,-,46.4,1.0,0.025,14.0,
218,25,52,15.0,14.8,7.8,0.335,-,8500,0.13,6205-2RSH,6205-RSH,25,-,31.3,-,46.3,1.0,30.6,31.5,46.4,1.0,0.025,14.0,
219,25,52,15.0,14.8,7.8,0.335,28000,14000,0.13,6205-2RSL,6205-RSL,25,-,31.3,-,46.3,1.0,30.6,31.5,46.4,1.0,0.025,14.0,
220,25,52,15.0,14.8,7.8,0.335,28000,14000,0.13,6205-2Z,6205-Z,25,34.3,-,-,46.3,1.0,30.6,34.3,46.4,1.0,0.025,14.0,
221,25,52,15.0,17.8,9.3,0.4,28000,18000,0.12,6205 ETN9,-,25,33.1,-,-,46.3,1.0,30.6,-,46.4,1.0,0.025,13.0,
222,25,52,18.0,14.0,7.8,0.335,-,8500,0.13,62205-2RS1,-,25,34.3,-,-,46.3,1.0,30.6,34.3,46.4,1.0,0.025,14.0,
223,25,62,17.0,23.4,11.6,0.49,24000,16000,0.23,6305,-,25,36.6,-,-,52.7,1.1,32.0,-,55.0,1.0,0.03,12.0,
224,25,62,17.0,23.4,11.6,0.49,-,7500,0.24,6305-2RSH,6305-RSH,25,-,33,-,52.7,1.1,32.0,33,55.0,1.0,0.03,12.0,
225,25,62,17.0,23.4,11.6,0.49,24000,13000,0.23,6305-2RZ,6305-RZ,25,36.6,-,-,52.7,1.1,32.0,36.5,55.0,1.0,0.03,12.0,
226,25,62,17.0,23.4,11.6,0.49,24000,13000,0.23,6305-2Z,6305-Z,25,36.6,-,-,52.7,1.1,32.0,36.5,55.0,1.0,0.03,12.0,
227,25,62,17.0,26.0,13.4,0.57,24000,16000,0.22,6305 ETN9,-,25,36.3,-,51.7,-,1.1,32.0,-,55.0,1.0,0.03,12.0,
228,25,62,24.0,22.5,11.6,0.49,-,7500,0.32,62305-2RS1,-,25,36.6,-,-,52.7,1.1,32.0,36.5,55.0,1.0,0.03,12.0,
229,25,80,21.0,35.8,19.3,0.815,20000,13000,0.54,6405,-,25,45.4,-,62.9,-,1.5,34.0,-,71.0,1.5,0.035,12.0,
230,28,58,16.0,16.8,9.5,0.405,26000,16000,0.17,62/28,-,28,37,-,-,51.5,1.0,33.6,-,52.0,1.0,0.025,14.0,
231,28,68,18.0,25.1,13.7,0.585,22000,14000,0.3,63/28,-,28,41.7,-,-,57.8,1.1,35.0,-,61.0,1.0,0.03,13.0,
232,30,42,7.0,4.49,2.9,0.146,-,9500,0.025,61806-2RS1,-,30,-,32.6,-,39.4,0.6,32.0,32.5,40.0,0.3,0.015,14.0,
233,30,42,7.0,4.49,2.9,0.146,32000,16000,0.025,61806-2RZ,-,30,33.7,-,-,39.4,0.6,32.0,33.6,40.0,0.3,0.015,14.0,
234,30,42,7.0,4.49,2.9,0.146,32000,20000,0.025,61806,-,30,33.7,-,38.4,-,0.3,32.0,-,40.0,0.3,0.015,14.0,
235,30,47,9.0,7.28,4.55,0.212,-,8500,0.051,61906-2RS1,-,30,-,34.2,-,42.7,0.3,32.0,34,45.0,0.3,0.02,14.0,
236,30,47,9.0,7.28,4.55,0.212,30000,15000,0.051,61906-2RZ,-,30,35.2,-,-,42.7,0.3,32.0,35.1,45.0,0.3,0.02,14.0,
237,30,47,9.0,7.28,4.55,0.212,30000,19000,0.049,61906,-,30,35.2,-,-,42.7,0.3,32.0,-,45.0,0.3,0.02,14.0,
238,30,55,9.0,11.9,7.35,0.31,28000,17000,0.089,16006,-,30,37.7,-,47.3,-,0.3,32.0,-,53.0,0.3,0.02,15.0,
239,30,55,13.0,13.8,8.3,0.355,28000,17000,0.12,6006,-,30,38.2,-,-,49,1.0,34.6,-,50.0,1.0,0.025,15.0,
240,30,55,13.0,13.8,8.3,0.355,-,8000,0.12,6006-2RS1,6006-RS1,30,38.2,-,-,49,1.0,34.6,38.1,50.0,1.0,0.025,15.0,
241,30,55,13.0,13.8,8.3,0.355,28000,14000,0.12,6006-2RZ,6006-RZ,30,38.2,-,-,49,1.0,34.6,38.1,50.0,1.0,0.025,15.0,
242,30,55,13.0,13.8,8.3,0.355,28000,14000,0.12,6006-2Z,6006-Z,30,38.2,-,-,49,1.0,34.6,38.1,50.0,1.0,0.025,15.0,
243,30,55,19.0,13.3,8.3,0.355,-,8000,0.17,63006-2RS1,-,30,38.2,-,-,49,1.0,34.6,38.1,50.0,1.0,0.025,15.0,
244,30,62,16.0,20.3,11.2,0.475,24000,15000,0.2,6206,-,30,40.3,-,-,54.1,1.0,35.6,-,56.0,1.0,0.025,14.0,
245,30,62,16.0,20.3,11.2,0.475,-,7500,0.21,6206-2RSH,6206-RSH,30,-,37.3,-,54.1,1.0,35.6,37.3,56.0,1.0,0.025,14.0,
246,30,62,16.0,20.3,11.2,0.475,24000,12000,0.2,6206-2RZ,6206-RZ,30,40.3,-,-,54.1,1.0,35.6,40.3,56.0,1.0,0.025,14.0,
247,30,62,16.0,20.3,11.2,0.475,24000,12000,0.21,6206-2Z,6206-Z,30,40.3,-,-,54.1,1.0,35.6,40.3,56.0,1.0,0.025,14.0,
248,30,62,16.0,23.4,12.9,0.54,24000,15000,0.18,6206 ETN9,-,30,39.5,-,52.9,-,1.0,35.6,-,56.0,1.0,0.025,13.0,
249,30,62,20.0,19.5,11.2,0.475,-,7500,0.25,62206-2RS1,-,30,40.3,-,-,54.1,1.0,35.6,40.3,56.0,1.0,0.025,14.0,
250,30,72,19.0,29.6,16.0,0.67,20000,13000,0.35,6306,-,30,44.6,-,-,61.9,1.1,37.0,-,65.0,1.0,0.03,13.0,
251,30,72,19.0,29.6,16.0,0.67,-,6300,0.35,6306-2RSH,6306-RSH,30,-,41.1,-,63.2,1.1,37.0,40.8,65.0,1.0,0.03,13.0,
252,30,72,19.0,29.6,16.0,0.67,20000,11000,0.36,6306-2RZ,6306-RZ,30,44.6,-,-,61.9,1.1,37.0,44.5,65.0,1.0,0.03,13.0,
253,30,72,19.0,29.6,16.0,0.67,20000,11000,0.36,6306-2Z,6306-Z,30,44.6,-,-,61.9,1.1,37.0,44.5,65.0,1.0,0.03,13.0,
254,30,72,19.0,32.5,17.3,0.735,22000,14000,0.33,6306 ETN9,-,30,42.3,-,59.6,-,1.1,37.0,-,65.0,1.0,0.03,12.0,
255,30,72,27.0,28.1,16.0,0.67,-,6300,0.5,62306-2RS1,-,30,44.6,-,-,61.9,1.1,37.0,44.5,65.0,1.0,0.03,13.0,
256,30,90,23.0,43.6,23.6,1.0,18000,11000,0.75,6406,-,30,50.3,-,69.7,-,1.5,41.0,-,79.0,1.5,0.035,12.0,
257,35,47,7.0,4.36,3.35,0.14,-,8500,0.022,61807-2RS1,-,35,38.2,-,-,44.4,0.3,37.0,38,45.0,0.3,0.015,14.0,
258,35,47,7.0,4.36,3.35,0.14,30000,15000,0.03,61807-2RZ,-,35,38.2,-,-,44.4,0.3,37.0,38,45.0,0.3,0.015,14.0,
259,35,47,7.0,4.36,3.35,0.14,30000,18000,0.029,61807,-,35,38.2,-,42.8,-,0.3,37.0,-,45.0,0.3,0.015,14.0,
260,35,55,10.0,10.8,7.8,0.325,-,7500,0.08,61907-2RS1,-,35,42.2,-,-,52.2,0.6,38.2,41.5,51.0,0.6,0.02,16.0,
261,35,55,10.0,10.8,7.8,0.325,26000,13000,0.08,61907-2RZ,-,35,42.2,-,-,52.2,0.6,38.2,41.5,51.0,0.6,0.02,16.0,
262,35,55,10.0,10.8,7.8,0.325,26000,16000,0.08,61907,-,35,42.2,-,-,52.2,0.6,38.2,-,51.0,0.6,0.02,16.0,
263,35,62,9.0,13.0,8.15,0.375,24000,15000,0.11,16007,-,35,44,-,53,-,0.3,37.0,-,60.0,0.3,0.02,14.0,
264,35,62,14.0,16.8,10.2,0.44,24000,15000,0.15,6007,-,35,43.7,-,-,55.7,1.0,39.6,-,57.0,1.0,0.025,15.0,
265,35,62,14.0,16.8,10.2,0.44,-,7000,0.16,6007-2RS1,6007-RS1,35,43.7,-,-,55.7,1.0,39.6,43.7,57.0,1.0,0.025,15.0,
266,35,62,14.0,16.8,10.2,0.44,24000,12000,0.16,6007-2RZ,6007-RZ,35,43.7,-,-,55.7,1.0,39.6,43.7,57.0,1.0,0.025,15.0,
267,35,62,14.0,16.8,10.2,0.44,24000,12000,0.16,6007-2Z,6007-Z,35,43.7,-,-,55.7,1.0,39.6,43.7,57.0,1.0,0.025,15.0,
268,35,62,20.0,15.9,10.2,0.44,-,7000,0.22,63007-2RS1,-,35,43.7,-,-,55.7,1.0,39.6,43.7,57.0,1.0,0.025,15.0,
269,35,72,17.0,27.0,15.3,0.655,20000,13000,0.29,6207,-,35,46.9,-,-,62.7,1.1,42.0,-,65.0,1.0,0.025,14.0,
270,35,72,17.0,27.0,15.3,0.655,-,6300,0.3,6207-2RSH,6207-RSH,35,-,43.5,-,64.1,1.1,42.0,43.2,65.0,1.0,0.025,14.0,
271,35,72,17.0,27.0,15.3,0.655,20000,10000,0.3,6207-2Z,6207-Z,35,46.9,-,-,62.7,1.1,42.0,46.8,65.0,1.0,0.025,14.0,
272,35,72,17.0,31.2,17.6,0.75,20000,13000,0.26,6207 ETN9,-,35,46.1,-,61.7,-,1.1,42.0,-,65.0,1.0,0.025,13.0,
273,35,72,23.0,25.5,15.3,0.655,-,6300,0.4,62207-2RS1,-,35,46.9,-,-,62.7,1.1,42.0,46.8,65.0,1.0,0.025,14.0,
274,35,80,21.0,35.1,19.0,0.815,19000,12000,0.46,6307,-,35,49.5,-,-,69.2,1.5,44.0,-,71.0,1.5,0.03,13.0,
275,35,80,21.0,35.1,19.0,0.815,19000,17000,0.54,6307 M,-,35,49.5,-,-,69.2,1.5,44.0,-,71.0,1.5,0.03,13.0,
276,35,80,21.0,35.1,19.0,0.815,-,6000,0.46,6307-2RSH,6307-RSH,35,-,45.9,-,70.2,1.5,44.0,45.6,71.0,1.5,0.03,13.0,
277,35,80,21.0,35.1,19.0,0.815,19000,9500,0.48,6307-2Z,6307-Z,35,49.5,-,-,69.2,1.5,44.0,49.5,71.0,1.5,0.03,13.0,
278,35,80,31.0,33.2,19.0,0.815,-,6000,0.68,62307-2RS1,-,35,49.5,-,-,69.2,1.5,44.0,49.5,71.0,1.5,0.03,13.0,
279,35,100,25.0,55.3,31.0,1.29,16000,10000,0.97,6407,-,35,57.4,-,79.6,-,1.5,46.0,-,89.0,1.5,0.035,12.0,
280,40,52,7.0,4.49,3.75,0.16,26000,13000,0.034,61808-2RZ,-,40,43.2,-,-,49.3,0.3,42.0,43,50.0,0.3,0.015,15.0,
281,40,52,7.0,4.49,3.75,0.16,26000,16000,0.032,61808,-,40,43.2,-,48.1,-,0.3,42.0,-,50.0,0.3,0.015,15.0,
282,40,62,12.0,13.8,10.0,0.425,-,6700,0.12,61908-2RS1,-,40,46.9,-,-,57.3,0.6,43.2,46.8,58.0,0.6,0.02,16.0,
283,40,62,12.0,13.8,10.0,0.425,24000,12000,0.12,61908-2RZ,-,40,46.9,-,-,57.3,0.6,43.2,46.8,58.0,0.6,0.02,16.0,
284,40,62,12.0,13.8,10.0,0.425,24000,14000,0.12,61908,-,40,46.9,-,55.6,-,0.6,43.2,-,58.0,0.6,0.02,16.0,
285,40,68,9.0,13.8,10.2,0.44,22000,14000,0.13,16008,-,40,49.4,-,58.6,-,0.3,42.0,-,66.0,0.3,0.02,16.0,
286,40,68,15.0,17.8,11.0,0.49,22000,14000,0.19,6008,-,40,49.2,-,-,61.1,1.0,44.6,-,63.0,1.0,0.025,15.0,
287,40,68,15.0,17.8,11.0,0.49,-,6300,0.2,6008-2RS1,6008-RS1,40,49.2,-,-,61.1,1.0,44.6,49.2,63.0,1.0,0.025,15.0,
288,40,68,15.0,17.8,11.0,0.49,22000,11000,0.2,6008-2RZ,6008-RZ,40,49.2,-,-,61.1,1.0,44.6,49.2,63.0,1.0,0.025,15.0,
289,40,68,15.0,17.8,11.0,0.49,22000,11000,0.2,6008-2Z,6008-Z,40,49.2,-,-,61.1,1.0,44.6,49.2,63.0,1.0,0.025,15.0,
290,40,68,21.0,16.8,11.0,0.49,-,6300,0.27,63008-2RS1,-,40,49.2,-,-,61.1,1.0,44.6,49.2,63.0,1.0,0.025,15.0,
291,40,80,18.0,32.5,19.0,0.8,18000,11000,0.37,6208,-,40,52.6,-,-,69.8,1.1,47.0,-,73.0,1.0,0.025,14.0,
292,40,80,18.0,32.5,19.0,0.8,-,5600,0.37,6208-2RSH,6208-RSH,40,-,49.1,-,71.5,1.1,47.0,48.8,73.0,1.0,0.025,14.0,
293,40,80,18.0,32.5,19.0,0.8,18000,9000,0.38,6208-2RZ,6208-RZ,40,52.6,-,-,69.8,1.1,47.0,52,73.0,1.0,0.025,14.0,
294,40,80,18.0,32.5,19.0,0.8,18000,9000,0.38,6208-2Z,6208-Z,40,52.6,-,-,69.8,1.1,47.0,52,73.0,1.0,0.025,14.0,
295,40,80,18.0,35.8,20.8,0.88,18000,11000,0.34,6208 ETN9,-,40,52,-,68.8,-,1.1,47.0,-,73.0,1.0,0.025,13.0,
296,40,80,23.0,30.7,19.0,0.8,-,5600,0.47,62208-2RS1,-,40,52.6,-,-,69.8,1.1,47.0,52,73.0,1.0,0.025,14.0,
297,40,90,23.0,42.3,24.0,1.02,17000,11000,0.63,6308,-,40,56.1,-,-,77.7,1.5,49.0,-,81.0,1.5,0.03,13.0,
298,40,90,23.0,42.3,24.0,1.02,-,5000,0.64,6308-2RSH,6308-RSH,40,-,52.3,-,78.6,1.5,49.0,52,81.0,1.5,0.03,13.0,
299,40,90,23.0,42.3,24.0,1.02,17000,8500,0.65,6308-2RZ,6308-RZ,40,56.1,-,-,77.7,1.5,49.0,56,81.0,1.5,0.03,13.0,
300,40,90,23.0,42.3,24.0,1.02,17000,8500,0.65,6308-2Z,6308-Z,40,56.1,-,-,77.7,1.5,49.0,56,81.0,1.5,0.03,13.0,
301,40,90,33.0,41.0,24.0,1.02,-,5000,0.92,62308-2RS1,-,40,56.1,-,-,77.7,1.5,49.0,56,81.0,1.5,0.03,13.0,
302,40,110,27.0,63.7,36.5,1.53,14000,9000,1.25,6408,-,40,62.8,-,87,-,2.0,53.0,-,97.0,2.0,0.035,12.0,
303,45,58,7.0,6.63,6.1,0.26,-,6700,0.04,61809-2RS1,-,45,48.2,-,-,55.4,0.3,47.0,49,56.0,0.3,0.015,17.0,
304,45,58,7.0,6.63,6.1,0.26,22000,11000,0.04,61809-2RZ,-,45,48.2,-,-,55.4,0.3,47.0,49,56.0,0.3,0.015,17.0,
305,45,58,7.0,6.63,6.1,0.26,22000,14000,0.04,61809,-,45,48.2,-,54,-,0.3,47.0,-,56.0,0.3,0.015,17.0,
306,45,68,12.0,14.0,10.8,0.465,-,6000,0.14,61909-2RS1,-,45,52.4,-,-,62.8,0.6,48.2,52,64.0,0.6,0.02,16.0,
307,45,68,12.0,14.0,10.8,0.465,20000,10000,0.14,61909-2RZ,-,45,52.4,-,-,62.8,0.6,48.2,52,64.0,0.6,0.02,16.0,
308,45,68,12.0,14.0,10.8,0.465,20000,13000,0.14,61909,-,45,52.4,-,61.2,-,0.6,48.2,-,64.0,0.6,0.02,16.0,
309,45,75,10.0,16.5,10.8,0.52,20000,12000,0.17,16009,-,45,55,-,65,-,0.6,48.2,-,71.0,0.6,0.02,14.0,
310,45,75,16.0,22.1,14.6,0.64,20000,12000,0.24,6009,-,45,54.7,-,-,67.8,1.0,51.0,-,69.0,1.0,0.025,15.0,
311,45,75,16.0,22.1,14.6,0.64,-,5600,0.25,6009-2RS1,6009-RS1,45,54.7,-,-,67.8,1.0,51.0,54,69.0,1.0,0.025,15.0,
312,45,75,16.0,22.1,14.6,0.64,20000,10000,0.25,6009-2Z,6009-Z,45,54.7,-,-,67.8,1.0,51.0,54,69.0,1.0,0.025,15.0,
313,45,75,23.0,20.8,14.6,0.64,-,5600,0.36,63009-2RS1,-,45,54.7,-,-,67.8,1.0,51.0,54,69.0,1.0,0.025,15.0,
314,45,85,19.0,35.1,21.6,0.915,17000,11000,0.42,6209,-,45,57.6,-,-,75.2,1.1,52.0,-,78.0,1.0,0.025,14.0,
315,45,85,19.0,35.1,21.6,0.915,-,5000,0.42,6209-2RSH,6209-RSH,45,-,54.1,-,76.5,1.1,52.0,53,78.0,1.0,0.025,14.0,
316,45,85,19.0,35.1,21.6,0.92,17000,8500,0.43,6209-2Z,6209-Z,45,57.6,-,-,75.2,1.1,52.0,57,78.0,1.0,0.025,14.0,
317,45,85,23.0,33.2,21.6,0.915,-,5000,0.51,62209-2RS1,-,45,57.6,-,-,75.2,1.1,52.0,57,78.0,1.0,0.025,14.0,
318,45,100,25.0,55.3,31.5,1.34,15000,9500,0.84,6309,-,45,62.1,-,-,86.7,1.5,54.0,-,91.0,1.5,0.03,13.0,
319,45,100,25.0,55.3,31.5,1.34,15000,14000,0.85,6309 M,-,45,62.1,-,-,86.7,1.5,54.0,-,91.0,1.5,0.03,13.0,
320,45,100,25.0,55.3,31.5,1.34,-,4500,0.85,6309-2RSH,6309-RSH,45,-,58.2,-,87.5,1.5,54.0,57,91.0,1.5,0.03,13.0,
321,45,100,25.0,55.3,31.5,1.34,15000,7500,0.87,6309-2Z,6309-Z,45,62.1,-,-,86.7,1.5,54.0,62,91.0,1.5,0.03,13.0,
322,45,100,36.0,52.7,31.5,1.34,-,4500,1.2,62309-2RS1,-,45,62.1,-,-,86.7,1.5,54.0,62,91.0,1.5,0.03,13.0,
323,45,120,29.0,76.1,45.0,1.9,13000,8500,1.55,6409,-,45,68.9,-,95.9,-,2.0,58.0,-,107.0,2.0,0.035,12.0,
324,50,65,7.0,6.76,6.8,0.285,-,6000,0.052,61810-2RS1,-,50,54.6,-,-,61.8,0.3,52.0,55,63.0,0.3,0.015,17.0,
325,50,65,7.0,6.76,6.8,0.285,20000,10000,0.052,61810-2RZ,-,50,54.6,-,-,61.8,0.3,52.0,55,63.0,0.3,0.015,17.0,
326,50,65,7.0,6.76,6.8,0.285,20000,13000,0.052,61810,-,50,54.6,-,60.3,-,0.3,52.0,-,63.0,0.3,0.015,17.0,
327,50,72,12.0,14.6,11.8,0.5,-,5600,0.14,61910-2RS1,-,50,56.8,-,-,67.3,0.6,54.0,56,68.0,0.6,0.02,16.0,
328,50,72,12.0,14.6,11.8,0.5,19000,9500,0.14,61910-2RZ,-,50,56.8,-,-,67.3,0.6,54.0,56,68.0,0.6,0.02,16.0,
329,50,72,12.0,14.6,11.8,0.5,19000,12000,0.14,61910,-,50,56.8,-,65.6,-,0.6,54.0,-,68.0,0.6,0.02,16.0,
330,50,80,10.0,16.8,11.4,0.56,18000,11000,0.18,16010,-,50,60,-,70,-,0.6,54.0,-,76.0,0.6,0.02,14.0,
331,50,80,16.0,22.9,16.0,0.71,18000,11000,0.26,6010,-,50,59.7,-,-,72.8,1.0,55.0,-,75.0,1.0,0.025,15.0,
332,50,80,16.0,22.9,15.6,0.71,-,5000,0.27,6010-2RS1,6010-RS1,50,59.7,-,-,72.8,1.0,55.0,59,75.0,1.0,0.025,15.0,
333,50,80,16.0,22.9,15.6,0.71,18000,9000,0.27,6010-2RZ,6010-RZ,50,59.7,-,-,72.8,1.0,55.0,59,75.0,1.0,0.025,15.0,
334,50,80,16.0,22.9,15.6,0.71,18000,9000,0.27,6010-2Z,6010-Z,50,59.7,-,-,72.8,1.0,55.0,59,75.0,1.0,0.025,15.0,
335,50,80,23.0,21.6,15.6,0.71,-,5000,0.38,63010-2RS1,-,50,59.7,-,-,72.8,1.0,55.0,59,75.0,1.0,0.025,15.0,
336,50,90,20.0,37.1,23.2,0.98,15000,10000,0.46,6210,-,50,62.5,-,-,81.7,1.1,57.0,-,83.0,1.0,0.025,14.0,
337,50,90,20.0,37.1,23.2,0.98,15000,14000,0.52,6210 M,-,50,62.5,-,-,81.7,1.1,57.0,-,83.0,1.0,0.025,14.0,
338,50,90,20.0,37.1,23.2,0.98,-,4800,0.46,6210-2RSH,6210-RSH,50,-,58.8,-,82.2,1.1,57.0,58,83.0,1.0,0.025,14.0,
339,50,90,20.0,37.1,23.2,0.98,15000,8000,0.47,6210-2Z,6210-Z,50,62.5,-,-,81.7,1.1,57.0,62,83.0,1.0,0.025,14.0,
340,50,90,20.0,37.1,23.2,0.98,15000,8000,0.48,6210-2RZ,6210-RZ,50,62.5,-,-,81.7,1.1,57.0,62,83.0,1.0,0.025,14.0,
341,50,90,23.0,35.1,23.2,0.98,-,4800,0.54,62210-2RS1,-,50,62.5,-,-,81.7,1.1,57.0,62,83.0,1.0,0.025,14.0,
342,50,110,27.0,65.0,38.0,1.6,13000,8500,1.3,6310 M,-,50,68.7,-,-,95.2,2.0,61.0,-,99.0,2.0,0.03,13.0,
343,50,110,27.0,65.0,38.0,1.6,-,4300,1.1,6310-2RSH,6310-RSH,50,-,64.7,-,95.9,2.0,61.0,64,99.0,2.0,0.03,13.0,
344,50,110,27.0,65.0,38.0,1.6,13000,8500,1.1,6310,-,50,68.7,-,-,95.2,2.0,61.0,-,99.0,2.0,0.03,13.0,
345,50,110,27.0,65.0,38.0,1.6,13000,6700,1.1,6310-2Z,6310-Z,50,68.7,-,-,95.2,2.0,61.0,68,99.0,2.0,0.03,13.0,
346,50,110,40.0,61.8,38.0,1.6,-,4300,1.6,62310-2RS1,-,50,68.7,-,-,95.2,2.0,61.0,68,99.0,2.0,0.03,13.0,
347,50,130,31.0,87.1,52.0,2.2,12000,7500,1.95,6410,-,50,75.4,-,105,-,2.1,64.0,-,116.0,2.0,0.035,12.0,
348,55,72,9.0,9.04,8.8,0.375,-,5300,0.083,61811-2RS1,-,55,60.3,-,-,68.6,0.3,57.0,60,70.0,0.3,0.015,17.0,
349,55,72,9.0,9.04,8.8,0.375,19000,9500,0.083,61811-2RZ,-,55,60.3,-,-,68.6,0.3,57.0,60,70.0,0.3,0.015,17.0,
350,55,72,9.0,9.04,8.8,0.375,19000,12000,0.083,61811,-,55,60.3,-,67,-,0.3,57.0,-,70.0,0.3,0.015,17.0,
351,55,80,13.0,16.5,14.0,0.6,-,5000,0.19,61911-2RS1,-,55,63,-,-,74.2,1.0,60.0,63,75.0,1.0,0.02,16.0,
352,55,80,13.0,16.5,14.0,0.6,17000,8500,0.19,61911-2RZ,-,55,63,-,-,74.2,1.0,60.0,63,75.0,1.0,0.02,16.0,
353,55,80,13.0,16.5,14.0,0.6,17000,11000,0.19,61911,-,55,63,-,72.3,-,1.0,60.0,-,75.0,1.0,0.02,16.0,
354,55,90,11.0,20.3,14.0,0.695,16000,10000,0.26,16011,-,55,67,-,78.1,-,0.6,59.0,-,86.0,0.6,0.02,14.0,
355,55,90,18.0,29.6,21.2,0.9,16000,14000,0.44,6011 M,-,55,66.3,-,-,81.5,1.1,61.0,-,84.0,1.0,0.025,15.0,
356,55,90,18.0,29.6,21.2,0.9,16000,10000,0.38,6011,-,55,66.3,-,-,81.5,1.1,61.0,-,84.0,1.0,0.025,15.0,
357,55,90,18.0,29.6,21.2,0.9,-,4500,0.4,6011-2RS1,6011-RS1,55,66.3,-,-,81.5,1.1,61.0,66,84.0,1.0,0.025,15.0,
358,55,90,18.0,29.6,21.2,0.9,16000,8000,0.4,6011-2Z,6011-Z,55,66.3,-,-,81.5,1.1,61.0,66,84.0,1.0,0.025,15.0,
359,55,100,21.0,46.2,29.0,1.25,14000,9000,0.61,6211,-,55,69,-,-,89.4,1.5,64.0,-,91.0,1.5,0.025,14.0,
360,55,100,21.0,46.2,29.0,1.25,14000,13000,0.72,6211 M,-,55,69,-,-,89.4,1.5,64.0,-,91.0,1.5,0.025,14.0,
361,55,100,21.0,46.2,29.0,1.25,-,4300,0.62,6211-2RSH,6211-RSH,55,-,65.2,-,90.5,1.5,64.0,64,91.0,1.5,0.025,14.0,
362,55,100,21.0,46.2,29.0,1.25,14000,7000,0.64,6211-2Z,6211-Z,55,69,-,-,89.4,1.5,64.0,69,91.0,1.5,0.025,14.0,
363,55,100,25.0,43.6,29.0,1.25,-,4300,0.75,62211-2RS1,-,55,69,-,-,89.4,1.5,64.0,69,91.0,1.5,0.025,14.0,
364,55,120,29.0,74.1,45.0,1.9,12000,8000,1.35,6311,-,55,75.3,-,-,104,2.0,66.0,-,109.0,2.0,0.03,13.0,
365,55,120,29.0,74.1,45.0,1.9,12000,11000,1.65,6311 M,-,55,75.3,-,-,104,2.0,66.0,-,109.0,2.0,0.03,13.0,
366,55,120,29.0,74.1,45.0,1.9,-,3800,1.4,6311-2RSH,6311-RSH,55,-,71.1,-,105,2.0,66.0,70,109.0,2.0,0.03,13.0,
367,55,120,29.0,74.1,45.0,1.9,12000,6300,1.4,6311-2Z,6311-Z,55,75.3,-,-,104,2.0,66.0,75,109.0,2.0,0.03,13.0,
368,55,120,43.0,71.5,45.0,1.9,-,3800,2.05,62311-2RS1,-,55,75.3,-,-,104,2.0,66.0,75,109.0,2.0,0.03,13.0,
369,55,140,33.0,99.5,62.0,2.6,11000,7000,2.35,6411,-,55,81.5,-,114,-,2.1,69.0,-,126.0,2.0,0.035,12.0,
370,60,78,10.0,11.9,11.4,0.49,-,4800,0.11,61812-2RS1,-,60,65.4,-,-,74.5,0.3,62.0,65,76.0,0.3,0.015,17.0,
371,60,78,10.0,11.9,11.4,0.49,17000,8500,0.11,61812-2RZ,-,60,65.4,-,-,74.5,0.3,62.0,65,76.0,0.3,0.015,17.0,
372,60,78,10.0,11.9,11.4,0.49,17000,11000,0.11,61812,-,60,65.4,-,72.9,-,0.3,62.0,-,76.0,0.3,0.015,17.0,
373,60,85,13.0,16.5,12.0,0.6,-,4500,0.21,61912-2RS1,-,60,68.3,-,-,78.7,1.0,65.0,68,80.0,1.0,0.02,14.0,
374,60,85,13.0,16.5,12.0,0.6,16000,10000,0.2,61912,-,60,68.3,-,-,78.7,1.0,65.0,-,80.0,1.0,0.02,14.0,
375,60,85,13.0,16.5,14.3,0.6,16000,8000,0.2,61912-2RZ,-,60,68.3,-,-,78.7,1.0,65.0,68,80.0,1.0,0.02,16.0,
376,60,95,11.0,20.8,15.0,0.735,15000,9500,0.29,16012,-,60,72,-,83,-,0.6,64.0,-,91.0,0.6,0.02,14.0,
377,60,95,18.0,30.7,23.2,0.98,15000,9500,0.41,6012,-,60,71.3,-,-,86.5,1.1,66.0,-,89.0,1.0,0.025,16.0,
378,60,95,18.0,30.7,23.2,0.98,-,4300,0.43,6012-2RS1,6012-RS1,60,71.3,-,-,86.5,1.1,66.0,71,89.0,1.0,0.025,16.0,
379,60,95,18.0,30.7,23.2,0.98,15000,7500,0.43,6012-2RZ,6012-RZ,60,71.3,-,-,86.5,1.1,66.0,71,89.0,1.0,0.025,16.0,
380,60,95,18.0,30.7,23.2,0.98,15000,7500,0.43,6012-2Z,6012-Z,60,71.3,-,-,86.5,1.1,66.0,71,89.0,1.0,0.025,16.0,
381,60,110,22.0,55.3,36.0,1.53,13000,8000,0.78,6212,-,60,75.5,-,-,98,1.5,69.0,-,101.0,1.5,0.025,14.0,
382,60,110,22.0,55.3,36.0,1.53,13000,8000,0.93,6212 M,-,60,75.5,-,-,98,1.5,69.0,-,101.0,1.5,0.025,14.0,
383,60,110,22.0,55.3,36.0,1.53,-,4000,0.79,6212-2RSH,6212-RSH,60,-,71.5,-,99.5,1.5,69.0,71,101.0,1.5,0.025,14.0,
384,60,110,22.0,55.3,36.0,1.53,13000,6300,0.81,6212-2Z,6212-Z,60,75.5,-,-,98,1.5,69.0,75,101.0,1.5,0.025,14.0,
385,60,110,28.0,52.7,36.0,1.53,-,4000,1.0,62212-2RS1,-,60,75.5,-,-,98,1.5,69.0,75,101.0,1.5,0.025,14.0,
386,60,130,31.0,85.2,52.0,2.2,11000,7000,2.1,6312 M,-,60,81.8,-,-,113,2.1,72.0,-,118.0,2.0,0.03,13.0,
387,60,130,31.0,85.2,52.0,2.2,-,3400,1.75,6312-2RSH,6312-RSH,60,-,77.5,-,113,2.1,72.0,77,118.0,2.0,0.03,13.0,
388,60,130,31.0,85.2,52.0,2.2,11000,5600,1.8,6312-2Z,6312-Z,60,81.8,-,-,113,2.1,72.0,81,118.0,2.0,0.03,13.0,
389,60,130,31.0,85.2,52.0,2.2,11000,7000,1.7,6312,-,60,81.8,-,-,113,2.1,72.0,-,118.0,2.0,0.03,13.0,
390,60,130,46.0,81.9,52.0,2.2,-,3400,2.55,62312-2RS1,-,60,81.8,-,-,113,2.1,72.0,81,118.0,2.0,0.03,13.0,
391,60,150,35.0,108.0,69.5,2.9,10000,6300,2.85,6412,-,60,88.1,-,122,-,2.1,74.0,-,136.0,2.0,0.035,12.0,
392,65,85,10.0,12.4,12.7,0.54,-,4500,0.13,61813-2RS1,-,65,71.4,-,-,80.5,0.6,69.0,71,81.0,0.6,0.015,17.0,
393,65,85,10.0,12.4,12.7,0.54,16000,8000,0.13,61813-2RZ,-,65,71.4,-,-,80.5,0.6,69.0,71,81.0,0.6,0.015,17.0,
394,65,85,10.0,12.4,12.7,0.54,16000,10000,0.13,61813,-,65,71.4,-,78.9,-,0.6,69.0,-,81.0,0.6,0.015,17.0,
395,65,90,13.0,17.4,16.0,0.68,-,4300,0.22,61913-2RS1,-,65,73,-,-,84.2,1.0,70.0,73,85.0,1.0,0.02,17.0,
396,65,90,13.0,17.4,16.0,0.68,15000,7500,0.22,61913-2RZ,-,65,73,-,-,84.2,1.0,70.0,73,85.0,1.0,0.02,17.0,
397,65,90,13.0,17.4,16.0,0.68,15000,9500,0.22,61913,-,65,73,-,82.3,-,1.0,70.0,-,85.0,1.0,0.02,17.0,
398,65,100,11.0,22.5,19.6,0.83,14000,9000,0.3,16013,-,65,76.5,-,88.4,-,0.6,69.0,-,96.0,0.6,0.02,16.0,
399,65,100,18.0,31.9,25.0,1.06,14000,9000,0.44,6013,-,65,76.3,-,-,91.5,1.1,71.0,-,94.0,1.0,0.025,16.0,
400,65,100,18.0,31.9,25.0,1.06,14000,12000,0.44,6013 M,-,65,76.3,-,-,91.5,1.1,71.0,-,94.0,1.0,0.025,16.0,
401,65,100,18.0,31.9,25.0,1.06,-,4000,0.45,6013-2RS1,6013-RS1,65,76.3,-,-,91.5,1.1,71.0,76,94.0,1.0,0.025,16.0,
402,65,100,18.0,31.9,25.0,1.06,14000,7000,0.46,6013-2Z,6013-Z,65,76.3,-,-,91.5,1.1,71.0,76,94.0,1.0,0.025,16.0,
403,65,120,23.0,58.5,40.5,1.73,12000,10000,1.2,6213 M,-,65,83.3,-,-,106,1.5,74.0,-,111.0,1.5,0.025,15.0,
404,65,120,23.0,58.5,40.5,1.73,12000,7500,1.0,6213,-,65,83.3,-,-,106,1.5,74.0,-,111.0,1.5,0.025,15.0,
405,65,120,23.0,58.5,40.5,1.73,-,3600,1.05,6213-2RS1,6213-RS1,65,83.3,-,-,106,1.5,74.0,83,111.0,1.5,0.025,15.0,
406,65,120,23.0,58.5,40.5,1.73,12000,6000,1.05,6213-2Z,6213-Z,65,83.3,-,-,106,1.5,74.0,83,111.0,1.5,0.025,15.0,
407,65,120,31.0,55.9,40.5,1.73,-,3600,1.4,62213-2RS1,-,65,83.3,-,-,106,1.5,74.0,83,111.0,1.5,0.025,15.0,
408,65,140,33.0,97.5,60.0,2.5,10000,6700,2.55,6313 M,-,65,88.3,-,-,122,2.1,77.0,-,128.0,2.0,0.03,13.0,
409,65,140,33.0,97.5,60.0,2.5,10000,6700,2.1,6313,-,65,88.3,-,-,122,2.1,77.0,-,128.0,2.0,0.03,13.0,
410,65,140,33.0,97.5,60.0,2.5,-,3200,2.15,6313-2RS1,6313-RS1,65,88.3,-,-,122,2.1,77.0,88,128.0,2.0,0.03,13.0,
411,65,140,33.0,97.5,60.0,2.5,10000,5300,2.15,6313-2Z,6313-Z,65,88.3,-,-,122,2.1,77.0,88,128.0,2.0,0.03,13.0,
412,65,140,48.0,92.3,60.0,2.5,-,3200,3.0,62313-2RS1,-,65,88.3,-,-,122,2.1,77.0,88,128.0,2.0,0.03,13.0,
413,65,160,37.0,119.0,78.0,3.15,9500,6000,3.35,6413,-,65,94,-,131,-,2.1,79.0,-,146.0,2.0,0.035,12.0,
414,70,90,10.0,12.4,13.2,0.56,-,4300,0.14,61814-2RS1,-,70,76.4,-,-,85.5,0.6,74.0,76,86.0,0.6,0.015,17.0,
415,70,90,10.0,12.4,13.2,0.56,15000,7500,0.14,61814-2RZ,-,70,76.4,-,-,85.5,0.6,74.0,76,86.0,0.6,0.015,17.0,
416,70,90,10.0,12.4,13.2,0.56,15000,9000,0.14,61814,-,70,76.4,-,83.9,-,0.6,74.0,-,86.0,0.6,0.015,17.0,
417,70,100,16.0,23.8,18.3,0.9,14000,8500,0.34,61914,-,70,79.8,-,-,92.9,1.0,75.0,-,95.0,1.0,0.02,14.0,
418,70,100,16.0,23.8,21.2,0.9,-,4000,0.35,61914-2RS1,-,70,79.8,-,-,92.9,1.0,75.0,79,95.0,1.0,0.02,16.0,
419,70,100,16.0,23.8,21.2,0.9,14000,7000,0.35,61914-2RZ,-,70,79.8,-,-,92.9,1.0,75.0,79,95.0,1.0,0.02,16.0,
420,70,110,13.0,29.1,25.0,1.06,13000,8000,0.44,16014,-,70,83.3,-,96.8,-,0.6,74.0,-,106.0,0.6,0.02,16.0,
421,70,110,20.0,39.7,31.0,1.32,13000,11000,0.7,6014 M,-,70,82.8,-,-,99.9,1.1,76.0,-,104.0,1.0,0.025,16.0,
422,70,110,20.0,39.7,31.0,1.32,13000,8000,0.61,6014,-,70,82.8,-,-,99.9,1.1,76.0,-,104.0,1.0,0.025,16.0,
423,70,110,20.0,39.7,31.0,1.32,-,3600,0.63,6014-2RS1,6014-RS1,70,82.8,-,-,99.9,1.1,76.0,82,104.0,1.0,0.025,16.0,
424,70,110,20.0,39.7,31.0,1.32,13000,6300,0.64,6014-2Z,6014-Z,70,82.8,-,-,99.9,1.1,76.0,82,104.0,1.0,0.025,16.0,
425,70,125,24.0,60.5,45.0,1.9,11000,10000,1.3,6214 M,-,70,87,-,-,111,1.5,79.0,-,116.0,1.5,0.025,15.0,
426,70,125,24.0,63.7,45.0,1.9,11000,7000,1.1,6214,-,70,87,-,-,111,1.5,79.0,-,116.0,1.5,0.025,15.0,
427,70,125,24.0,63.7,45.0,1.9,-,3400,1.1,6214-2RS1,6214-RS1,70,87,-,-,111,1.5,79.0,87,116.0,1.5,0.025,15.0,
428,70,125,24.0,63.7,45.0,1.9,11000,5600,1.15,6214-2Z,6214-Z,70,87,-,-,111,1.5,79.0,87,116.0,1.5,0.025,15.0,
429,70,125,31.0,60.5,45.0,1.9,-,3400,1.4,62214-2RS1,-,70,87,-,-,111,1.5,79.0,87,116.0,1.5,0.025,15.0,
430,70,150,35.0,111.0,68.0,2.75,9500,6300,2.55,6314,-,70,94.9,-,-,130,2.1,82.0,-,138.0,2.0,0.03,13.0,
431,70,150,35.0,111.0,68.0,2.75,9500,6300,3.1,6314 M,-,70,94.9,-,-,130,2.1,82.0,-,138.0,2.0,0.03,13.0,
432,70,150,35.0,111.0,68.0,2.75,-,3000,2.6,6314-2RS1,6314-RS1,70,94.9,-,-,130,2.1,82.0,94,138.0,2.0,0.03,13.0,
433,70,150,35.0,111.0,68.0,2.75,9500,5000,2.65,6314-2Z,6314-Z,70,94.9,-,-,130,2.1,82.0,94,138.0,2.0,0.03,13.0,
434,70,150,51.0,104.0,68.0,2.75,-,3000,3.75,62314-2RS1,-,70,94.9,-,-,130,2.1,82.0,94,138.0,2.0,0.03,13.0,
435,70,180,42.0,143.0,104.0,3.9,8500,5300,4.95,6414,-,70,103,-,146,-,3.0,86.0,-,164.0,2.5,0.035,12.0,
436,75,95,10.0,12.5,10.8,0.585,-,4000,0.15,61815-2RS1,-,75,81.7,-,-,90.7,1.3,79.0,81,91.0,0.6,0.015,13.0,
437,75,95,10.0,12.5,10.8,0.585,14000,7000,0.15,61815-2RZ,-,75,81.7,-,-,90.7,1.3,79.0,81,91.0,0.6,0.015,13.0,
438,75,95,10.0,12.5,10.8,0.585,14000,8500,0.15,61815,-,75,81.7,-,-,90.7,1.3,79.0,-,91.0,0.6,0.015,13.0,
439,75,105,16.0,24.2,19.3,0.965,13000,8000,0.36,61915,-,75,84.8,-,-,97.9,1.9,80.0,-,100.0,1.0,0.02,14.0,
440,75,105,16.0,24.2,22.4,0.965,-,3600,0.37,61915-2RS1,-,75,84.7,-,-,98.3,1.0,80.0,84,100.0,1.0,0.02,17.0,
441,75,105,16.0,24.2,22.4,0.965,13000,6300,0.37,61915-2RZ,-,75,84.7,-,-,98.3,1.0,80.0,84,100.0,1.0,0.02,17.0,
442,75,115,13.0,30.2,27.0,1.14,12000,7500,0.46,16015,-,75,88.3,-,102,-,0.6,79.0,-,111.0,0.6,0.02,16.0,
443,75,115,20.0,41.6,33.5,1.43,12000,10000,0.74,6015 M,-,75,87.8,-,-,105,1.1,81.0,-,109.0,1.0,0.025,16.0,
444,75,115,20.0,41.6,33.5,1.43,12000,7500,0.65,6015,-,75,87.8,-,-,105,1.1,81.0,-,109.0,1.0,0.025,16.0,
445,75,115,20.0,41.6,33.5,1.43,-,3400,0.67,6015-2RS1,6015-RS1,75,87.8,-,-,105,1.1,81.0,87,109.0,1.0,0.025,16.0,
446,75,115,20.0,41.6,33.5,1.43,12000,6000,0.67,6015-2RZ,6015-RZ,75,87.8,-,-,105,1.1,81.0,87,109.0,1.0,0.025,16.0,
447,75,115,20.0,41.6,33.5,1.43,12000,6000,0.68,6015-2Z,6015-Z,75,87.8,-,-,105,1.1,81.0,87,109.0,1.0,0.025,16.0,
448,75,130,25.0,68.9,49.0,2.04,10000,9500,1.4,6215 M,-,75,92,-,-,117,1.5,84.0,-,121.0,1.5,0.025,15.0,
449,75,130,25.0,68.9,49.0,2.04,10000,6700,1.2,6215,-,75,92,-,-,117,1.5,84.0,-,121.0,1.5,0.025,15.0,
450,75,130,25.0,68.9,49.0,2.04,-,3200,1.2,6215-2RS1,6215-RS1,75,92,-,-,117,1.5,84.0,92,121.0,1.5,0.025,15.0,
451,75,130,25.0,68.9,49.0,2.04,10000,5300,1.25,6215-2Z,6215-Z,75,92,-,-,117,1.5,84.0,92,121.0,1.5,0.025,15.0,
452,75,160,37.0,119.0,76.5,3.0,9000,5600,3.05,6315,-,75,101,-,-,139,2.1,87.0,-,148.0,2.0,0.03,13.0,
453,75,160,37.0,119.0,76.5,3.0,9000,5600,3.7,6315 M,-,75,101,-,-,139,2.1,87.0,-,148.0,2.0,0.03,13.0,
454,75,160,37.0,119.0,76.5,3.0,-,2800,3.15,6315-2RS1,6315-RS1,75,101,-,-,139,2.1,87.0,100,148.0,2.0,0.03,13.0,
455,75,160,37.0,119.0,76.5,3.0,9000,4500,3.15,6315-2Z,6315-Z,75,101,-,-,139,2.1,87.0,100,148.0,2.0,0.03,13.0,
456,75,190,45.0,153.0,114.0,4.15,8000,5000,5.8,6415,-,75,110,-,155,-,3.0,91.0,-,174.0,2.5,0.035,12.0,
457,80,100,10.0,12.7,11.2,0.61,-,3600,0.16,61816-2RS1,-,80,86.7,-,-,95.7,1.3,84.0,86,96.0,0.6,0.015,13.0,
458,80,100,10.0,12.7,11.2,0.61,13000,8000,0.15,61816,-,80,86.7,-,-,95.7,1.3,84.0,-,96.0,0.6,0.015,13.0,
459,80,110,16.0,25.1,20.4,1.02,-,3400,0.4,61916-2RS1,-,80,89.8,-,-,103,1.0,85.0,89,105.0,1.0,0.02,14.0,
460,80,110,16.0,25.1,20.4,1.02,12000,6000,0.4,61916-2RZ,-,80,89.8,-,-,103,1.0,85.0,89,105.0,1.0,0.02,14.0,
461,80,110,16.0,25.1,20.4,1.02,12000,7500,0.38,61916,-,80,89.8,-,-,103,1.0,85.0,-,105.0,1.0,0.02,14.0,
462,80,125,14.0,35.1,31.5,1.32,11000,7000,0.61,16016,-,80,95.3,-,110,-,0.6,84.0,-,121.0,0.6,0.02,16.0,
463,80,125,22.0,49.4,40.0,1.66,11000,7000,0.86,6016,-,80,94.4,-,-,115,1.1,86.0,-,119.0,1.0,0.025,16.0,
464,80,125,22.0,49.4,40.0,1.66,-,3200,0.88,6016-2RS1,6016-RS1,80,94.4,-,-,115,1.1,86.0,94,119.0,1.0,0.025,16.0,
465,80,125,22.0,49.4,40.0,1.66,11000,5600,0.89,6016-2Z,6016-Z,80,94.4,-,-,115,1.1,86.0,94,119.0,1.0,0.025,16.0,
466,80,140,26.0,72.8,55.0,2.2,9500,6000,1.45,6216,-,80,101,-,-,127,2.0,91.0,-,129.0,2.0,0.025,15.0,
467,80,140,26.0,72.8,55.0,2.2,9500,8500,1.7,6216 M,-,80,101,-,-,127,2.0,91.0,-,129.0,2.0,0.025,15.0,
468,80,140,26.0,72.8,55.0,2.2,-,3000,1.5,6216-2RS1,6216-RS1,80,101,-,-,127,2.0,91.0,100,129.0,2.0,0.025,15.0,
469,80,140,26.0,72.8,55.0,2.2,9500,4800,1.55,6216-2Z,6216-Z,80,101,-,-,127,2.0,91.0,100,129.0,2.0,0.025,15.0,
470,80,170,39.0,130.0,86.5,3.25,8500,7500,4.4,6316 M,-,80,108,-,-,147,2.1,92.0,-,158.0,2.0,0.03,13.0,
471,80,170,39.0,130.0,86.5,3.25,8500,5300,3.65,6316,-,80,108,-,-,147,2.1,92.0,-,158.0,2.0,0.03,13.0,
472,80,170,39.0,130.0,86.5,3.25,-,2600,3.7,6316-2RS1,6316-RS1,80,108,-,-,147,2.1,92.0,107,158.0,2.0,0.03,13.0,
473,80,170,39.0,130.0,86.5,3.25,8500,4300,3.75,6316-2Z,6316-Z,80,108,-,-,147,2.1,92.0,107,158.0,2.0,0.03,13.0,
474,80,200,48.0,163.0,125.0,4.5,7500,4800,6.85,6416,-,80,116,-,163,-,3.0,96.0,-,184.0,2.5,0.035,12.0,
475,85,110,13.0,19.5,16.6,0.88,-,3400,0.28,61817-2RS1,-,85,93.3,-,-,105,1.9,90.0,93,105.0,1.0,0.015,14.0,
476,85,110,13.0,19.5,16.6,0.88,12000,6000,0.28,61817-2RZ,-,85,93.3,-,-,105,1.9,90.0,93,105.0,1.0,0.015,14.0,
477,85,110,13.0,19.5,16.6,0.88,12000,7500,0.26,61817,-,85,93.3,-,-,105,1.9,90.0,-,105.0,1.0,0.015,14.0,
478,85,120,18.0,31.9,30.0,1.25,11000,7000,0.55,61917,-,85,96.4,-,109,-,1.1,91.0,-,114.0,1.0,0.02,16.0,
479,85,130,14.0,35.8,33.5,1.37,11000,6700,0.64,16017,-,85,100,-,115,-,0.6,89.0,-,126.0,0.6,0.02,17.0,
480,85,130,22.0,52.0,43.0,1.76,11000,6700,0.9,6017,-,85,99.4,-,-,120,1.1,92.0,-,123.0,1.0,0.025,16.0,
481,85,130,22.0,52.0,43.0,1.76,-,3000,0.93,6017-2RS1,6017-RS1,85,99.4,-,-,120,1.1,92.0,99,123.0,1.0,0.025,16.0,
482,85,130,22.0,52.0,43.0,1.76,11000,5300,0.94,6017-2Z,6017-Z,85,99.4,-,-,120,1.1,92.0,99,123.0,1.0,0.025,16.0,
483,85,150,28.0,87.1,64.0,2.5,9000,8000,2.0,6217 M,-,85,106,-,-,135,2.0,96.0,-,139.0,2.0,0.025,15.0,
484,85,150,28.0,87.1,64.0,2.5,9000,5600,1.8,6217,-,85,106,-,-,135,2.0,96.0,-,139.0,2.0,0.025,15.0,
485,85,150,28.0,87.1,64.0,2.5,-,2800,1.9,6217-2RS1,6217-RS1,85,106,-,-,135,2.0,96.0,105,139.0,2.0,0.025,15.0,
486,85,150,28.0,87.1,64.0,2.5,9000,4500,1.9,6217-2Z,6217-Z,85,106,-,-,135,2.0,96.0,105,139.0,2.0,0.025,15.0,
487,85,180,41.0,140.0,96.5,3.55,8000,5000,4.25,6317,-,85,114,-,-,156,3.0,99.0,-,166.0,2.5,0.03,13.0,
488,85,180,41.0,140.0,96.5,3.55,8000,7500,5.2,6317 M,-,85,114,-,-,156,3.0,99.0,-,166.0,2.5,0.03,13.0,
489,85,180,41.0,140.0,96.5,3.55,-,2400,4.35,6317-2RS1,6317-RS1,85,114,-,-,156,3.0,99.0,114,166.0,2.5,0.03,13.0,
490,85,180,41.0,140.0,96.5,3.55,8000,4000,4.4,6317-2Z,6317-Z,85,114,-,-,156,3.0,99.0,114,166.0,2.5,0.03,13.0,
491,85,210,52.0,174.0,137.0,4.75,7000,4500,8.05,6417,-,85,123,-,172,-,4.0,105.0,-,190.0,3.0,0.035,12.0,
492,90,115,13.0,19.5,17.0,0.915,-,3200,0.29,61818-2RS1,-,90,98.3,-,-,110,1.0,95.0,98,110.0,1.0,0.015,13.0,
493,90,115,13.0,19.5,17.0,0.915,11000,5600,0.29,61818-2RZ,-,90,98.3,-,-,110,1.0,95.0,98,110.0,1.0,0.015,13.0,
494,90,115,13.0,19.5,17.0,0.915,11000,7000,0.28,61818,-,90,98.3,-,-,110,1.0,95.0,-,110.0,1.0,0.015,13.0,
495,90,125,18.0,33.2,31.5,1.29,11000,6700,0.59,61918,-,90,101,-,114,-,1.1,96.0,-,119.0,1.0,0.02,17.0,
496,90,140,16.0,43.6,39.0,1.56,10000,6300,0.85,16018,-,90,106,-,124,-,1.0,95.0,-,135.0,1.0,0.02,16.0,
497,90,140,24.0,60.5,50.0,1.96,10000,8500,1.35,6018 M,-,90,105,-,-,129,1.5,97.0,-,133.0,1.5,0.025,16.0,
498,90,140,24.0,60.5,50.0,1.96,10000,6300,1.15,6018,-,90,105,-,-,129,1.5,97.0,-,133.0,1.5,0.025,16.0,
499,90,140,24.0,60.5,50.0,1.96,-,2800,1.2,6018-2RS1,6018-RS1,90,105,-,-,129,1.5,97.0,105,133.0,1.5,0.025,16.0,
500,90,140,24.0,60.5,50.0,1.96,10000,5000,1.2,6018-2Z,6018-Z,90,105,-,-,129,1.5,97.0,105,133.0,1.5,0.025,16.0,
501,90,160,30.0,101.0,73.5,2.8,8500,5300,2.2,6218,-,90,112,-,-,143,2.0,101.0,-,149.0,2.0,0.025,15.0,
502,90,160,30.0,101.0,73.5,2.8,8500,5300,2.65,6218 M,-,90,112,-,-,143,2.0,101.0,-,149.0,2.0,0.025,15.0,
503,90,160,30.0,101.0,73.5,2.8,-,2600,2.3,6218-2RS1,6218-RS1,90,112,-,-,143,2.0,101.0,112,149.0,2.0,0.025,15.0,
504,90,160,30.0,101.0,73.5,2.8,8500,4300,2.3,6218-2Z,6218-Z,90,112,-,-,143,2.0,101.0,112,149.0,2.0,0.025,15.0,
505,90,190,43.0,151.0,108.0,3.8,7500,7000,6.1,6318 M,-,90,121,-,-,164,3.0,104.0,-,176.0,2.5,0.03,13.0,
506,90,190,43.0,151.0,108.0,3.8,7500,4800,4.95,6318,-,90,121,-,-,164,3.0,104.0,-,176.0,2.5,0.03,13.0,
507,90,190,43.0,151.0,108.0,3.8,-,2400,5.1,6318-2RS1,6318-RS1,90,121,-,-,164,3.0,104.0,120,176.0,2.5,0.03,13.0,
508,90,190,43.0,151.0,108.0,3.8,7500,3800,5.15,6318-2Z,6318-Z,90,121,-,-,164,3.0,104.0,120,176.0,2.5,0.03,13.0,
509,90,225,54.0,186.0,150.0,5.0,6700,4300,9.8,6418,-,90,132,-,181,-,4.0,110.0,-,205.0,3.0,0.035,13.0,
510,95,120,13.0,19.9,17.6,0.93,-,3000,0.31,61819-2RS1,-,95,103,-,-,115,1.0,100.0,102,115.0,1.0,0.015,13.0,
511,95,120,13.0,19.9,17.6,0.93,11000,6700,0.29,61819,-,95,103,-,-,115,1.0,100.0,-,115.0,1.0,0.015,13.0,
512,95,130,18.0,33.8,33.5,1.34,-,3000,0.65,61919-2RS1,-,95,106,-,-,122,1.1,101.0,105,124.0,1.0,0.02,17.0,
513,95,130,18.0,33.8,33.5,1.34,10000,6300,0.61,61919,-,95,106,-,119,-,1.1,101.0,-,124.0,1.0,0.02,17.0,
514,95,145,16.0,44.9,41.5,1.63,9500,6000,0.89,16019,-,95,111,-,129,-,1.0,100.0,-,140.0,1.0,0.02,16.0,
515,95,145,24.0,63.7,54.0,2.08,9500,6000,1.2,6019,-,95,111,-,-,134,1.5,102.0,-,138.0,1.5,0.025,16.0,
516,95,145,24.0,63.7,54.0,2.08,-,2800,1.25,6019-2RS1,-,95,111,-,-,134,1.5,102.0,111,138.0,1.5,0.025,16.0,
517,95,145,24.0,63.7,54.0,2.08,9500,4800,1.25,6019-2Z,6019-Z,95,111,-,-,134,1.5,102.0,111,138.0,1.5,0.025,16.0,
518,95,170,32.0,114.0,81.5,3.0,8000,5000,2.65,6219,-,95,118,-,-,152,2.1,107.0,-,158.0,2.0,0.025,14.0,
519,95,170,32.0,114.0,81.5,3.0,8000,5000,3.2,6219 M,-,95,118,-,-,152,2.1,107.0,-,158.0,2.0,0.025,14.0,
520,95,170,32.0,114.0,81.5,3.0,-,2400,2.7,6219-2RS1,6219-RS1,95,118,-,-,152,2.1,107.0,118,158.0,2.0,0.025,14.0,
521,95,170,32.0,114.0,81.5,3.0,8000,4000,2.7,6219-2Z,6219-Z,95,118,-,-,152,2.1,107.0,118,158.0,2.0,0.025,14.0,
522,95,200,45.0,159.0,118.0,4.15,7000,4500,5.75,6319,-,95,127,-,-,172,3.0,109.0,-,186.0,2.5,0.03,13.0,
523,95,200,45.0,159.0,118.0,4.15,7000,6300,7.05,6319 M,-,95,127,-,-,172,3.0,109.0,-,186.0,2.5,0.03,13.0,
524,95,200,45.0,159.0,118.0,4.15,-,2200,5.85,6319-2RS1,6319-RS1,95,127,-,-,172,3.0,109.0,127,186.0,2.5,0.03,13.0,
525,95,200,45.0,159.0,118.0,4.15,7000,3600,5.85,6319-2Z,6319-Z,95,127,-,-,172,3.0,109.0,127,186.0,2.5,0.03,13.0,
526,100,125,13.0,17.8,18.3,0.95,-,3000,0.32,61820-2RS1,-,100,108,-,-,120,1.0,105.0,107,120.0,1.0,0.015,13.0,
527,100,125,13.0,17.8,18.3,0.95,10000,5300,0.32,61820-2RZ,-,100,108,-,-,120,1.0,105.0,107,120.0,1.0,0.015,13.0,
528,100,125,13.0,17.8,18.3,0.95,10000,6300,0.3,61820,-,100,108,-,-,120,1.0,105.0,-,120.0,1.0,0.015,13.0,
529,100,140,20.0,42.3,41.5,1.63,9500,6000,0.83,61920,-,100,112,-,128,-,1.1,106.0,-,134.0,1.0,0.02,16.0,
530,100,150,16.0,46.2,44.0,1.7,9500,5600,0.94,16020,-,100,116,-,134,-,1.0,105.0,-,145.0,1.0,0.02,17.0,
531,100,150,24.0,63.7,54.0,2.04,9500,7500,1.45,6020 M,-,100,115,-,-,139,1.5,107.0,-,143.0,1.5,0.025,16.0,
532,100,150,24.0,63.7,54.0,2.04,9500,5600,1.25,6020,-,100,115,-,-,139,1.5,107.0,-,143.0,1.5,0.025,16.0,
533,100,150,24.0,63.7,54.0,2.04,-,2600,1.3,6020-2RS1,6020-RS1,100,115,-,-,139,1.5,107.0,115,143.0,1.5,0.025,16.0,
534,100,150,24.0,63.7,54.0,2.04,9500,4500,1.3,6020-2Z,6020-Z,100,115,-,-,139,1.5,107.0,115,143.0,1.5,0.025,16.0,
535,100,180,34.0,127.0,93.0,3.35,7500,4800,3.2,6220,-,100,124,-,-,160,2.1,112.0,-,168.0,2.0,0.025,14.0,
536,100,180,34.0,127.0,93.0,3.35,7500,7000,3.8,6220 M,-,100,124,-,-,160,2.1,112.0,-,168.0,2.0,0.025,14.0,
537,100,180,34.0,127.0,93.0,3.35,-,2400,3.3,6220-2RS1,6220-RS1,100,124,-,-,160,2.1,112.0,124,168.0,2.0,0.025,14.0,
538,100,180,34.0,127.0,93.0,3.35,7500,3800,3.3,6220-2Z,6220-Z,100,124,-,-,160,2.1,112.0,124,168.0,2.0,0.025,14.0,
539,100,215,47.0,174.0,140.0,4.75,6700,4300,7.1,6320,-,100,135,-,-,184,3.0,114.0,-,201.0,2.5,0.03,13.0,
540,100,215,47.0,174.0,140.0,4.75,6700,6000,8.7,6320 M,-,100,135,-,-,184,3.0,114.0,-,201.0,2.5,0.03,13.0,
541,100,215,47.0,174.0,140.0,4.75,-,2000,7.2,6320-2RS1,6320-RS1,100,135,-,-,184,3.0,114.0,135,201.0,2.5,0.03,13.0,
542,100,215,47.0,174.0,140.0,4.75,6700,3400,7.3,6320-2Z,6320-Z,100,135,-,-,184,3.0,114.0,135,201.0,2.5,0.03,13.0,
543,105,130,13.0,20.8,19.6,1.0,-,2800,0.33,61821-2RS1,-,105,112,-,-,125,1.0,110.0,112,125.0,1.0,0.015,13.0,
544,105,130,13.0,20.8,19.6,1.0,10000,5000,0.33,61821-2RZ,-,105,112,-,-,125,1.0,110.0,112,125.0,1.0,0.015,13.0,
545,105,130,13.0,20.8,19.6,1.0,10000,6300,0.31,61821,-,105,112,-,-,125,1.0,110.0,-,125.0,1.0,0.015,13.0,
546,105,145,20.0,44.2,44.0,1.7,9500,5600,0.87,61921,-,105,117,-,133,-,1.1,111.0,-,139.0,1.0,0.02,17.0,
547,105,160,18.0,54.0,51.0,1.86,8500,5300,1.2,16021,-,105,123,-,142,-,1.0,110.0,-,155.0,1.0,0.02,16.0,
548,105,160,26.0,76.1,65.5,2.4,8500,5300,1.6,6021,-,105,122,-,-,147,2.0,116.0,-,149.0,2.0,0.025,16.0,
549,105,160,26.0,76.1,65.5,2.4,8500,7500,1.85,6021 M,-,105,122,-,-,147,2.0,116.0,-,149.0,2.0,0.025,16.0,
550,105,160,26.0,76.1,65.5,2.4,-,2400,1.65,6021-2RS1,6021-RS1,105,122,-,-,147,2.0,116.0,122,149.0,2.0,0.025,16.0,
551,105,160,26.0,76.1,65.5,2.4,8500,4300,1.65,6021-2Z,6021-Z,105,122,-,-,147,2.0,116.0,122,149.0,2.0,0.025,16.0,
552,105,190,36.0,140.0,104.0,3.65,7000,4500,3.8,6221,-,105,131,-,-,167,2.1,117.0,-,178.0,2.0,0.025,14.0,
553,105,190,36.0,140.0,104.0,3.65,7000,3600,3.9,6221-2Z,6221-Z,105,131,-,-,167,2.1,117.0,131,178.0,2.0,0.025,14.0,
554,105,225,49.0,182.0,153.0,5.1,6300,3200,8.25,6321-2Z,6321-Z,105,141,-,-,194,3.0,119.0,140,211.0,2.5,0.03,13.0,
555,105,225,49.0,182.0,153.0,5.1,6300,4000,8.2,6321,-,105,141,-,188,-,3.0,119.0,-,211.0,2.5,0.03,13.0,
556,110,140,16.0,28.1,26.0,1.25,-,2600,0.6,61822-2RS1,-,110,118,-,-,135,1.0,115.0,118,135.0,1.0,0.015,14.0,
557,110,140,16.0,28.1,26.0,1.25,9500,4500,0.6,61822-2RZ,-,110,118,-,-,135,1.0,115.0,118,135.0,1.0,0.015,14.0,
558,110,140,16.0,28.1,26.0,1.25,9500,5600,0.47,61822,-,110,118,-,-,135,1.0,115.0,-,135.0,1.0,0.015,14.0,
559,110,150,20.0,43.6,45.0,1.66,9000,5600,0.9,61922,-,110,122,-,138,-,1.1,116.0,-,144.0,1.0,0.02,17.0,
560,110,150,20.0,43.6,45.0,1.66,9000,7500,1.05,61922 MA,-,110,122,-,-,81.5,1.1,116.0,-,144.0,1.0,0.02,17.0,
561,110,170,19.0,60.5,57.0,2.04,8000,5000,1.45,16022,-,110,130,-,150,-,1.0,115.0,-,165.0,1.0,0.02,16.0,
562,110,170,28.0,85.2,73.5,2.6,8000,5000,1.95,6022,-,110,129,-,-,156,2.0,119.0,-,161.0,2.0,0.025,16.0,
563,110,170,28.0,85.2,73.5,2.6,8000,7000,2.3,6022 M,-,110,129,-,-,156,2.0,119.0,-,161.0,2.0,0.025,16.0,
564,110,170,28.0,85.2,73.5,2.6,-,2400,2.0,6022-2RS1,6022-RS1,110,129,-,-,156,2.0,119.0,128,161.0,2.0,0.025,16.0,
565,110,170,28.0,85.2,73.5,2.6,8000,4000,2.05,6022-2Z,6022-Z,110,129,-,-,156,2.0,119.0,128,161.0,2.0,0.025,16.0,
566,110,200,38.0,151.0,118.0,4.0,6700,4300,4.45,6222,-,110,138,-,-,177,2.1,122.0,-,188.0,2.0,0.025,14.0,
567,110,200,38.0,151.0,118.0,4.0,-,2000,4.6,6222-2RS1,6222-RS1,110,138,-,-,177,2.1,122.0,137,188.0,2.0,0.025,14.0,
568,110,200,38.0,151.0,118.0,4.0,6700,3400,4.6,6222-2Z,6222-Z,110,138,-,-,177,2.1,122.0,137,188.0,2.0,0.025,14.0,
569,110,240,50.0,203.0,180.0,5.7,6000,3800,9.65,6322,-,110,149,-,200,-,3.0,124.0,-,226.0,2.5,0.03,13.0,
570,110,240,50.0,203.0,180.0,5.7,6000,5300,11.5,6322 M,-,110,149,-,200,-,3.0,124.0,-,226.0,2.5,0.03,13.0,
571,120,150,16.0,29.1,28.0,1.29,-,2400,0.65,61824-2RS1,-,120,128,-,-,145,1.0,125.0,128,145.0,1.0,0.015,14.0,
572,120,150,16.0,29.1,28.0,1.29,8500,4300,0.65,61824-2RZ,-,120,128,-,-,145,1.0,125.0,128,145.0,1.0,0.015,14.0,
573,120,150,16.0,29.1,28.0,1.29,8500,5300,0.51,61824,-,120,128,-,-,145,1.0,125.0,-,145.0,1.0,0.015,14.0,
574,120,165,22.0,55.3,57.0,2.04,8000,5000,1.2,61924,-,120,134,-,151,-,1.1,126.0,-,159.0,1.0,0.02,17.0,
575,120,165,22.0,55.3,57.0,2.04,8000,6700,1.4,61924 MA,-,120,134,-,152,-,1.1,126.0,-,159.0,1.0,0.02,17.0,
576,120,180,19.0,63.7,64.0,2.2,7500,4800,1.55,16024,-,120,139,-,161,-,1.0,125.0,-,175.0,1.0,0.02,17.0,
577,120,180,28.0,88.4,80.0,2.75,7500,6300,2.45,6024 MA,-,120,139,-,-,166,2.0,129.0,-,171.0,2.0,0.025,16.0,
578,120,180,28.0,88.4,80.0,2.75,7500,4800,2.1,6024,-,120,139,-,-,166,2.0,129.0,-,171.0,2.0,0.025,16.0,
579,120,180,28.0,88.4,80.0,2.75,-,2200,2.15,6024-2RS1,6024-RS1,120,139,-,-,166,2.0,129.0,139,171.0,2.0,0.025,16.0,
580,120,180,28.0,88.4,80.0,2.75,7500,3800,2.2,6024-2Z,6024-Z,120,139,-,-,166,2.0,129.0,139,171.0,2.0,0.025,16.0,
581,120,215,40.0,146.0,118.0,3.9,6300,4000,5.25,6224,-,120,150,-,185,-,2.1,132.0,-,203.0,2.0,0.025,14.0,
582,120,215,40.0,146.0,118.0,3.9,6300,5600,6.1,6224 M,-,120,150,-,185,-,2.1,132.0,-,203.0,2.0,0.025,14.0,
583,120,215,40.0,146.0,118.0,3.9,-,1900,5.35,6224-2RS1,6224-RS1,120,150,-,-,190,2.1,132.0,150,203.0,2.0,0.025,14.0,
584,120,215,40.0,146.0,118.0,3.9,6300,3200,5.35,6224-2Z,6224-Z,120,150,-,-,190,2.1,132.0,150,203.0,2.0,0.025,14.0,
585,120,260,55.0,208.0,186.0,5.7,5600,3400,12.5,6324,-,120,164,-,215,-,3.0,134.0,-,246.0,2.5,0.03,14.0,
586,120,260,55.0,208.0,186.0,5.7,5600,5000,14.0,6324 M,-,120,164,-,215,-,3.0,134.0,-,246.0,2.5,0.03,14.0,
587,120,260,55.0,208.0,186.0,5.7,-,1700,12.5,6324-2RS1,6324-RS1,120,164,-,-,221,3.0,134.0,164,246.0,2.5,0.03,14.0,
588,120,260,55.0,208.0,186.0,5.7,5600,2800,12.5,6324-2Z,6324-Z,120,164,-,-,221,3.0,134.0,164,246.0,2.5,0.03,14.0,
589,130,165,18.0,37.7,43.0,1.6,-,2200,0.93,61826-2RS1,-,130,140,-,-,158,1.1,136.0,139,159.0,1.0,0.015,16.0,
590,130,165,18.0,37.7,43.0,1.6,8000,3800,0.93,61826-2RZ,-,130,140,-,-,158,1.1,136.0,139,159.0,1.0,0.015,16.0,
591,130,165,18.0,37.7,43.0,1.6,8000,4800,0.75,61826,-,130,140,-,-,158,1.1,136.0,-,159.0,1.0,0.015,16.0,
592,130,180,24.0,65.0,67.0,2.28,7500,4500,1.6,61926,-,130,145,-,164,-,1.5,137.0,-,173.0,1.5,0.02,16.0,
593,130,200,22.0,83.2,81.5,2.7,7000,4300,2.35,16026,-,130,153,-,176,-,1.1,136.0,-,192.0,1.0,0.02,16.0,
594,130,200,33.0,112.0,100.0,3.35,7000,5600,3.75,6026 M,-,130,152,-,-,182,2.0,139.0,-,191.0,2.0,0.025,16.0,
595,130,200,33.0,112.0,100.0,3.35,7000,4300,3.3,6026,-,130,152,-,-,182,2.0,139.0,-,191.0,2.0,0.025,16.0,
596,130,200,33.0,112.0,100.0,3.35,-,2000,3.3,6026-2RS1,6026-RS1,130,152,-,-,182,2.0,139.0,152,191.0,2.0,0.025,16.0,
597,130,200,33.0,112.0,100.0,3.35,7000,3400,3.35,6026-2Z,6026-Z,130,152,-,-,182,2.0,139.0,152,191.0,2.0,0.025,16.0,
598,130,230,40.0,156.0,132.0,4.15,5600,5300,6.95,6226 M,-,130,160,-,198,-,3.0,144.0,-,216.0,2.5,0.025,15.0,
599,130,230,40.0,156.0,132.0,4.15,5600,3600,5.85,6226,-,130,160,-,198,-,3.0,144.0,-,216.0,2.5,0.025,15.0,
600,130,230,40.0,156.0,132.0,4.15,-,1800,6.0,6226-2RS1,6226-RS1,130,160,-,-,203,3.0,144.0,160,216.0,2.5,0.025,15.0,
601,130,230,40.0,156.0,132.0,4.15,5600,3000,6.0,6226-2Z,6226-Z,130,160,-,-,203,3.0,144.0,160,216.0,2.5,0.025,15.0,
602,130,280,58.0,229.0,216.0,6.3,5000,3200,15.0,6326,-,130,177,-,232,-,4.0,147.0,-,263.0,3.0,0.03,14.0,
603,130,280,58.0,229.0,216.0,6.3,5000,4500,17.5,6326 M,-,130,177,-,232,-,4.0,147.0,-,263.0,3.0,0.03,14.0,
604,140,175,18.0,39.0,46.5,1.66,-,2000,0.99,61828-2RS1,-,140,150,-,-,167,1.1,146.0,150,169.0,1.0,0.015,16.0,
605,140,175,18.0,39.0,46.5,1.66,7500,3600,0.99,61828-2RZ,-,140,150,-,-,167,1.1,146.0,150,169.0,1.0,0.015,16.0,
606,140,175,18.0,39.0,46.5,1.66,7500,4500,0.82,61828,-,140,150,-,-,167,2.5,146.0,-,169.0,1.0,0.015,16.0,
607,140,190,24.0,66.3,72.0,2.36,7000,4300,1.7,61928,-,140,156,-,174,-,1.5,147.0,-,183.0,1.5,0.02,15.0,
608,140,190,24.0,66.3,72.0,2.36,7000,5600,2.0,61928 MA,-,140,156,-,175,-,1.5,147.0,-,183.0,1.5,0.02,17.0,
609,140,210,22.0,80.6,86.5,2.8,6700,4000,2.55,16028,-,140,163,-,186,-,1.1,146.0,-,204.0,1.0,0.02,17.0,
610,140,210,33.0,111.0,108.0,3.45,6700,5300,4.0,6028 M,-,140,162,-,-,192,2.0,149.0,-,201.0,2.0,0.025,16.0,
611,140,210,33.0,111.0,108.0,3.45,6700,4000,3.45,6028,-,140,162,-,-,192,2.0,149.0,-,201.0,2.0,0.025,16.0,
612,140,210,33.0,111.0,108.0,3.45,-,1800,3.55,6028-2RS1,6028-RS1,140,162,-,-,192,2.0,149.0,162,201.0,2.0,0.025,16.0,
613,140,210,33.0,111.0,108.0,3.45,6700,3200,3.55,6028-2Z,6028-Z,140,162,-,-,192,2.0,149.0,162,201.0,2.0,0.025,16.0,
614,140,250,42.0,165.0,150.0,4.55,5300,3400,7.75,6228,-,140,175,-,213,-,3.0,154.0,-,236.0,2.5,0.025,15.0,
615,140,250,42.0,165.0,150.0,4.55,5300,4800,9.4,6228 MA,-,140,175,-,214,-,3.0,154.0,-,236.0,2.5,0.025,15.0,
616,140,300,62.0,251.0,245.0,7.1,4800,3000,18.5,6328,-,140,190,-,249,-,4.0,157.0,-,283.0,3.0,0.03,14.0,
617,140,300,62.0,251.0,245.0,7.1,4800,4300,21.0,6328 M,-,140,190,-,249,-,4.0,157.0,-,283.0,3.0,0.03,14.0,
618,150,190,20.0,48.8,61.0,1.96,6700,4300,1.2,61830,-,150,162,-,178,-,2.5,156.0,-,184.0,1.0,0.015,17.0,
619,150,190,20.0,48.8,61.0,1.96,6700,4300,1.35,61830 MA,-,150,162,-,178,-,1.1,156.0,-,184.0,1.0,0.015,17.0,
620,150,210,28.0,88.4,93.0,2.9,6300,5300,3.05,61930 MA,-,150,169,-,192,-,2.0,159.0,-,201.0,2.0,0.02,16.0,
621,150,225,24.0,92.2,98.0,3.05,6000,3800,3.15,16030,-,150,174,-,200,-,1.1,156.0,-,219.0,1.0,0.02,17.0,
622,150,225,35.0,125.0,125.0,3.9,6000,5000,4.9,6030 M,-,150,174,-,-,206,2.1,160.0,-,215.0,2.0,0.025,16.0,
623,150,225,35.0,125.0,125.0,3.9,6000,3800,4.3,6030,-,150,174,-,-,206,2.1,160.0,-,215.0,2.0,0.025,16.0,
624,150,225,35.0,125.0,125.0,3.9,-,1700,4.35,6030-2RS1,6030-RS1,150,174,-,-,206,2.1,160.0,173,215.0,2.0,0.025,16.0,
625,150,225,35.0,125.0,125.0,3.9,6000,3000,4.4,6030-2Z,6030-Z,150,174,-,-,206,2.1,160.0,173,215.0,2.0,0.025,16.0,
626,150,270,45.0,174.0,166.0,4.9,5000,3200,10.0,6230,-,150,190,-,228,-,3.0,164.0,-,256.0,2.5,0.025,15.0,
627,150,270,45.0,174.0,166.0,4.9,5000,4500,11.5,6230 M,-,150,190,-,228,-,3.0,164.0,-,256.0,2.5,0.025,15.0,
628,150,320,65.0,276.0,285.0,7.8,4300,2800,23.0,6330,-,150,205,-,264,-,4.0,167.0,-,303.0,3.0,0.03,14.0,
629,150,320,65.0,276.0,285.0,7.8,4300,4000,25.5,6330 M,-,150,205,-,264,-,4.0,167.0,-,303.0,3.0,0.03,14.0,
630,160,200,20.0,49.4,64.0,2.0,6300,4000,1.25,61832,-,160,172,-,188,-,1.1,166.0,-,194.0,1.0,0.015,17.0,
631,160,220,28.0,92.3,98.0,3.05,6000,3800,2.7,61932,-,160,179,-,201,-,2.0,169.0,-,211.0,2.0,0.02,17.0,
632,160,220,28.0,92.3,98.0,3.05,6000,5000,3.2,61932 MA,-,160,179,-,202,-,2.0,169.0,-,211.0,2.0,0.02,17.0,
633,160,240,25.0,99.5,108.0,3.25,5600,3600,3.65,16032,-,160,185,-,214,-,1.5,167.0,-,233.0,1.5,0.02,17.0,
634,160,240,38.0,143.0,143.0,4.3,5600,4800,6.0,6032 M,-,160,185,-,-,219,2.1,169.0,-,231.0,2.0,0.025,16.0,
635,160,240,38.0,143.0,143.0,4.3,5600,3600,5.2,6032,-,160,185,-,-,219,2.1,169.0,-,231.0,2.0,0.025,16.0,
636,160,240,38.0,143.0,143.0,4.3,-,1600,5.3,6032-2RS1,6032-RS1,160,185,-,-,219,2.1,169.0,185,231.0,2.0,0.025,16.0,
637,160,240,38.0,143.0,143.0,4.3,5600,2800,5.4,6032-2Z,6032-Z,160,185,-,-,219,2.1,169.0,185,231.0,2.0,0.025,16.0,
638,160,290,48.0,186.0,186.0,5.3,4500,3000,13.0,6232,-,160,205,-,243,-,3.0,174.0,-,276.0,2.5,0.025,15.0,
639,160,290,48.0,186.0,186.0,5.3,4500,4300,14.0,6232 M,-,160,205,-,243,-,3.0,174.0,-,276.0,2.5,0.025,15.0,
640,160,340,68.0,276.0,285.0,7.65,4000,2600,26.0,6332,-,160,218,-,281,-,4.0,177.0,-,323.0,3.0,0.03,14.0,
641,160,340,68.0,276.0,285.0,7.65,4000,3800,30.0,6332 M,-,160,218,-,281,-,4.0,177.0,-,323.0,3.0,0.03,14.0,
642,170,215,22.0,61.8,78.0,2.4,6000,3600,1.65,61834,-,170,184,-,202,-,1.1,176.0,-,209.0,1.0,0.015,17.0,
643,170,230,28.0,93.6,106.0,3.15,5600,4800,3.35,61934 MA,-,170,189,-,212,-,2.0,179.0,-,221.0,2.0,0.02,17.0,
644,170,260,28.0,119.0,129.0,3.75,5300,3200,5.0,16034,-,170,200,-,229,-,1.5,177.0,-,253.0,1.5,0.02,16.0,
645,170,260,42.0,168.0,173.0,5.0,5300,3200,7.0,6034,-,170,198,-,232,-,2.1,180.0,-,250.0,2.0,0.025,16.0,
646,170,260,42.0,168.0,173.0,5.0,5300,4300,8.15,6034 M,-,170,198,-,232,-,2.1,180.0,-,250.0,2.0,0.025,16.0,
647,170,310,52.0,212.0,224.0,6.1,4300,2800,16.0,6234,-,170,218,-,259,-,4.0,187.0,-,293.0,3.0,0.025,15.0,
648,170,310,52.0,212.0,224.0,6.1,4300,3800,17.5,6234 M,-,170,218,-,259,-,4.0,187.0,-,293.0,3.0,0.025,15.0,
649,170,360,72.0,312.0,340.0,8.8,3800,2400,31.0,6334,-,170,230,-,299,-,4.0,187.0,-,343.0,3.0,0.03,14.0,
650,170,360,72.0,312.0,340.0,8.8,3800,3400,35.0,6334 M,-,170,230,-,299,-,4.0,187.0,-,343.0,3.0,0.03,14.0,
651,180,225,22.0,62.4,81.5,2.45,5600,3400,1.75,61836,-,180,194,-,211,-,1.1,186.0,-,219.0,1.0,0.015,17.0,
652,180,250,33.0,119.0,134.0,3.9,5300,3200,5.0,61936,-,180,202,-,228,-,2.0,189.0,-,241.0,2.0,0.02,17.0,
653,180,250,33.0,119.0,134.0,3.9,5300,4300,5.0,61936 MA,-,180,202,-,229,-,2.0,189.0,-,241.0,2.0,0.02,17.0,
654,180,280,31.0,138.0,146.0,4.15,4800,3000,6.5,16036,-,180,213,-,246,-,2.0,189.0,-,271.0,2.0,0.02,16.0,
655,180,280,46.0,190.0,200.0,5.6,4800,3000,9.1,6036,-,180,212,-,248,-,2.1,190.0,-,270.0,2.0,0.025,16.0,
656,180,280,46.0,190.0,200.0,5.6,4800,4000,10.5,6036 M,-,180,212,-,248,-,2.1,190.0,-,270.0,2.0,0.025,16.0,
657,180,320,52.0,229.0,240.0,6.4,4000,2600,16.0,6236,-,180,226,-,274,-,4.0,197.0,-,303.0,3.0,0.025,15.0,
658,180,320,52.0,229.0,240.0,6.4,4000,3800,18.0,6236 M,-,180,226,-,274,-,4.0,197.0,-,303.0,3.0,0.025,15.0,
659,180,380,75.0,351.0,405.0,10.4,3600,2200,36.5,6336,-,180,244,-,315,-,4.0,197.0,-,363.0,3.0,0.03,14.0,
660,180,380,75.0,351.0,405.0,10.4,3600,3200,41.0,6336 M,-,180,244,-,315,-,4.0,197.0,-,363.0,3.0,0.03,14.0,
661,190,240,24.0,76.1,98.0,2.8,5300,3200,2.25,61838,-,190,206,-,224,-,1.5,197.0,-,233.0,1.5,0.015,17.0,
662,190,260,33.0,117.0,134.0,3.8,5000,3200,4.5,61938,-,190,212,-,238,-,2.0,199.0,-,251.0,2.0,0.02,17.0,
663,190,260,33.0,117.0,134.0,3.8,5000,4300,5.2,61938 MA,-,190,212,-,239,-,2.0,199.0,-,251.0,2.0,0.02,17.0,
664,190,290,31.0,148.0,166.0,4.55,4800,3000,6.9,16038,-,190,223,-,256,-,2.0,199.0,-,281.0,2.0,0.02,16.0,
665,190,290,46.0,195.0,216.0,5.85,4800,3000,9.55,6038,-,190,222,-,258,-,2.1,200.0,-,280.0,2.0,0.025,16.0,
666,190,290,46.0,195.0,216.0,5.85,4800,3800,11.0,6038 M,-,190,222,-,258,-,2.1,200.0,-,280.0,2.0,0.025,16.0,
667,190,340,55.0,255.0,280.0,7.35,3800,2400,19.5,6238,-,190,239,-,290,-,4.0,207.0,-,323.0,3.0,0.025,15.0,
668,190,340,55.0,255.0,280.0,7.35,3800,3400,21.5,6238 M,-,190,239,-,290,-,4.0,207.0,-,323.0,3.0,0.025,15.0,
669,190,400,78.0,371.0,430.0,10.8,3400,2200,42.0,6338,-,190,259,-,331,-,5.0,210.0,-,380.0,4.0,0.03,14.0,
670,190,400,78.0,371.0,430.0,10.8,3400,3000,47.5,6338 M,-,190,259,-,331,-,5.0,210.0,-,380.0,4.0,0.03,14.0,
671,200,250,24.0,76.1,102.0,2.9,5000,3200,2.35,61840,-,200,216,-,234,-,1.5,207.0,-,243.0,1.5,0.015,17.0,
672,200,280,38.0,148.0,166.0,4.55,4800,3000,6.3,61940,-,200,225,-,255,-,2.1,210.0,-,270.0,2.0,0.02,16.0,
673,200,280,38.0,148.0,166.0,4.55,4800,3800,7.3,61940 MA,-,200,225,-,256,-,2.1,210.0,-,270.0,2.0,0.02,16.0,
674,200,310,34.0,168.0,190.0,5.1,4300,2800,8.8,16040,-,200,237,-,273,-,2.0,209.0,-,301.0,2.0,0.02,16.0,
675,200,310,51.0,216.0,245.0,6.4,4300,2800,12.5,6040,-,200,235,-,275,-,2.1,210.0,-,300.0,2.0,0.025,16.0,
676,200,310,51.0,216.0,245.0,6.4,4300,3600,14.0,6040 M,-,200,235,-,275,-,2.1,210.0,-,300.0,2.0,0.025,16.0,
677,200,360,58.0,270.0,310.0,7.8,3600,2200,23.5,6240,-,200,254,-,303,-,4.0,217.0,-,343.0,3.0,0.025,15.0,
678,200,360,58.0,270.0,310.0,7.8,3600,3200,26.0,6240 M,-,200,254,-,303,-,4.0,217.0,-,343.0,3.0,0.025,15.0,
679,220,270,24.0,78.0,110.0,3.0,4500,2800,2.55,61844,-,220,236,-,254,-,1.5,227.0,-,263.0,1.5,0.015,17.0,
680,220,300,38.0,151.0,180.0,4.75,4300,2600,6.8,61944,-,220,245,-,275,-,2.1,230.0,-,290.0,2.0,0.02,17.0,
681,220,300,38.0,151.0,180.0,4.75,4300,3600,7.95,61944 MA,-,220,245,-,276,-,2.1,230.0,-,290.0,2.0,0.02,17.0,
682,220,340,37.0,174.0,204.0,5.2,4000,2400,11.5,16044,-,220,261,-,298,-,2.1,230.0,-,330.0,2.0,0.02,17.0,
683,220,340,56.0,247.0,290.0,7.35,4000,2400,16.0,6044,-,220,258,-,302,-,3.0,233.0,-,327.0,2.5,0.025,16.0,
684,220,340,56.0,247.0,290.0,7.35,4000,3200,18.5,6044 M,-,220,258,-,302,-,3.0,233.0,-,327.0,2.5,0.025,16.0,
685,220,400,65.0,296.0,365.0,8.8,3200,2000,33.5,6244,-,220,282,-,335,-,4.0,237.0,-,383.0,3.0,0.025,15.0,
686,220,400,65.0,296.0,365.0,8.8,3200,3000,36.5,6244 M,-,220,282,-,335,-,4.0,237.0,-,383.0,3.0,0.025,15.0,
687,220,460,88.0,410.0,520.0,12.0,3000,2600,73.0,6344 M,-,220,301,-,379,-,5.0,240.0,-,440.0,4.0,0.03,14.0,
688,240,300,28.0,108.0,150.0,3.8,4000,2600,3.9,61848,-,240,259,-,281,-,2.0,249.0,-,291.0,2.0,0.015,17.0,
689,240,320,38.0,159.0,200.0,5.1,4000,2400,7.3,61948,-,240,265,-,295,-,2.1,250.0,-,310.0,2.0,0.02,17.0,
690,240,320,38.0,159.0,200.0,5.1,4000,3200,8.55,61948 MA,-,240,265,-,296,-,2.1,250.0,-,310.0,2.0,0.02,17.0,
691,240,360,37.0,203.0,255.0,6.3,3600,2200,12.5,16048,-,240,279,-,318,-,2.1,250.0,-,350.0,2.0,0.02,17.0,
692,240,360,37.0,203.0,255.0,6.3,3600,3000,14.0,16048 MA,-,240,279,-,321,-,2.1,250.0,-,350.0,2.0,0.02,17.0,
693,240,360,56.0,255.0,315.0,7.8,3600,2200,17.0,6048,-,240,277,-,322,-,3.0,253.0,-,347.0,2.5,0.025,16.0,
694,240,360,56.0,255.0,315.0,7.8,3600,3000,19.5,6048 M,-,240,277,-,322,-,3.0,253.0,-,347.0,2.5,0.025,16.0,
695,240,440,72.0,358.0,465.0,10.8,3000,2600,51.0,6248 M,-,240,309,-,371,-,4.0,257.0,-,423.0,3.0,0.025,15.0,
696,240,500,95.0,442.0,585.0,12.9,2600,2400,97.0,6348 M,-,240,331,-,409,-,5.0,260.0,-,480.0,4.0,0.03,15.0,
697,260,320,28.0,111.0,163.0,4.0,3800,2400,4.15,61852,-,260,279,-,301,-,2.0,269.0,-,311.0,2.0,0.015,17.0,
698,260,360,46.0,212.0,270.0,6.55,3600,2200,12.0,61952,-,260,291,-,329,-,2.1,270.0,-,350.0,2.0,0.02,17.0,
699,260,360,46.0,212.0,270.0,6.55,3600,3000,14.5,61952 MA,-,260,291,-,330,-,2.1,270.0,-,350.0,2.0,0.02,17.0,
700,260,400,44.0,238.0,310.0,7.2,3200,2000,18.0,16052,-,260,307,-,351,-,3.0,273.0,-,387.0,2.5,0.02,16.0,
701,260,400,44.0,238.0,310.0,7.2,3200,2800,22.5,16052 MA,-,260,307,-,353,-,3.0,273.0,-,387.0,2.5,0.02,16.0,
702,260,400,65.0,291.0,375.0,8.8,3200,2000,25.0,6052,-,260,304,-,356,-,4.0,277.0,-,383.0,3.0,0.025,16.0,
703,260,400,65.0,291.0,375.0,8.8,3200,2800,29.0,6052 M,-,260,304,-,356,-,4.0,277.0,-,383.0,3.0,0.025,16.0,
704,260,480,80.0,390.0,530.0,11.8,2600,2400,65.5,6252 M,-,260,337,-,403,-,5.0,280.0,-,460.0,4.0,0.025,15.0,
705,280,350,33.0,138.0,200.0,4.75,3400,2200,6.25,61856,-,280,302,-,327,-,2.0,289.0,-,341.0,2.0,0.015,17.0,
706,280,350,33.0,138.0,200.0,4.75,3400,2800,7.25,61856 MA,-,280,302,-,328,-,3.8,289.0,-,341.0,2.0,0.015,17.0,
707,280,380,46.0,216.0,285.0,6.7,3200,2000,12.0,61956,-,280,311,-,349,-,2.1,291.0,-,369.0,2.0,0.02,17.0,
708,280,380,46.0,216.0,285.0,6.7,3200,2800,15.5,61956 MA,-,280,311,-,350,-,2.1,291.0,-,369.0,2.0,0.02,17.0,
709,280,420,44.0,242.0,335.0,7.5,3000,1900,19.0,16056,-,280,327,-,371,-,3.0,293.0,-,407.0,2.5,0.02,17.0,
710,280,420,44.0,242.0,335.0,7.5,3000,2600,23.5,16056 MA,-,280,327,-,374,-,3.0,293.0,-,407.0,2.5,0.02,17.0,
711,280,420,65.0,302.0,405.0,9.3,3000,1900,26.0,6056,-,280,324,-,376,-,4.0,296.0,-,404.0,3.0,0.025,16.0,
712,280,420,65.0,302.0,405.0,9.3,3000,2600,31.0,6056 M,-,280,324,-,376,-,4.0,296.0,-,404.0,3.0,0.025,16.0,
713,280,500,80.0,423.0,600.0,12.9,2600,2200,72.0,6256 M,-,280,355,-,425,-,5.0,300.0,-,480.0,4.0,0.025,15.0,
714,300,380,38.0,172.0,245.0,5.6,3200,2000,8.9,61860,-,300,325,-,355,-,2.1,309.0,-,371.0,2.0,0.015,17.0,
715,300,380,38.0,172.0,245.0,5.6,3200,2600,10.5,61860 MA,-,300,325,-,356,-,2.1,309.0,-,371.0,2.0,0.015,17.0,
716,300,420,56.0,270.0,375.0,8.3,3000,1900,19.0,61960,-,300,338,-,382,-,3.0,313.0,-,407.0,2.5,0.02,16.0,
717,300,420,56.0,270.0,375.0,8.3,3000,2400,24.5,61960 MA,-,300,338,-,384,-,3.0,313.0,-,407.0,2.5,0.02,16.0,
718,300,460,50.0,286.0,405.0,8.8,2800,1800,32.0,16060 MA,-,300,352,-,407,-,4.0,315.0,-,445.0,3.0,0.02,16.0,
719,300,460,74.0,358.0,500.0,10.8,2800,2400,44.0,6060 M,-,300,351,-,409,-,4.0,315.0,-,445.0,3.0,0.025,16.0,
720,300,540,85.0,462.0,670.0,13.7,2400,2000,88.5,6260 M,-,300,383,-,457,-,5.0,320.0,-,520.0,4.0,0.025,15.0,
721,320,400,38.0,172.0,255.0,5.7,3000,1900,9.5,61864,-,320,345,-,375,-,2.1,332.0,-,388.0,2.0,0.015,17.0,
722,320,400,38.0,172.0,255.0,5.7,3000,2400,11.0,61864 MA,-,320,345,-,376,-,2.1,332.0,-,388.0,2.0,0.015,17.0,
723,320,440,56.0,276.0,400.0,8.65,2800,2400,25.5,61964 MA,-,320,357,-,403,-,3.0,333.0,-,427.0,2.5,0.02,16.0,
724,320,480,50.0,281.0,405.0,8.65,2600,2200,34.0,16064 MA,-,320,372,-,428,-,4.0,335.0,-,465.0,3.0,0.02,17.0,
725,320,480,74.0,371.0,540.0,11.4,2600,2200,46.0,6064 M,-,320,370,-,431,-,4.0,335.0,-,465.0,3.0,0.025,16.0,
726,340,420,38.0,178.0,275.0,6.0,2800,1800,10.0,61868,-,340,365,-,395,-,2.1,352.0,-,408.0,2.0,0.015,17.0,
727,340,420,38.0,178.0,275.0,6.0,2800,2400,11.5,61868 MA,-,340,365,-,396,-,2.1,352.0,-,408.0,2.0,0.015,17.0,
728,340,460,56.0,281.0,425.0,9.0,2600,2200,26.5,61968 MA,-,340,378,-,422,-,3.0,353.0,-,447.0,2.5,0.02,17.0,
729,340,520,57.0,345.0,520.0,10.6,2400,2000,45.0,16068 MA,-,340,398,-,462,-,4.0,355.0,-,505.0,3.0,0.02,16.0,
730,340,520,82.0,423.0,640.0,13.2,2400,2200,62.0,6068 M,-,340,397,-,463,-,5.0,360.0,-,500.0,4.0,0.025,16.0,
731,360,440,38.0,182.0,285.0,6.1,2600,2200,12.0,61872 MA,-,360,385,-,415,-,2.1,372.0,-,428.0,2.0,0.015,17.0,
732,360,480,56.0,291.0,450.0,9.15,2600,2200,28.0,61972 MA,-,360,398,-,443,-,3.0,373.0,-,467.0,2.5,0.02,17.0,
733,360,540,57.0,351.0,550.0,11.0,1800,1400,49.0,16072 MA,-,360,418,-,482,-,4.0,375.0,-,525.0,3.0,0.02,16.0,
734,360,540,82.0,442.0,695.0,14.0,2400,1900,64.5,6072 M,-,360,416,-,485,-,5.0,378.0,-,522.0,4.0,0.025,16.0,
735,380,480,46.0,242.0,390.0,8.0,2400,2000,20.0,61876 MA,-,380,412,-,449,-,2.1,392.0,-,468.0,2.0,0.015,17.0,
736,380,520,65.0,338.0,540.0,10.8,2400,1900,40.0,61976 MA,-,380,425,-,476,-,4.0,395.0,-,505.0,3.0,0.02,17.0,
737,380,560,57.0,377.0,620.0,12.2,2200,1400,51.0,16076 MA,-,380,443,-,497,-,4.0,395.0,-,545.0,3.0,0.02,17.0,
738,380,560,82.0,436.0,695.0,13.7,2200,1800,70.5,6076 M,-,380,437,-,503,-,5.0,400.0,-,542.0,4.0,0.025,16.0,
739,400,500,46.0,247.0,405.0,8.15,2400,1900,20.5,61880 MA,-,400,432,-,471,-,2.1,412.0,-,488.0,2.0,0.015,17.0,
740,400,540,65.0,345.0,570.0,11.2,2200,1800,41.5,61980 MA,-,400,445,-,496,-,4.0,415.0,-,525.0,3.0,0.02,17.0,
741,400,600,90.0,520.0,865.0,16.3,2000,1700,87.5,6080 M,-,400,463,-,537,-,5.0,418.0,-,582.0,4.0,0.025,16.0,
742,420,520,46.0,251.0,425.0,8.3,2200,1800,21.5,61884 MA,-,420,452,-,491,-,2.1,432.0,-,508.0,2.0,0.015,17.0,
743,420,560,65.0,351.0,600.0,11.4,2200,1800,43.0,61984 MA,-,420,465,-,516,-,4.0,435.0,-,545.0,3.0,0.02,17.0,
744,420,620,90.0,507.0,880.0,16.3,2000,1600,91.5,6084 M,-,420,482,-,557,-,5.0,438.0,-,602.0,4.0,0.025,16.0,
745,440,540,46.0,255.0,440.0,8.5,2200,1800,22.5,61888 MA,-,440,472,-,510,-,2.1,452.0,-,528.0,2.0,0.015,17.0,
746,440,600,74.0,410.0,720.0,13.2,2000,1600,60.5,61988 MA,-,440,492,-,549,-,4.0,455.0,-,585.0,3.0,0.02,17.0,
747,440,650,94.0,553.0,965.0,17.6,1900,1500,105.0,6088 M,-,440,506,-,584,-,6.0,463.0,-,627.0,5.0,0.025,16.0,
748,460,580,56.0,319.0,570.0,10.6,2000,1600,35.0,61892 MA,-,460,498,-,542,-,3.0,473.0,-,567.0,2.5,0.015,17.0,
749,460,620,74.0,423.0,750.0,13.7,1900,1600,62.5,61992 MA,-,460,511,-,569,-,4.0,476.0,-,604.0,3.0,0.02,17.0,
750,460,680,100.0,582.0,1060.0,19.0,1800,1500,120.0,6092 MB,-,460,528,-,614,-,6.0,483.0,-,657.0,5.0,0.025,16.0,
751,480,600,56.0,325.0,600.0,10.8,1900,1600,36.5,61896 MA,-,480,518,-,564,-,3.0,493.0,-,587.0,2.5,0.015,17.0,
752,480,650,78.0,449.0,815.0,14.6,1800,1500,74.0,61996 MA,-,480,535,-,595,-,5.0,498.0,-,632.0,4.0,0.02,17.0,
753,480,700,100.0,618.0,1140.0,20.0,1700,1400,125.0,6096 MB,-,480,550,-,630,-,6.0,503.0,-,677.0,5.0,0.025,16.0,
754,500,620,56.0,332.0,620.0,11.2,1800,1500,40.5,618/500 MA,-,500,538,-,582,-,3.0,513.0,-,607.0,2.5,0.015,17.0,
755,500,670,78.0,462.0,865.0,15.0,1700,1400,81.5,619/500 MA,-,500,555,-,617,-,5.0,518.0,-,652.0,4.0,0.02,17.0,
756,500,720,100.0,605.0,1140.0,19.6,1600,1300,135.0,60/500 N1MAS,-,500,568,-,650,-,6.0,523.0,-,697.0,5.0,0.025,16.0,
757,530,650,56.0,332.0,655.0,11.2,1700,1400,39.5,618/530 MA,-,530,568,-,613,-,3.0,543.0,-,637.0,2.5,0.015,17.0,
758,530,710,82.0,488.0,930.0,15.6,1600,1300,90.5,619/530 MA,-,530,587,-,653,-,5.0,548.0,-,692.0,4.0,0.02,17.0,
759,530,780,112.0,650.0,1270.0,20.8,1500,1200,185.0,60/530 N1MAS,-,530,612,-,700,-,6.0,553.0,-,757.0,5.0,0.025,16.0,
760,560,680,56.0,345.0,695.0,11.8,1600,1300,42.0,618/560 MA,-,560,598,-,644,-,3.0,573.0,-,667.0,2.5,0.015,17.0,
761,560,750,85.0,494.0,980.0,16.3,1500,1200,105.0,619/560 MA,-,560,622,-,689,-,5.0,578.0,-,732.0,4.0,0.02,17.0,
762,560,820,115.0,663.0,1370.0,22.0,1400,1200,210.0,60/560 N1MAS,-,560,648,-,732,-,6.0,583.0,-,797.0,5.0,0.025,16.0,
763,600,730,60.0,364.0,765.0,12.5,1500,1200,52.0,618/600 MA,-,600,642,-,688,-,3.0,613.0,-,717.0,2.5,0.015,17.0,
764,600,800,90.0,585.0,1220.0,19.6,1400,1100,125.0,619/600 MA,-,600,663,-,736,-,5.0,618.0,-,782.0,4.0,0.02,17.0,
765,600,870,118.0,728.0,1500.0,23.6,1300,1100,230.0,60/600 MA,-,600,689,-,781,-,6.0,623.0,-,847.0,5.0,0.025,16.0,
766,630,780,69.0,442.0,965.0,15.3,1400,1100,73.0,618/630 MA,-,630,678,-,732,-,4.0,645.0,-,765.0,3.0,0.015,17.0,
767,630,850,100.0,624.0,1340.0,21.2,1300,1100,160.0,619/630 N1MA,-,630,702,-,778,-,6.0,653.0,-,827.0,5.0,0.02,17.0,
768,630,920,128.0,819.0,1760.0,27.0,1200,1000,285.0,60/630 N1MBS,-,630,725,-,825,-,7.5,658.0,-,892.0,6.0,0.025,16.0,
769,670,820,69.0,442.0,1000.0,15.6,1300,1100,83.5,618/670 MA,-,670,718,-,772,-,4.0,685.0,-,805.0,3.0,0.015,17.0,
770,670,900,103.0,676.0,1500.0,22.4,1200,1000,192.0,619/670 MA,-,670,745,-,825,-,6.0,693.0,-,877.0,5.0,0.02,17.0,
771,670,980,136.0,904.0,2040.0,30.0,1100,900,345.0,60/670 N1MAS,-,670,771,-,878,-,7.5,698.0,-,952.0,6.0,0.025,16.0,
772,710,870,74.0,475.0,1100.0,16.6,1200,1000,93.5,618/710 MA,-,710,761,-,818,-,4.0,725.0,-,855.0,3.0,0.015,17.0,
773,710,950,106.0,663.0,1500.0,22.0,1100,900,220.0,619/710 MA,-,710,790,-,870,-,6.0,733.0,-,927.0,5.0,0.02,17.0,
774,710,1030,140.0,956.0,2200.0,31.5,1000,850,382.0,60/710 MA,-,710,811,-,928,-,7.5,738.0,-,1002.0,6.0,0.025,16.0,
775,750,920,78.0,527.0,1250.0,18.3,1100,900,110.0,618/750 MA,-,750,804,-,866,-,5.0,768.0,-,902.0,4.0,0.015,17.0,
776,750,1000,112.0,761.0,1800.0,25.5,1000,850,255.0,619/750 MA,-,750,835,-,919,-,6.0,773.0,-,977.0,5.0,0.02,17.0,
777,750,1090,150.0,995.0,2360.0,33.5,950,800,485.0,60/750 MA,-,750,862,-,978,-,7.5,778.0,-,1062.0,6.0,0.025,16.0,
778,800,980,82.0,559.0,1370.0,19.3,1000,850,130.0,618/800 MA,-,800,857,-,922,-,5.0,818.0,-,962.0,4.0,0.015,17.0,
779,800,1060,115.0,832.0,2040.0,28.5,950,800,275.0,619/800 MA,-,800,884,-,975,-,6.0,823.0,-,1037.0,5.0,0.02,17.0,
780,800,1150,155.0,1010.0,2550.0,34.5,900,750,523.0,60/800 N1MAS,-,800,914,-,1032,-,7.5,828.0,-,1122.0,6.0,0.025,16.0,
781,850,1030,82.0,559.0,1430.0,19.6,950,750,140.0,618/850 MA,-,850,907,-,972,-,5.0,868.0,-,1012.0,4.0,0.015,17.0,
782,850,1120,118.0,852.0,2120.0,28.5,850,750,320.0,619/850 MA,-,850,937,-,1033,-,6.0,873.0,-,1097.0,5.0,0.02,17.0,
783,900,1090,85.0,618.0,1600.0,21.6,850,700,167.0,618/900 MA,-,900,960,-,1029,-,5.0,918.0,-,1072.0,4.0,0.015,18.0,
784,950,1150,90.0,637.0,1730.0,22.4,800,670,197.0,618/950 MA,-,950,1015,-,1084,-,5.0,968.0,-,1132.0,4.0,0.015,18.0,
785,1000,1220,100.0,637.0,1800.0,22.8,750,600,245.0,618/1000 MA,-,1000,1076,-,1145,-,6.0,1023.0,-,1197.0,5.0,0.015,17.0,
786,1060,1280,100.0,728.0,2120.0,26.5,670,560,260.0,618/1060 MA,-,1060,1132,-,1208,-,6.0,1083.0,-,1257.0,5.0,0.015,18.0,
787,1120,1360,106.0,741.0,2200.0,26.5,630,530,315.0,618/1120 MA,-,1120,1201,-,1278,-,6.0,1143.0,-,1337.0,5.0,0.015,18.0,
788,1180,1420,106.0,761.0,2360.0,27.5,560,480,337.0,618/1180 MB,-,1180,1262,-,1338,-,6.0,1203.0,-,1397.0,5.0,0.015,18.0,
789,1320,1600,122.0,956.0,3150.0,35.5,480,400,500.0,618/1320 MA,-,1320,1414,-,1506,-,6.0,1343.0,-,1577.0,5.0,0.015,18.0,
790,1500,1820,140.0,1170.0,4150.0,43.0,380,240,638.0,618/1500 TN,-,1500,1606,-,1712,-,7.5,1528.0,-,1792.0,6.0,0.015,18.0,